,Scn11a_Scn9a,Scn11a_Scn7a_Scn9a,Scn9a,Scn10a_Scn11a_Scn9a,Scn10a_Scn9a,Scn11a_Scn7a,Scn10a_Scn11a_Scn7a,Scn7a_Scn9a,Scn10a_Scn7a_Scn9a,Scn11a,Scn10a_Scn7a,Scn10a_Scn11a,Scn7a,Scn10a
Dsp,0.07324266363583133,0.08141046761388251,0.04092076087293724,0.06627885460678692,0.032686073828331864,0.04068293945142319,0.032975920400272966,0.04902167679688266,0.041106562131575805,0.0328941694424885,0.0008546835453391879,0.02504594432755286,0.007996865623091326,0.00902248577774732
Mme,0.6058172148316943,0.31803247194865425,0.21191497521752287,0.28508553213843824,0.5333283963291565,0.5271230022494298,0.20641917919912925,0.49921274041197017,0.8198191889330807,0.8130990275502341,0.606832860466373,0.49164385782408365,0.28514119306732566,0.3225960612043793
Itga2,0.08329051766249548,0.09869941410862826,0.00904070145653219,0.06789689148134946,0.024556499493647237,0.10915272524781001,0.09488918578793362,0.006299475210185206,0.00820077129186083,0.09349184893239583,0.0015805956130988334,0.07871671460146325,0.015767777393971453,0.014767497148739196
Ntrk2,1.2836676366942357,1.597727027520393,0.5306454444722164,0.7045902774333389,0.05422269721338535,1.087945039446233,0.49944727347846574,0.8434026124503641,0.26479628282175427,0.7666263628679713,0.27349629263467795,0.1728088719986155,0.3197393583352001,0.598472270495309
Kcnj1,0.23167332643689773,0.17960041026694978,0.42732035468489277,0.3420201617805966,0.5362316604110166,0.24678259106910996,0.13704535652806757,0.3765650049470987,0.4857515991630667,0.19734479016752918,0.059532496974817925,0.08758789392252049,0.04899861502351961,0.10855732819015722
Grm1,0.20914726574383477,0.2474350498822744,0.04879151720095348,0.2533199997989438,0.0931604114662332,0.1989377771852472,0.243262093229266,0.08665130661376655,0.12942413923426802,0.16122065746802788,0.08183635847069977,0.20702511789909708,0.03742288000034467,0.04600954490218497
Ryr2,0.06468738455946821,0.15533003029433934,0.06737417317355517,0.06502323160508601,0.06759320502713713,0.08654675472756346,0.08851804140980109,0.1579803164576297,0.1566515243558193,0.0022195219663541962,0.09082517758748541,0.0008615249641118438,0.08892690315632772,0.0031029501158242366
Gria2,0.00470333447502364,0.16015488742265332,0.20915854580787102,0.030292016087169974,0.18340461433402844,0.36469909920208216,0.38773272247925655,0.05389767099442647,0.02922423209952582,0.21185343255660005,0.17572673990830362,0.23610739196844327,0.15245159154898938,0.024495473830624056
Lrrk2,0.2086226435080448,0.13701246992095367,0.0746278982714933,0.16283947643835162,0.02824902389602988,0.06039365554281941,0.0169933084909358,0.0027041934022269,0.04390983121017036,0.1308516053039985,0.11514377351823568,0.08752180876745559,0.07101447417155352,0.04411362539950056
Kcnd3,0.09776396569812422,0.1412593162071054,0.07427102657812891,0.18415853116093678,0.16024183489012842,0.06960260063699132,0.16107497629158304,0.11778073552762341,0.2033852541900655,0.026150353404889203,0.13502516956539837,0.11816138602763718,0.04344506704786824,0.09208285760053975
Ltf,0.10763937416735608,0.10121000350527595,0.1338816760854521,0.13338307594163434,0.1493515098609837,0.033229318590135185,0.003956027243094832,0.12767537228059342,0.14220048628659407,0.026793392442129135,0.012425731261425961,0.003542711111161205,0.006639302948827479,0.02022625584118733
Gabrg3,0.03149216789429485,0.1392396773507928,0.05300259039472239,0.08970546212128248,0.0007734632883533865,0.0874746301406987,0.02821919787916554,0.2250533951327243,0.16988510689680983,0.08823995218069054,0.12153957741761522,0.1458019050137606,0.17796169100705214,0.05450066467310268
Kcnq3,0.39830446967774835,0.32128895842419813,0.18623052668712484,0.5775205008823632,0.36909745750781525,0.13023448727038867,0.30820565873233946,0.10735966082806507,0.2902984065408104,0.2057178149491695,0.10488185426051286,0.3845388642474822,0.07724293712786943,0.18260359348385086
Alb,0.002274396816885513,0.005840232834615549,0.00116595519013655,0.0016365200548521491,0.0017672325075265211,0.003989344378430145,0.004548793633771026,0.008867533715748898,0.009426982971089778,0.004099142712360323,0.00821397110149844,0.003539693457019442,0.007691121290800952,0.0005751348268550968
Usp53,0.008974505713777638,0.003689200545762094,0.010647070906259154,0.0006881410271314442,0.0023320334416380433,0.007349728538037147,0.012893086847784554,0.005275747917434001,0.0020261930849075683,0.0016725650321330343,0.011411672118782308,0.008496630356821874,0.005791853719852281,0.006871852860384417
Kcnh1,0.029327530796086403,0.0469026661682951,0.10252875740233629,0.03574894078107068,0.10934215671011635,0.05785683965947161,0.05228353898334593,0.12003262851063189,0.1267177377948589,0.07444132523790427,0.022457120077175853,0.06890366147657163,0.016769787969683515,0.005758601154241935
Rimbp2,0.01047466532810835,0.0764085911661966,0.08415624942351635,0.012396260261702721,0.08644553429474063,0.01012886561295149,0.007204888839852284,0.14673285198343863,0.1491271934725542,0.07625101211435226,0.0667612164477703,0.07369472057888887,0.06330322164619877,0.0030815562949429586
Ifng,3.8779210995342304,3.4918265447618975,1.8961617106198783,3.007527656767859,0.9778997624733105,1.6400025662797646,0.7338491814879855,1.515725316690102,0.5936836078394014,2.0288131976769335,1.308928563617249,1.1506113626896946,0.37968954819381057,0.913871276767926
Dlgap2,0.10030558776130234,0.10996479669304988,0.05356283491723477,0.07429053100421065,0.028555872608140836,0.058356438056296984,0.026910001515271276,0.06356150534435143,0.03378151514011427,0.04822403924380025,0.020213361241017528,0.02085113650523217,0.010636445001002701,0.026714554301420244
Epb41,0.0658143848324001,0.0443871717022891,0.07052211572106859,0.08638137763251859,0.09082322314384636,0.026369545985131592,0.003956995937118821,0.048602233476004966,0.0690675630624313,0.004950155019771237,0.0006334321315687588,0.017235611290629633,0.02166181640846657,0.02203718322823967
Kcnq5,1.7849092147354109,1.0357709622894193,2.514947069158178,1.4444521856351944,2.177408829026081,1.5068607653229218,1.8466093854556709,1.7767111137035096,1.4463408561504933,0.7440734073715219,1.089680920719225,1.0897238213181952,0.7541170982920593,0.34198060345642367
Slc39a8,0.009813807824904052,0.0125997170420273,0.047267876294678456,0.02313735639442317,0.03430624405373671,0.06294808645265278,0.07343522478823902,0.04412005357313517,0.03310266388076724,0.06000226158520178,0.013677047779545827,0.07262722772355522,0.0032740748117021335,0.012490300714014756
Ccl3,6.253299181216675,3.24881691757146,9.666701022311045,4.826589109368288,8.325404336046354,12.92384011383653,14.066687346241169,0.17937898728950782,1.1087516856966118,3.4545479478728285,10.575847551781827,4.737477476214094,9.458773878284592,1.2395874319399898
Slc34a1,4.205595816601717,3.6726099614020056,3.9484724068808457,3.8481315967796905,3.5958302033755274,0.34509656889823354,0.7175020238504697,3.4211084367887756,3.042556413385659,0.19338599992458727,0.9033674932169772,0.16992483419825266,0.5415807357684892,0.35434112320760075
Asic2,1.1896637116288875,1.6249763523249583,0.3598932028459688,1.0988030853339368,0.2704933648371002,1.2655901880398304,1.1686085914606188,0.793455230971045,0.6982121263900276,0.8357466317406205,0.3322221052835408,0.747324703582723,0.4285517754654166,0.08821669266999448
Nefl,0.06350217146090094,0.04218699544903541,0.049485311526909326,0.056783625316083705,0.04270708754172728,0.007852510651893721,0.018313998590389957,0.028315078856570287,0.019959531214829122,0.014298219494753557,0.03253548313932218,0.0046467083293900945,0.02195463065138563,0.009549198285718274
Gabrb3,0.4242790126337357,0.2674767765049742,0.11912333291477163,0.1822901054092717,0.3583520127622727,0.388298707000578,0.1423994925013633,0.27497894575291976,0.5159150515676917,0.5448620661095938,0.3990388517279325,0.3006879848154128,0.1558113729447062,0.24128999527708045
Rgs7,0.7297637092540097,0.5126839832432837,0.4035456230512693,0.5773430339794174,0.2525514201831821,0.10981667262341122,0.03820491076296827,0.18153816421188318,0.03155147099234991,0.3220484542733221,0.3640938104593115,0.1732188692262393,0.21726923952064262,0.14753279986161696
Grid1,0.48338787395625255,0.20366449768993664,0.5803960709137205,0.37946781355673775,0.4759201836774935,0.36937793181202344,0.469393145500508,0.3041499896100765,0.2050183557706348,0.09167823672896182,0.37619002042765837,0.19784998997111167,0.27497770009915556,0.10749711584282938
Bcl2,1.277142912901482,1.2594801684751364,1.0153478502266675,1.1622970536050878,0.8996889074738942,0.24447854502397537,0.13408976494410318,0.9972484381742999,0.8883654224670862,0.2631652920857372,0.12912069704127685,0.14699431012104486,0.01894272119466806,0.11599028468215566
Hnf1a,0.02936472168571624,0.028853732430137818,0.011977535624929885,0.03943457042998499,0.055104839322356824,0.015145654378366147,0.05586110151856341,0.011330285372167624,0.05606549502612227,0.017141910193928214,0.07116345917109926,0.05372858214536626,0.0016215321294018408,0.06927621273853027
Kcnj6,0.06163970656163765,0.006380411944328602,0.046468274658373235,0.0416060316141657,0.025798611450528502,0.05383344510587045,0.07748815649385131,0.022095509965699988,0.04161628871211189,0.014740597992940637,0.09351098810548372,0.009724486639131752,0.06973318603498178,0.024721533558677414
Prkcb,0.025161114258573695,0.13049631795122005,0.08726113479435992,0.00989071367565969,0.12278623179258116,0.03706471570801103,0.072691653802988,0.24370335325106263,0.2798514830069988,0.11831713734677964,0.19292583171944355,0.08364272765414585,0.1568316144328143,0.03518961349141654
Kcnh8,0.08188880815447808,0.08744170267788282,0.06468796713724213,0.04173708724272154,0.024618392095042158,0.020445504741264713,0.018391918640441096,0.0701587224061547,0.03002343110931377,0.015549755124097779,0.03396631598189082,0.023271239745203155,0.004747891351756987,0.03870599307744537
Trdn,0.017559376998074378,0.0007055401031952676,0.0014506432185465092,0.015660353299596894,0.0009165427756931779,0.0007516969654607252,0.0024660934803791587,0.01625379803943187,0.01882539338706555,0.017612127090942828,0.019959531888857775,0.01608235846759086,0.018007758097511845,0.0018330855513863558
Ano1,0.21147339889392372,0.2591182204053643,0.13010624129873816,0.20826633731189756,0.12646560840109602,0.12954191089316697,0.1266583062504249,0.17813647236434899,0.17466788798390842,0.08130521883581182,0.04503651204653679,0.07804310006561971,0.048491328666057765,0.003840216012982061
Grid2,0.9575156886166935,2.1752207438090707,1.1231507479252199,0.5456434655838942,0.3780287402883994,1.0705472342919098,0.37831155649345233,2.3427411654039463,0.864281158674181,0.15479381098849654,0.22050105513385787,1.632593968596275,1.2243983245968961,1.4758204520804743
Adcy8,0.5973170913256642,0.6651669497781737,0.5274188332113067,1.1539343635471757,1.0836835015194544,0.13373522870397098,0.7034153981485572,0.598072666310949,1.1523057127422802,0.0660700723684799,0.6397295515702575,0.6371438346102065,0.06979753506506367,0.571208085932367
Fgf14,4.516631679168831,3.1014791480779884,2.129957158195205,2.200573730859432,0.18990742605156602,0.9646356695662732,1.3416275494146084,0.7327689503334445,1.5604488379065367,2.394458910344794,3.7198331679757257,0.06060784241403259,1.4107470054438125,2.336759606109711
Celf4,0.09111944712332802,0.033588024099668365,0.06025448569788631,0.11000728872724479,0.07899044074639698,0.0263626939478082,0.008017296370898203,0.002712211216376548,0.020374130396777417,0.0308975108846298,0.039001598168799424,0.05000232522138975,0.057130017916490604,0.01887698996405326
Slc1a2,0.29519893150419435,0.16614798256110355,0.07935015989517281,0.002291588018184653,0.21717505624770903,0.08002507973692083,0.21193265126841745,0.048813965969082725,0.34065397968341177,0.21124203684119605,0.42200536249225806,0.08587961304946849,0.13069115689108166,0.29645457734165326
Hoxd1,0.47359961408890766,0.11750771088536303,0.7108557018230491,0.2801898366316985,0.5198130494555299,0.6029881916589895,0.7947807416492338,0.3632927053902772,0.16311580522015567,0.24153860463018126,0.543330852672644,0.4263923460966701,0.3541222966124006,0.18174574080826691
Grm3,0.7042690173687804,0.5815270837124621,0.5063035393308966,0.538131769503937,0.3405860641721695,0.08347907844193744,0.07724776530739941,0.38614553501879695,0.22355303931903356,0.20189269256192566,0.27678039373809676,0.03915093356310498,0.11633339950285841,0.16244325431114492
Grik3,0.049224719353719755,0.01662510922356929,0.11292200057633259,0.05714275694687911,0.12039707307774415,0.1318173157654085,0.12325559532163613,0.04746669134009215,0.05503866184568742,0.06618205123488823,0.057654934898758135,0.057654934898758135,0.06557989331344596,0.007973407881264341
Rapgef4,0.00648944458667821,0.04213222747314092,0.011885024731079205,0.01952978699467239,0.0009709585916085892,0.05257925261728457,0.06593300437742741,0.023751613326805244,0.03688413558675607,0.01898900001451664,0.04681495224024779,0.03226901053248363,0.03338131111011401,0.013212411217537159
Grin2a,0.6611885632060985,0.5077933351565953,0.3189435510766653,0.0035037970945348473,0.9834153999921812,0.8182468542461525,0.13804470894395515,0.47478901798842676,1.1394691430034156,0.9739330947252575,0.8365744603909757,0.29458848410672817,0.1574503554024907,0.6785115391067708
Scn11a,0.0,0.0,0.01623818043980278,0.0,0.013885614326340879,0.0,0.0,0.0034358414357828367,0.0011489278536865337,0.0,0.01516037695115267,0.0,0.011987147403192101,0.002494814843534753
Hcn1,0.6185268662193607,0.36255590885782774,0.949341036935159,0.6717736457534854,1.0090118366776126,0.5871768099118112,0.5215911325335663,0.69216879051103,0.7544249532347662,0.33806081040110675,0.17889503487633196,0.27957815603552794,0.24963828576896346,0.0646586532243564
Pmp22,0.03307020464925099,0.049327617637663274,0.008961773020486313,0.04102220119154169,0.016976880380898614,0.03886380113173908,0.04517490835577431,0.02524443101379727,0.0316060274005673,0.022858831839344423,0.022619009375182318,0.030873938776225452,0.016143813431087173,0.008179195656940943
Kcnn4,0.1551432047806488,0.15589584620597124,0.012107364013707751,0.15478583055604128,0.009372919211215625,0.14441660005962295,0.14405922583501543,0.012773377764192314,0.007737667231645562,0.1444924005469263,0.0027940071248097535,0.14513134269480255,2.1658969610472707e-05,0.0018518419518414723
Scn9a,0.0,0.0,0.0,0.0,0.0,0.03771583514676472,0.011574789891792628,0.0,0.0,0.044313313636956383,0.03326164987798322,0.02025969169246303,0.006993631363906959,0.02418567369768836
Cd36,0.1687172770805847,0.025373228485190445,0.10199299847090632,0.10004265521139878,0.033218362548321674,0.08075800257156221,0.14901379959853428,0.0412572816531831,0.10984438482820244,0.06042316251811736,0.2100495644495158,0.007901394642508806,0.14156248623501058,0.06866212063689164
Cftr,0.21957939687588945,0.2991850086709762,0.12386879269338413,0.29742810090906785,0.20122038939784653,0.1767394552173831,0.25545299932419946,0.2028206766816274,0.28679132569692734,0.09714064347106662,0.15754285356003575,0.16986163545925645,0.07950347396577565,0.07200597234390917
Mc1r,0.2622768233172221,0.13484416074956548,0.5691014129811474,0.2605248273061793,0.5731959490693526,0.4293950130848027,0.563372993922505,0.4524858166064652,0.44971022356295975,0.30917700067701515,0.20801434392834928,0.40306592960860155,0.11226514517568047,0.05566012570964525
Mgll,0.07146729608165371,0.11160624060864177,0.2921396459020724,0.022302077703074862,0.3417521929898622,0.3991368862344848,0.3448674423068872,0.25121788873127066,0.3035382936376156,0.35810331323607464,0.013227879949072579,0.3072526600818675,0.04187231231797229,0.05203285613132032
Ccr2,0.14662578255168707,0.13018301519518494,0.10403799875965938,0.0023961027879996033,0.04177074820612869,0.02352894285592816,0.12477017763594316,0.08884434906073553,0.05641447335123437,0.04051377719487317,0.1610809555076725,0.1085709528150941,0.015484323322655246,0.14637438244465872
Iapp,0.060450319889566693,0.017499823174047403,0.34086093258839767,0.10755116182014156,0.39071277228902335,0.32927654259994377,0.28378177120570025,0.2994290474606832,0.34917752774993593,0.28522088047927285,0.005772317921665654,0.23967840342790925,0.0422110675673201,0.048889782729672794
Cxcl12,0.16845389076606407,0.1255026092962786,0.12207021881716197,0.1627371017295305,0.11616789594884047,0.004626770819717055,0.000660967276635054,0.07904936532184809,0.07383120271396462,0.04721857321921168,0.04695186651213652,0.04280052878708165,0.042707760898451665,0.004603579042106766
Gpr39,0.08962420783106395,0.09364974362970842,0.045979359018031886,0.1091457952379881,0.06802251615671126,0.0484036570727992,0.06793272428985991,0.05082047230461707,0.07287859308065339,0.04425840614967333,0.026420360509173412,0.06378747537527596,0.004766290078445613,0.021616658324522527
Dpp6,0.036668360869517386,0.07086061175732922,0.11766157415226434,0.18651933075622434,0.2682562172348409,0.19089688475000793,0.039575463239333246,0.010724164247767697,0.16102303064798212,0.08042700603958174,0.042465662334445174,0.06994791715699682,0.10948112929868056,0.15108479267868444
Nlgn1,3.3051628317609527,3.3689212275469345,2.258614584391421,2.4408816015023778,1.3900916473519156,1.1072017563446679,0.2546402265598929,2.321979550226478,1.4622024968000116,1.0346972935284204,0.7875786405944215,0.17216530418848278,0.0700118502201722,0.86681752366715
Foxp1,1.0978750141506832,0.7389895470071495,0.644197755465211,0.8423869734340552,0.3934521918994463,0.07995894058739586,0.18184280556280202,0.2856438393480681,0.025557454700944695,0.4433274228358185,0.6188709523694708,0.19157280459810086,0.36243152381209653,0.2461760869085217
Gria4,0.1429947223522287,0.2566517864855724,0.4243571785005087,0.14920751593567808,0.42926517639886597,0.16863881182891718,0.16239591010166282,0.5381045670652672,0.5436750114833606,0.2833898893822082,0.12004048737069453,0.27707672689990553,0.11431949381407304,0.0055704407135118185
Cntnap2,0.21137673389097297,0.26595438136120936,0.027841033521666572,0.004494516797182593,0.18835674641214933,0.244288518375155,0.024287676025066582,0.0809109065581756,0.13510440500759405,0.1898453117836077,0.1668637359844095,0.03152884285330721,0.053732526069349584,0.22175829592383764
Atp1a2,0.024847937516326142,0.0034934016313953884,0.0018452326103429273,0.003959188425412898,0.019016644722148195,0.0055446554144541445,0.026505064000579247,0.025815340776826637,0.046596601902309784,0.022277153031675278,0.048038748548399186,0.00114655231412003,0.027015638561442668,0.021130601108285598
Dlg2,1.9285408237210682,1.5401744894708036,0.10814029959539391,1.467399268427404,0.3553480111756405,1.4212526006395714,0.9698237706945494,0.28503590557925557,0.7447832151606297,1.8092239538313455,0.8449535614625728,1.3531943859204298,0.3924326470946769,0.45758635542377557
Cav1,0.34467513837797714,0.3144497255470237,0.19560716686758675,0.3241112940699202,0.1759144594246275,0.11270510012196926,0.09248443939757638,0.16515738640339495,0.1455042768959045,0.1441579958068085,0.05074963263071836,0.12404292662446313,0.03141329774937044,0.019243943832137702
Dcdc2a,0.10668494273246654,0.05619474050846186,0.017914262665451056,0.06735362617962809,0.06038140774585914,0.08270751841165908,0.05672849974652933,0.06928849474248752,0.10501694371429034,0.1314379801043667,0.07786199089045885,0.10081360006870259,0.04928924113992216,0.03319309315066849
Casr,0.01773074377755712,0.010000696440506872,0.007352971341968242,0.018853773348773112,0.006443071929761828,0.016591320018813794,0.01719791948025514,0.014837099264776669,0.013853424248342102,0.024182011920905043,0.0071070525878595995,0.024780416048937874,0.007582495468460761,0.0004098646121855084
Igsf11,0.23657611681830934,0.28200485625353944,0.09551909110779414,0.19567934326068862,0.054547236711855025,0.18851284701299,0.14853065168811883,0.14019022036354295,0.09978486170230502,0.14435361132786273,0.0026208883026875387,0.10288351275723844,0.04276689011979773,0.041367718940433125
Cacna1e,0.3512163830866853,0.22591427176661535,0.13613362619651204,0.16206598683874177,0.37874130001069106,0.07751473174629504,0.43340707212504265,0.012593461559320198,0.5026654846933738,0.20549366315193712,0.6384828492787359,0.3053942633971469,0.12601367152140558,0.5122658531864711
Hoxb8,0.028316316592764294,0.024372333857316537,0.005117661346580296,0.022368621436459513,0.011044209370658878,0.029019466189956197,0.024293031047086747,0.009246683617770375,0.013084929627705596,0.03419528250495239,0.010134872750704604,0.02713735084378136,0.005429584740061356,0.007015636687130939
Kcne2,0.012206873670672566,0.021627967564905388,0.04801124275628754,0.009989835689969532,0.07062398060747525,0.07180358933603391,0.04757415749301745,0.038542756033093276,0.0612081510124446,0.06261947089552176,0.014560831069430227,0.03842690045583402,0.009315771863027572,0.023902933616960883
Kcnab1,0.341774831188056,0.3730317012062492,0.28158935309348404,0.2439025609545558,0.18400661788561612,0.08842644175003789,0.004367035611057443,0.3127135334728639,0.21631303339726968,0.057326390807417256,0.06153660106868186,0.03652868441947169,0.03107592150586144,0.09374650490512469
Slc6a11,0.3314794197973765,0.4111518623089736,0.13061789721657388,0.31353127747153453,0.11697560160574426,0.28371007263690684,0.2612997472594984,0.20930979965961763,0.1955040762535889,0.204044725398618,0.06070112172074873,0.18204651714586145,0.07897611391499443,0.018125783555636002
Nalcn,0.1523227861455956,0.55287181465622,0.32074017176987873,0.13512822851953807,0.6068525499115245,0.881073001153907,0.612321177500416,0.0766958010182515,0.1970369243261274,0.4776391704404832,0.13365470257125567,0.1970991809837248,0.4006320722065807,0.2787136548905947
Pias3,0.008205674573255106,0.009916759829793134,0.00042508086776035846,0.0043960893513824255,0.0041700970918660644,0.010444075402912468,0.0065591589464044815,0.0012752425852262058,0.002485915937972135,0.008711467297576025,0.0021307851412757425,0.004837312626564635,0.0017110849857149872,0.0038149662951696725
Ephb1,0.7816070988644234,0.9155819516299217,0.9369155452673462,0.6759476230982694,0.8309790687621145,0.020768381233934353,0.12283711006679587,1.0721981285995175,0.9668490468686811,0.1522054171140643,0.029922427521579673,0.25447363259007216,0.13236795842571802,0.10262284261363899
Phox2b,0.023254273402217234,0.0497211475696932,0.1326062048579601,0.00611876555592704,0.1611044243842639,0.18800624094505738,0.15841078791931348,0.10610473218597592,0.13553213874427517,0.1639315141190768,0.00542187859875924,0.13503789145213416,0.02361013198325134,0.028587188815122615
Jun,0.0034573238009765537,0.0013775797539649565,0.04749306663844764,0.0021332424293095107,0.045995115883333014,0.048756961073457325,0.05034184598176481,0.042765158052998804,0.0412939561300125,0.04434335620204999,0.006065363206362995,0.04588811875971655,0.0044069176633752555,0.001618321846019462
Pid1,0.9645786080586185,0.736281282156044,0.4043756330894567,0.4196315665265298,0.14289112846324745,0.3357323483669301,0.19536412510952006,0.17621376871162625,0.35901417474110575,0.5557159557753703,0.7529934021274859,0.012411328060555858,0.2189676530747543,0.5456920586124988
Kcnd2,1.6372604537702031,2.000650589915776,0.22691582112380274,1.5968947995522378,0.2676128586336252,2.2432751466993106,2.1950883463825006,0.13388928347996049,0.08779027296350336,1.8733232321663975,0.31848415552090337,1.8298754631286533,0.366637900910363,0.04377914398941809
Nrcam,0.49109138754781373,0.9102140344614826,0.05691486252935804,0.6624715867316069,0.23237632768304506,0.8544923365088842,1.0295077428144128,0.47933818926613597,0.6616575500999585,0.43602759403084695,0.6011074579988752,0.6031703875653995,0.4211521259953296,0.17221651368869423
Scn10a,0.1408439105388884,0.15345516527654116,0.19262662299717195,0.0,0.0,0.03679895301614796,0.0,0.20810673995854748,0.0,0.05174063888372912,0.0,0.0,0.01705337822235195,0.0
Myc,0.06594960194901553,0.05272183990575833,0.06927804234987738,0.0685383884144163,0.0719012367198498,0.016840026388589877,0.014363046277575411,0.05628249874319435,0.058845484763359795,0.003311241066002065,0.010630373890302655,0.0007740563568393025,0.013193360487646362,0.0027177979264293964
Zfhx2,0.02367225756378563,0.02627640251305672,0.020696093409182888,0.021133380870704772,0.01808542251028857,0.005110388171253672,0.0026563575832327397,0.023221916889023596,0.020996320379691614,0.0025976174666552205,6.526677137736321e-05,3.2633385688681605e-05,0.002440977374780782,0.002728151132049357
Cacnb2,0.7517754430885646,0.7042222876406456,1.1838950649553088,0.6277339358541311,1.0587912417385115,0.4857046966383406,0.606739238824589,1.1366300090218016,1.0196647478661014,0.43953799555903217,0.1667511047666317,0.5629853145373348,0.04578858292769463,0.12362737739873356
Ucn3,8.067982612468963,6.874045677717657,6.841755325606362,5.940287516993517,4.694590938694755,0.09451999276652605,2.371027197978668,5.696163597717066,3.371536979193274,1.2385510947621996,3.582895631109921,1.06888995310479,1.102853823028903,2.325734462744599
Snap25,0.42113327357883173,0.4589820231527654,0.11166512441139712,0.3142274626639567,0.21644522994962945,0.5707600141390933,0.46107949452741337,0.07456882456162497,0.18187907919154683,0.5334661987300063,0.07080652165679875,0.42602426369409063,0.03655076313231414,0.10499643997828638
Nrg1,1.1394059939691894,0.7720020055178258,1.6367222243133601,1.2041671282762412,1.6975012679125034,0.8591370646218164,0.7975575151180938,1.2747167175077168,1.3349004526396842,0.4929030648820969,0.30334075272074723,0.4281419305750449,0.36034285139273387,0.06012214318486741
Pclo,0.014015200247714273,0.027245100431725365,0.0016186794652374556,0.046164418950744204,0.031075440999056878,0.028439076345835885,0.06066041472781383,0.011667313234763157,0.04444156682504448,0.015193150074388493,0.046268591342325915,0.047775086044464884,0.013398178807501855,0.03320696843740283
Snca,0.027918398022260545,0.07175845784486543,0.6073595162013807,0.04631650573022978,0.5877581903709062,0.6643877864428959,0.6813023473270086,0.5609378583990351,0.5414416877763617,0.6198585147418759,0.0644576259945806,0.6366329418482451,0.046620220372829854,0.018106074277173576
Akap6,0.2071011919053455,0.016071761490191308,0.5063885045315614,0.15069246111327111,0.562629827578151,0.5186392871632672,0.46182679778279734,0.6963051271339928,0.752635047876527,0.7137556217009239,0.25007740567758835,0.6571105268483204,0.19341261657361133,0.05679280173790534
Lrrc7,1.066187411222472,0.5666635726965794,2.0052872414319403,1.0056168876652762,1.9442653412426143,1.4192897421676505,1.4828957690054818,1.501591505479879,1.4351055531313364,0.9259770268281158,0.5628341187351154,0.9840101466897011,0.49751571787296855,0.05948083930615815
Ptn,2.233110918452947,1.997801554388687,0.7216971105077868,1.9886746541805458,0.4755350285886775,1.2937042388111042,1.045005449223069,0.4887937407644006,0.23946735818857642,1.519860597291008,0.4744628325254561,1.2762351901348878,0.22335814733435588,0.2454821465551433
Slc6a4,0.19187229818221208,0.14426962295178827,0.3408305289408382,0.24218037618658422,0.39071445540215843,0.19442294649539155,0.14452754961743738,0.2931476146456988,0.34289971209331177,0.14700942312805262,0.002865904136550733,0.09698219569777058,0.04762559606162361,0.05066918610662518
Kdr,0.09601354767930757,0.06449260278563228,0.05646926787495947,0.08568091228281642,0.046639945719212164,0.009099032966174182,0.0009375358999262546,0.02671483876864205,0.016934859412030982,0.04049168221102153,0.039258083092124016,0.03041563943675404,0.029744560414033398,0.009651685694634805
Syt1,0.05704158733215952,0.09765963888652422,0.24659793145783435,0.11217307691675621,0.3020232778098604,0.15220340945830566,0.0952108032755113,0.28537119346378975,0.344502448701401,0.19474787759308665,0.0977575874903629,0.14212236418529475,0.04073232994697009,0.05268265671256209
Creb1,0.08446100841839198,0.11122008962468019,0.016161636190213543,0.03324709888466194,0.03619909174575722,0.09391163948602452,0.043122472691979205,0.04314371018526733,0.010544352618993919,0.06794895447968409,0.025718451161247817,0.01838094087742683,0.026143198354731164,0.050555549023317596
Tacr1,0.6580916027296034,0.9102469255970207,0.9584290995579771,0.21932502315563435,0.5194440567713459,0.060620982512836,0.5064663449259069,1.2167164453261257,0.7795374823931845,0.3098049789163939,0.1898156301465314,0.7553153174851093,0.25573841279428483,0.4453501126634825
Cacna2d1,0.2572097474436017,0.45808626231673966,0.8220690979760352,0.6806752674777826,1.2430531713913964,0.3692558534317163,0.07181830331006127,1.0180543137553206,1.4465065350321833,0.5707050013643318,0.636820802099796,0.13795795208084066,0.19736911236491708,0.43136317271299596
Kctd8,0.7164568259474984,0.5281345651868526,0.41702018973392896,0.6222902869810351,0.3228319800626607,0.10466682445800105,0.014054547236527909,0.23028001768489498,0.13447720233673466,0.2932058177188664,0.27818683758114,0.20441401350670313,0.18756373155210807,0.08870510684884628
Kctd16,0.6889718244900921,0.6460007043971446,0.7197327049639702,0.2701490096905351,0.3012011362068778,0.07500903049167597,0.49849189849313896,0.6724375862407257,0.25274100324345944,0.0408875404022882,0.461525106270375,0.4642135804311407,0.03833346927621878,0.42227304523214476
Plcb1,0.44621083008445395,0.058230807126355824,0.0824226077767013,0.10270491599344718,0.26768240950696953,0.02582320252326528,0.34005204026270364,0.312700314066763,0.6517676238836912,0.35949660450403925,0.7154364865691575,0.032539881330309176,0.39262438609846795,0.33515782971233976
Gabra2,0.06000312148055823,0.024707167483181094,0.3265345218898155,0.003304302146718721,0.2623916242266579,0.34326253935120765,0.40318116981814933,0.24039737612943027,0.18056322407678904,0.2605047978983081,0.14476034604651572,0.32378405969177976,0.0841658315682479,0.06397391878575351
Slc4a4,0.01524160978409971,0.032337150613825257,0.009163013231639502,0.004971160170399284,0.01908072303400237,0.024076493054700162,0.034535616811081436,0.055215971168703304,0.06518290067166319,0.02421594818492118,0.05688122738351111,0.013387678738473876,0.04662718502481354,0.0106477985871993
Neto1,0.060603944678868,0.03101874408764795,0.22374583900707026,0.03668519683397903,0.1976937054698763,0.2528343686956374,0.2782769732029934,0.13115239884689062,0.10340710554877838,0.16197925093946175,0.11942442855091091,0.18642852727666076,0.09182586914983937,0.02653750696150101
Gria1,2.4978215652416758,2.2275338506417004,0.9739510648459364,1.876311669025378,0.35826998556086853,1.2707341885228285,0.6404983438443081,0.7060478043001609,0.08669275375134704,1.5361115197384383,0.8891129589100559,0.9103622253071115,0.2641232154230454,0.6203442513681969
Kcnmb2,0.23877943517838082,0.1202627582874688,0.21819379888437201,0.1947363040885225,0.17451828193361393,0.09911425464094975,0.1493491463188766,0.09912574125778842,0.049327375710854875,0.018598281979868743,0.16953270091413042,0.024663688240884375,0.11912549841991565,0.04345725812528777
Casq2,0.03450497738898052,0.04560110314490566,0.017774506832640237,0.027058665893683907,0.01010385816986296,0.028585894369497725,0.021199982767703667,0.028775718304763585,0.0211050696419863,0.016980694385108703,0.003900037394546279,0.009612039399422047,0.011501659129660176,0.007592993311251751
Smad7,0.032568791779661856,0.0412151438042239,0.09877093956429793,0.012376659787730714,0.11895441722363204,0.05583344998289462,0.03803009965260696,0.17207884329326978,0.19063518445054572,0.13093294721844523,0.09254799088797519,0.11087929471255127,0.07463212552151066,0.020096927073017593
Lrrtm3,1.9236017967791885,1.9382606493004928,2.0102895112658388,2.07472632987431,2.1594562221926887,0.07002338299526165,0.08114881891801197,2.0212477718702786,2.1743061345094605,0.08530295154138792,0.16210664212769957,0.06013941517117316,0.01193716047332521,0.1441531536922646
Slc1a7,0.6438227390023685,0.5355718401222385,0.6831928803158337,0.7203937708335446,0.7588366472901514,0.1376338911902668,0.0533555679598867,0.5731725373954504,0.6544138729747166,0.039463726420010475,0.015610246964021685,0.04949341597650447,0.09947172894910561,0.08849776425175897
P2rx1,0.04111462871963467,0.009623444443292252,0.10469761535993265,0.07567713007310518,0.14055688711200376,0.09959923348957438,0.06915229380227213,0.0757999803084927,0.10957076141679625,0.06594447984282557,0.0011124974639031475,0.03349777488532555,0.031409284241558,0.0346785251508073
Tbx5,0.25542665519844454,0.39149438027459293,0.10226268046412254,0.28768190333809845,0.13233851544376815,0.2941474649716059,0.3236421412553608,0.2377734423228829,0.26857574293891595,0.15444740155674166,0.1663372823295653,0.18386941421346942,0.1387314418892291,0.027363682519732688
Piezo2,0.30416120732649266,0.3669715110846241,0.6963048852287232,0.20391884179046432,0.6017288592730762,0.33359171349401967,0.4376116339490357,0.7663612220903874,0.6685571173675615,0.39399813830888586,0.030701153204215268,0.4943435054167289,0.0671029673627903,0.09426696362500427
Gna14,0.13297169808984885,0.24564159645909192,0.3059382039637134,0.09950740181710227,0.3420589921901346,0.5418116995952696,0.5087163613980407,0.18879472374786382,0.22029432832731413,0.4315400008616552,0.0793993074074129,0.39526243098710545,0.11482829537345578,0.03874959207554439
Dcn,0.2429255152534672,0.17413478712274014,0.09179465743966816,0.09404994811816504,0.05639989773499028,0.07477828806415097,0.06726065840444921,0.020757497047565247,0.1252613715292848,0.14356900432430234,0.21258966550646627,0.001388550087820003,0.0706745469483495,0.14468338429519867
Kcnb2,0.5795254343062225,0.35785915499787996,0.0833732578560161,0.6789997717904117,0.1808829318531162,0.2914902487711831,0.38423508387408,0.13915114027221442,0.04755798407450556,0.5076916405977261,0.1280633140195949,0.6078434273469572,0.2169014404141393,0.0966515551772121
Abcc9,0.03432765612689137,0.0492515913136727,0.05097058019124561,0.014806731896227504,0.031827311687648296,0.10182395709193738,0.12338943246856253,0.03184033505231784,0.052689569068818505,0.017053135581292622,0.10513170557005778,0.03755727053453256,0.0838006324048702,0.020250191577259942
Gabbr2,0.1390882460329447,0.009423529620652838,0.09455648792586417,0.06826206695690684,0.1651322488162458,0.10665301174412481,0.03719871616839132,0.22474383320009406,0.29604363817465656,0.23726498360685921,0.2002459172051951,0.1676636995998877,0.13122714482861822,0.06913310166436173
Grik2,0.2633781548532288,0.2268384749288773,0.12510822262493715,0.14639557061823893,0.008702374874533632,0.09167874707728935,0.025211140812122893,0.09139038263622194,0.026745642084738723,0.1347580834275058,0.15586005255229154,0.01530382126166553,0.03942330360106703,0.11901141591028608
Slc18a2,0.16219699386738176,0.2235537349705034,0.18639546724908934,0.17064309153169663,0.1944882086716429,0.03506099535316846,0.04512564359676343,0.24816254371822555,0.25631227956349506,0.025440876834448223,0.0703841497523676,0.01583215949504058,0.060741238054099804,0.009038806768866007
Kcnj16,0.002398300083931101,0.03629102637870551,0.0007669690545772416,0.03291879872676229,0.025614332162781566,0.03464752189200433,0.06518019761962209,0.03216400378312502,0.0584600853742336,0.002020902612112464,0.058350518735249844,0.03263879473069679,0.031932695707945255,0.026417823027304586
Nos1,0.21074569312565858,0.30613988819980487,0.1381297201551814,0.23675017583604008,0.16451180410050315,0.1681267784370496,0.19703545318147897,0.23241887412912063,0.2579957829162571,0.07116110069299188,0.12475821379948275,0.10056954703875862,0.09572736868865628,0.02970274933259816
Calca,0.3121273740545282,0.242823492446436,0.28527505398002473,0.2760028840568311,0.24866095772766084,0.04184144420399405,0.09504900207468502,0.21661892255890897,0.17078539798629588,0.025436283351709155,0.12190134236831937,0.01676670620854699,0.06702163305472045,0.04347593347178046
Npas4,0.04949270767775794,0.01226533088352543,0.018922653502876963,0.011938877299069572,0.01759352098481301,0.010085086351534791,0.04387887127689117,0.019155835305282223,0.05574196495963478,0.03016198758552427,0.07407583644574674,0.0034685703911189235,0.04118562865743197,0.0326920035692408
Cacng3,0.042341593176046355,0.026569233635448858,0.0305456280739295,0.03700643160634249,0.02519714486168792,0.005408427742944579,0.011116583503247988,0.015292795428002555,0.009997598428322239,0.010510466289671883,0.021886814313023913,0.0048156318143166,0.01602546395461187,0.005914635140614954
Kcnip1,0.3024716002266668,0.24440208355746662,0.28059899446007874,0.26665763600116904,0.24516795948918957,0.048028878674460915,0.08751640873372793,0.22233478128875148,0.18228257475017218,0.00772356319861526,0.09385751700545455,0.02655218192928989,0.05592119103734035,0.03343848396323677
Slc8a3,0.44714546590074533,0.5485292251145286,0.5770496926778861,0.503805709812147,0.6359046597701891,0.028710833836250026,0.027926995809015046,0.6790940631182428,0.7368180782187438,0.1342377041659537,0.16454980633668267,0.07500201579981262,0.1057060322875146,0.06153121280962065
Slc8a1,0.19234215163644183,0.3637574323388956,0.3105297252486261,0.01979246447633001,0.14090562845347449,0.04988417506572633,0.09842496971370106,0.47815369673152386,0.32596367978081275,0.11496346887357807,0.017523644048288992,0.28267698577851164,0.16054882509995433,0.16242956068989656
Gnb3,0.009031093928751201,0.09081952800462822,0.40056495728367714,0.010876546422631196,0.39890114645925456,0.496659301358601,0.4994565295510679,0.32146479401532846,0.31613913272566235,0.4120736078849057,0.08292912424112242,0.40893489563184954,0.08188288097243364,0.004308478199463709
Alox12,0.06058798735210438,0.0715059008253967,0.028220716533398704,0.06377640289709068,0.02353470872505351,0.09813240850564023,0.10008893848599337,0.017463833591532314,0.013027423485129032,0.08723059689676224,0.014549168328977041,0.08944477615966169,0.010813244870626815,0.0039694188636129725
Naaa,0.10241831742653197,0.10063405057208297,0.037802855182553385,0.05159794840886792,0.013114710210702568,0.06515004836662808,0.017190059649223835,0.03697667806946848,0.012718977916844064,0.06669826501669421,0.04875145237329141,0.018689676713749236,0.0006664966449932364,0.048119668943220166
Aqp1,0.008640124935209492,0.007930643518206599,0.005539787845206142,0.008601249652118916,0.005462036626798913,0.001691093076770205,0.0015744659230463238,0.004762273704455624,0.004655365371504386,0.0023908558034456714,0.000962173692108984,0.002264509763726538,0.0007969519127410212,0.0001749406653632146
Ntrk3,0.6403132975740891,0.7543345128195948,0.36889007535137214,0.4819725597032576,0.20843714753863907,0.3946242770032101,0.24873994140640082,0.4839764112439693,0.334093398241877,0.2824715281563085,0.03387600241415636,0.12335450338988345,0.11393095848410074,0.16030850185073306
Mef2c,0.383165673458066,0.6075483853649369,0.19224950563265597,0.3046158754552206,0.1142997012544851,0.4109822670881092,0.3250324917903703,0.4185489255898853,0.3390824508540699,0.18453285921044388,0.14341628806181156,0.10139973346665593,0.22874940441038305,0.08206645270179581
Kcnma1,0.5980481695627066,0.5377122147220522,0.7020481249067554,0.5643897206059811,0.6691882055513436,0.16888499976149662,0.20042615986221607,0.6415911930344835,0.612348791396828,0.10649228517696442,0.09393388686414746,0.14446993081372275,0.0625378992013689,0.03773567736481172
Slc1a3,0.5009342321222785,0.16051536715554157,0.30241547919607814,0.06645247271339777,0.7363216603519137,0.4455489475887006,0.019914363894750868,0.639232989964909,1.0704422800869948,0.786263819183514,0.7628796266382237,0.35765276041561767,0.3377877332579959,0.4281341622659281
Atp1b1,0.021946207258333447,0.02276724843744307,0.013151451743133183,0.010237125341999352,0.022944770908211492,0.03642907753222977,0.024875327033235105,0.012263839389291091,0.022064555737641933,0.03614060128348228,0.009408687476005815,0.024557266022506463,0.0002736803731809963,0.009741542356890913
Nrxn1,0.15495141078944732,0.15091246320913285,0.2147456055985904,0.18337215996872,0.24270224104324112,0.06311225760275556,0.03604439672918525,0.20880074820177258,0.23680675568544712,0.05918193844897243,0.02121188143089447,0.03214370245559623,0.005559724842005334,0.026732104499731187
Slc6a13,0.0034630897949675266,0.009831886040839212,0.005053004367785319,0.0012061421256702389,0.00995067270541036,0.004660094395279513,0.010608568031250308,0.01888708886486086,0.022770501269729276,0.008799354812084789,0.02040390409329716,0.0020467865483078133,0.014053383143423272,0.007145478236282781
Dlgap1,0.7551568948351186,0.26246202482397174,0.625499682127117,0.5815531930476975,0.4530994220244939,0.35462656753443644,0.5264448871789229,0.13568781366136953,0.0342129025660428,0.13726157786494458,0.6594216100265403,0.037876207543646144,0.4889918888886891,0.17348467113408253
Ctnna3,0.03522482214243645,0.29720540098621173,0.0664343414074724,0.03297075874562252,0.06821173780490283,0.36276720924448896,0.36144223904939204,0.1914259037558488,0.1906180036958134,0.09869414159412272,0.2580622337327905,0.09663397204300364,0.2592660107862058,0.0018824275257910206
Grm8,0.12785259049921935,0.23590209136018464,0.58834926533138,0.16509556689456778,0.6269682880718042,0.8205121024465868,0.7971492287949347,0.22303905434846436,0.25851710713660164,0.4540950680315639,0.34308407246863415,0.4298048813293244,0.3680323919678038,0.02614486800958178
Ppfia2,0.9933292024259373,0.8902372447200737,0.5735166908960274,0.7703884774163822,0.35268041164315667,0.3273217155976178,0.1130355505184377,0.4699248536749629,0.24974623165034165,0.4277042217343986,0.3136427630121376,0.2115766693764713,0.10114538234284236,0.21402310660124296
Lrrtm4,1.3822670022740506,1.4381257475372378,0.5995837801409946,1.1885248434744653,0.7929481191393887,2.0618288739379826,1.8820986157225545,0.5439139976055565,0.7262262357710723,2.00124709061056,0.11955779816213279,1.8117871272800001,0.06061331585529353,0.18977478675130918
Dgki,0.19394322887525345,0.2672147923488496,0.055191722942697426,0.0838036310702914,0.05736316079852999,0.2019554914132622,0.09698322550882209,0.126616985828259,0.01622193043020188,0.12808009768885137,0.03588100600191076,0.01849787805725739,0.07207553742115771,0.11226458358334801
Kcnh7,0.7431076639283115,0.7747991897964998,0.4486941798271989,0.6503640490281628,0.351315427775693,0.32928494567748295,0.23376563778658918,0.4747938999633781,0.38090499098015634,0.2964750270143187,0.07394696151081252,0.2005380076770399,0.027676212479484943,0.10255290059182835
Ghrl,0.4813279176698204,0.5052311188378376,0.08099511411471827,0.4755943044451614,0.08916356447637835,0.5826568829643017,0.5848560982578226,0.056175578707206804,0.06385532340913556,0.5640509799647875,0.019731703605431195,0.5663810780619993,0.01948734843293436,6.10888680884064e-05
Gja5,0.04214055264655838,0.041291543497280425,0.006266503853665091,0.03928356702280655,0.003369088072946784,0.0351732788195563,0.03232303084686577,0.005430970006509746,0.002540292419482357,0.035954907840690456,0.003672305975093662,0.03314508848751581,0.0007277230194154685,0.0029041538839709564
Tbx18,0.1798193688190238,0.37670266500535105,0.41755796897851455,0.13507476169927882,0.10150754365560694,0.0437635223033262,0.353717192620441,0.6159304177971964,0.3035065100313082,0.2384919355054414,0.11505006182317204,0.551493968629094,0.19581460637581533,0.3141057737496169
Pex5l,0.2130547762048986,0.1126206325024928,0.17393951685619197,0.14161569981366473,0.09972820675347327,0.05923198126584529,0.13154188670463227,0.07415977872838674,0.000365852147973403,0.042057541062659104,0.17496492273665418,0.030164769339005176,0.10018166002467986,0.07468536969922684
Smad3,0.017396859701496497,0.05618515227181631,0.0902378298845366,0.0606243507501188,0.13372644767833952,0.0344761307409106,0.006747017316503448,0.12864501724441788,0.17245828069987817,0.07368081825578535,0.08054075466985107,0.03297992842497384,0.039070592682346125,0.04106082285846467
Grik1,0.31259656359027765,0.23898291944803135,0.290879064996088,0.10398046914601448,0.08194237913977385,0.04804191811349078,0.24954895383036985,0.21829695415356887,0.016016296525482265,0.02166869601486528,0.2716149086407436,0.18583223797641885,0.06874879779682126,0.2086230518754253
Cck,0.021826798919793323,0.01777834835515891,0.0038190526096267283,0.036741919933995074,0.025127581670058203,0.014978842516324706,0.028496335299772677,0.0003058640540446354,0.02090920664362503,0.018942331078128514,0.01609609577282745,0.032417341947886105,0.004073939302324859,0.020165787294307055
Kcnn3,0.09676583812642423,0.5112917168369714,0.09137398025576633,0.29718112341358216,0.48537486821437464,0.6275940555259986,0.22992671386444485,0.32063570213559955,0.07401220635521215,0.20823347015357874,0.019141088807077905,0.18878685097577147,0.41632316868789226,0.3965170842777895
Cux2,0.3819049872754522,0.3345939401836078,0.2046813529887598,0.3745860969186124,0.19631554962413963,0.1267908942759175,0.11866302989542207,0.1593975312237633,0.14725331797892857,0.17714748499767993,0.058037146290624265,0.17285514964956,0.048767192669996226,0.005386852120284261
Adcy2,1.4281864823473733,1.5012447203239065,0.4762826875733487,1.2424530526341282,0.29337617395744375,1.0167420349503877,0.8248736863668058,0.5515263591098022,0.3650310953034302,0.9505203741594647,0.11868974223306963,0.7641654420161477,0.06874782413603694,0.1820644563644883
Ptk2b,0.022031235099170057,0.021889130261781065,0.019051922794874474,0.034855021707117996,0.07573727185493423,0.04205339273605709,0.015014169312231948,0.019551740943090586,0.07630569251987379,0.04224450218978486,0.05723416919384742,0.014749559510914067,0.0003822144877666035,0.05677355210793511
Slc26a3,0.004902236451715963,0.008993954745912488,0.0064338360651644555,0.007166096808693316,0.008630618895949018,0.003583048404346658,0.005002852440906157,0.011011865373912239,0.013370751476081901,0.0008720055597539405,0.00633322007597426,0.0004304130160374701,0.004924595627113559,0.0013303674850186082
Prdm12,0.06360177790284613,0.0659318180352642,0.03586299173116264,0.042476792698822985,0.013990536054540302,0.03077505485062699,0.010567648534656544,0.03883224297212202,0.017021647417067323,0.0278779728289822,0.017743339610213155,0.00756746723291335,0.0033455629214328023,0.020970339051418544
Kcnc2,0.20134118749574786,0.1313054923379203,0.01942217632016582,0.2346058570137302,0.0543637969867312,0.11918569206301952,0.1532888345976008,0.044744180098389326,0.005777868490608409,0.18941957258910616,0.02798988586041035,0.2208700809816629,0.06430356332616667,0.03331040310769881
Ptprd,1.0041104913303347,0.2635729168126272,0.45448406266882774,0.8704100283825082,0.31663085768733157,0.1879647674673866,0.3219900120193618,0.28431353602772547,0.4247187243596032,0.5480952542203996,0.8734956336398894,0.4161579942767909,0.7340416505137032,0.13706441490463137
Nppa,0.16740083370081718,0.11192359762032332,0.32909996073491843,0.20244560410299295,0.36194265494387384,0.22422945745970646,0.18959388042834552,0.2768639178180455,0.30979276454155014,0.16928525411190734,0.018386524839095256,0.13566725086386647,0.05064774377244938,0.031776654758416845
Grm5,0.1179572620095238,0.12863204096561814,0.1082688376423427,0.13887356922691468,0.12943403171402015,0.022225301620344237,0.043233788283474406,0.11913719801234474,0.14074487891108908,0.009669987983129985,0.03329646963845769,0.03047567318443962,0.012278764783301964,0.020851776161437446
Actn2,0.0007504651618358549,0.008934417304263425,0.012324449381934771,0.016277329885966318,0.029423409458250144,0.0025619328642177233,0.014330002842896863,0.022061088070583032,0.03927003109125387,0.01205919859484135,0.02670620701464396,0.004696876773011617,0.009574900520317857,0.017001916914819552
Sorbs2,0.28111515303916546,0.8253190679958737,0.1904545459311053,0.06441420937809211,0.025861824934011308,0.6225585151885084,0.4331615142030633,0.7328798772334921,0.5278600146957859,0.08852146377511366,0.3411068760744912,0.11712329830469406,0.5310567029743924,0.2061254740423242
Cacna2d3,0.3558384049411537,0.22968932789257673,0.2189670580290965,0.02596629361119941,0.5503825212571433,0.4553984132224421,0.12354973821157103,0.34952958942320916,0.6715495378797971,0.5750491772485339,0.4566168710470958,0.2331551130085846,0.1239829590797367,0.3428146364392821
Aloxe3,0.09384444579702447,0.05719786929898965,0.4577256090360796,0.18465948524758424,0.5446301253503799,0.5167612674259626,0.4190818066987222,0.309444161839315,0.39559341588266456,0.3627398900436528,0.058112563813106734,0.2656562390705138,0.15162973605061356,0.09344164601041174
Gimap3,0.06461638950299455,0.8108754141392369,1.6991610110541417,0.14988591279889976,1.7859265001522961,2.498515338030757,2.410119843405352,0.8318634554510906,0.9197230069442455,1.6135788882278668,0.7886593186557717,1.532216703229312,0.8788856026926856,0.08500158769107283
Abcc8,0.040895728754473955,0.02929070619001763,0.008993506405966084,0.05041463056989692,0.01845059473970973,0.020366736969516467,0.028927566633018913,0.002982382530326011,0.006165651150332021,0.031917677015199146,0.0033068906056823145,0.040818464754171974,0.011898624935990117,0.00886215781285615
Grin2b,0.565711012007483,0.3918545179398861,0.6869565484337676,0.3926997298941285,0.5130216700135704,0.29483193924087053,0.46392222026821717,0.5126121475865382,0.3391739178040219,0.12121942780007341,0.3435044413170618,0.29091093815486274,0.1736647871671863,0.17024917657690766
Syn2,0.04617602761672948,0.024205857233491883,0.002042331505372411,0.02512430358646533,0.07292573446147387,0.025154514858565718,0.04418203499826487,0.023365964080766573,0.09334905154269127,0.04731199804841605,0.09015262320732084,0.023372006010787722,0.02129342069504579,0.070182487372569
Nr3c2,0.13413021974809963,0.05407390317591142,0.2407360999052113,0.47604886478676345,0.5844979622425982,0.18655585606892866,0.1721644973425688,0.16289520037675215,0.5084648509669676,0.10368152537757432,0.2789476119336326,0.25393998346386826,0.08131467064605868,0.3586317436282281
Kcnj3,0.12727273915928117,0.1181903920445599,0.15694773119723304,0.21867320923316969,0.06395110495324632,0.27052200610521754,0.35944207880941575,0.1672365530147686,0.07397765315985816,0.278345421783369,0.0810816657957404,0.36693576285472856,0.008850041380522837,0.08942963372466597
Glra1,0.015733972795651998,0.019166529141316162,0.021267050087343878,0.005510306149766941,0.010735989070096366,0.002891772286135856,0.013012975669626212,0.0252290056856036,0.01478333186639626,0.0060340129224931574,0.006853727884395581,0.01623491041293056,0.0035179433908983896,0.010394441041965402
Shank3,0.4846489590921094,0.44897207874134276,0.32941803815110166,0.4820864848453149,0.3256922015147669,0.11776715912961502,0.1138055959881768,0.29437227239269126,0.2905780071770915,0.1524403412243919,0.039471160874773405,0.1484559660051309,0.03437663528868467,0.005185769815138228
Lin7a,0.18381630702215654,0.20194987576178666,0.40167846797923834,0.7598654461594124,0.1753982773201994,0.5855674281126024,1.1613986079162357,0.3827041292949535,0.19727894942625981,0.5689804720557536,0.5938505445395963,1.1421543799899818,0.0168775949716524,0.5740873309900906
Gabrb1,0.5678377110752536,0.5103835899681638,0.5671703319602739,0.4242765759186664,0.41789937559171986,0.053894752556913963,0.18200231151740295,0.5077882212139572,0.38117857529413374,0.002847493844869563,0.18772696227051222,0.1514659076064847,0.053064233560296645,0.15480281313409663
Slc24a4,0.5074262203989782,0.6322751925022743,0.3419408388170182,0.36455669474546726,0.48638717991254216,0.9830573328093254,0.8472158971125845,0.21702430985659232,0.35966859559709485,0.8543677934376456,0.00888640691637096,0.7174901029733391,0.12757457156874277,0.13753094667912166
Nrxn3,0.23722613682400148,0.07653352203601868,0.27567814185866296,0.33567929742434977,0.37198563296732046,0.1789847094211986,0.07645633843188494,0.1188291762880718,0.21340780956774721,0.0202833891472596,0.05336353135694308,0.08341814258328704,0.1545180637163174,0.10251293323256967
Reln,0.004501120781182241,0.022277206047283653,0.004367424072495626,0.011754164610530407,0.002495670898568929,0.017893069699280725,0.010784863846395407,0.030917352668491018,0.02405425732358351,0.009063519656662628,0.020221619711991386,0.016155012860197687,0.027040150733479876,0.006785105348945016
Fgf12,1.3164368339873698,1.2242658174492274,1.0205702565065167,1.144511040254721,0.8509294720470186,0.20468667771050864,0.01792212927465828,0.931620340018913,0.7528119904605297,0.29542606009844125,0.2737873613011103,0.1180492892647519,0.08826166552382332,0.175587307242757
Cacna1c,0.34467545512445447,0.22180126665886893,1.3934759284900686,0.3152354320009401,2.0593938516810595,1.6143300962032352,0.9364521689383006,1.515024189780969,2.1852986546292072,1.73079137499632,0.800102720229332,1.0565121967390878,0.11516240834562029,0.6814226536125827
Kcnk3,0.16467186187166036,0.08874528294086256,0.07586496855717938,0.13702040873440657,0.048682666982144344,0.013685928614270659,0.014159818066058228,0.00030328927458579246,0.026973789910947524,0.08817187681868748,0.1016113849279267,0.06069576566623352,0.07432482752084792,0.027144390189916295
Kcnk13,0.016618457520906474,0.18208766625863565,0.3580259521757125,0.06438276454105558,0.439054688865351,0.538270176231915,0.45963516506607044,0.19240541621702165,0.27264999109557475,0.3750846335840574,0.0859262259371642,0.29581679429060626,0.16381837077546416,0.07857998744979201
Tmem108,0.41163713453986467,0.30151664611112905,0.45566014340494443,0.3571699496062068,0.4015288607390477,0.15052214892780186,0.20665829652361756,0.3442380645069716,0.2931088225081076,0.04631127922621811,0.16171159340419955,0.10471471253693841,0.10574338637597729,0.057878598784940366
Cacna1d,0.0866485411772068,0.3032617854679565,0.06788523410408948,0.036959016649911094,0.01882006967958546,0.3719173313344552,0.4179336642728197,0.32338733659919544,0.37088755086188013,0.017092936949633986,0.43548067622663683,0.030309961242261037,0.39000763183276893,0.04678664470077366
P2rx7,0.6182179464628618,0.55832566954898,0.04474631910111265,0.4939667098597756,0.08028715910868411,0.5214244109435797,0.39637959986829036,0.01387623409244867,0.1393745256416733,0.5817928416703743,0.18519783671300644,0.45736020009628664,0.05947281177400731,0.1250901638396381
Nr2f6,0.0073257101540827865,0.007167474949104538,0.015958327448640747,0.007120590123462326,0.015641857038684252,0.008972530117335559,0.009089741394848931,0.015735625903376516,0.015378131172659064,0.008995972136860587,0.0003926580746418538,0.009095601899730188,0.00015823534263187524,0.0002344227320099786
Gad2,0.03800874306696881,0.03734629967765798,0.0066712088411419535,0.03765024531298639,0.007103746096247377,0.04363173156742572,0.043339478361578705,0.007489523047621599,0.007863609661557617,0.04405647596158674,0.0009118358076625684,0.043690183254616724,0.0005689232002570702,0.0004052603589611416
Grin3a,0.172572768069871,0.15775724971241467,0.32477420207956736,0.11596131984730443,0.26817151983469956,0.17427549996848782,0.23606536447795534,0.31051161915397785,0.2513987278509233,0.1569585488382613,0.07826423333845774,0.21590467599308968,0.016781565324130603,0.05863893213221916
Gip,0.5423555463099962,0.48454547522026575,0.25193475035651886,0.43716368162931135,0.3349494987331205,0.7410028815822214,0.6347893528613817,0.31070416157194725,0.3938684104207859,0.8059021599826623,0.14939664698343558,0.6995391006894928,0.06643173432721611,0.08277802786867262
