,Scn11a_Scn7a_Scn9a,Scn10a_Scn7a_Scn9a,Scn7a_Scn9a,Scn10a_Scn11a_Scn9a,Scn10a_Scn11a_Scn7a,Scn10a_Scn9a,Scn11a_Scn9a,Scn11a_Scn7a,Scn10a_Scn7a,Scn9a,Scn7a,Scn10a_Scn11a,Scn10a,Scn11a
Dsp,0.6961142839892752,0.041148052105876326,0.6014190049462325,2.5637225709340408,0.5607034639689198,1.2476193093193537,1.9897259800136249,0.000778554573090525,0.7221237789831995,0.6789861118273698,1.278761484502543,1.86137980353043,0.5681141531759812,1.288911512450339
Mme,0.5001313857496335,0.379129579240265,0.5043577763262781,0.16632689894713837,0.08067735223095385,0.1710859946842696,0.2891400174060795,0.20314951602971687,0.08893118854587971,0.29410509978107136,0.21126840458135254,0.1271318186969608,0.12012814192187381,0.007252295794666894
Itga2,0.7227846715116918,1.6875402128192551,0.8254993543755332,1.4384103710992098,0.891952642334385,1.5398178256479207,0.5832949558365919,0.055403686443379695,0.9900451584640304,0.6789597025579073,0.14848499011236588,0.7441523948419599,0.8420582237496748,0.0929412386433463
Ntrk2,0.30803850989604004,0.5411633830790205,0.31504601732363785,0.47019147913493287,0.27662984210080466,0.4810573030805264,0.24652465819718794,0.05263975694799811,0.28876785134888167,0.25574287122584766,0.06227508447207538,0.2106632981057128,0.22424036014826398,0.011679184877669401
Kcnj1,0.07944520463982963,0.06048713070003367,0.05991411550477567,0.033603960341316755,0.05417424957435519,0.015592820916744014,0.03171980841720612,0.06388151939961674,0.0377704642827776,0.011902212466646982,0.04525851512541434,0.01018802178412976,0.0061283525672354055,0.01834620909016631
Grm1,0.06916682968910735,0.11620648090895458,0.07683927467269488,0.10054574363437835,0.03612824169930585,0.10701218482906229,0.06348141628963391,0.004450705328344153,0.04758521757213878,0.07080928655984418,0.007660955948176284,0.02584280520691364,0.03719641020731675,0.011836004974381198
Ryr2,0.18674191844186688,0.5094287672059997,0.15665279977366578,0.29264893056825164,1.5691132941376844,0.04379623341454694,0.3686204254433946,0.8999600960546198,1.2277022962977024,0.7081244123594354,0.5545944119531813,1.0125095132603317,0.6748613045876053,0.3405534623973167
Gria2,0.26822916871848895,0.009935500802869847,0.12173555897941771,0.1852816781004052,0.0012327651853888718,0.03961725898343598,0.29699368971089596,0.11452976025392433,0.14696322261240768,0.15072022408656813,0.0320665719151558,0.03114933595809004,0.11363453624614618,0.14539291378722138
Lrrk2,0.029340816374651676,0.0649728445422276,0.05564505880680985,0.07217993462655943,0.049958981309646745,0.09762826963468314,0.061734560387328684,0.05872524626259978,0.025590076182428437,0.08777167416640924,0.03382752957325288,0.014883022692691579,0.009425914311062253,0.024930425909683
Kcnd3,0.013810491435503855,0.017050066572156807,0.017382169385007834,0.05351251940264301,0.04224606730174349,0.032658928211929165,0.023009130871976986,0.00995683769377018,0.013246541953599759,0.002143007190213446,0.018647922386274097,0.04510341050236879,0.02869875271163927,0.01631693287644807
Ltf,0.046970610532897014,0.27349279750974953,0.1011789584680976,0.20099998884583803,0.17678819624297207,0.25359240927930043,0.026832589078559056,0.01615251253330483,0.22978120418728695,0.08009717680870387,0.036114005158471844,0.1462824235267375,0.197530497702352,0.05082711756114904
Gabrg3,0.10091311623529066,0.19828210891599998,0.16792832729250673,0.0687020291836519,0.3761160380627322,0.3538822997553211,0.025876539049970736,0.41334271172053827,0.09538609180922439,0.3093251357646791,0.13332159379073133,0.2398514699983685,0.050766107517009364,0.2894960156556404
Kcnq3,0.06091811928341953,0.4259946346155648,0.2133962591942374,0.5409599920988795,0.2111133604051823,0.6844394778180354,0.33284985699298997,0.42607220303381005,0.05667368773647026,0.48242450614649757,0.2693496204204699,0.05505570572609617,0.20337807114786535,0.1527441148030439
Alb,0.35610369602703185,0.5219033015473824,0.40442616715264235,0.28267046823144437,0.2651215247675265,0.33197677772933865,0.16101772110558252,0.1476443788569257,0.3137528896653479,0.21121635626879512,0.19663036701009906,0.0720489944599881,0.12168706439097392,0.050118550028757015
Usp53,0.5689309731648581,0.554663365405436,0.3865497518585998,0.3002870784931725,0.7800664480893439,0.11643529404045064,0.13591766036233674,0.6157595620287882,0.602879096410972,0.04928996782582639,0.4372164068600325,0.3463543183602763,0.1637749408900719,0.18346589559469728
Kcnh1,0.22694611180969101,0.3883939120738333,0.33346631394971804,0.12145117321881896,0.10014478002641422,0.2331919143989181,0.07095454221926972,0.04804545382650438,0.20509762983700677,0.18144612367236868,0.15268013476001804,0.05576430836635113,0.050850166472909596,0.10639057075296371
Rimbp2,1.3786280512693256,1.1783450441364707,1.4431515570490805,1.4529073570093238,0.6858337221420013,1.5288593173495073,1.7374843054650848,0.42284014491550376,0.6352962189025729,1.816749274869179,0.37023063861744065,0.3618347033709001,0.28412371815532445,0.07889807316794929
Ifng,0.0,0.0,0.0,0.0,0.0,0.0,0.0,0.0,0.0,0.0,0.0,0.0,0.0,0.0
Dlgap2,0.1651602598126066,0.5018250366520093,0.2708361773448838,0.45922778601277603,0.055355528909210625,0.5727430487505774,0.22184041276904956,0.16403704116888018,0.16229410439394715,0.33228808869219617,0.060088558490846954,0.12082780776329118,0.23283250658155827,0.1077674343842998
Epb41,1.0879533393836072,1.2881099679674757,0.939416516116629,1.13182144341439,0.8021230806637207,0.9838103719787504,0.7766299748659184,0.45647636576449724,0.6501485144315994,0.6282953777604373,0.3048388619830762,0.5017734992352341,0.3514032168231539,0.1504916045382708
Kcnq5,0.10066655624283037,0.20829746748882538,0.13534221010062708,0.08946515066895777,0.2749701959819732,0.025243750995220585,0.1693928657713203,0.20448249326218723,0.3151978546526985,0.10081266378285508,0.248078700828477,0.0038717907085273322,0.07069061775381874,0.07033347204175912
Slc39a8,0.2002791097364517,0.07434533711090154,0.12959237239029503,0.5371686536989375,0.3587720561354149,0.45665665140120426,0.5886075358084666,0.3008328511001672,0.4388238941097036,0.5094645995817602,0.3790323732550333,0.03198391277878643,0.05517800290999888,0.0858503446792921
Ccl3,0.0,0.0,0.0,0.0,0.0,0.0,0.0,0.0,0.0,0.0,0.0,0.0,0.0,0.0
Slc34a1,1.4881758022224996,2.545197163395262,0.6556927130447635,3.2861525681567425,2.7194246268865894,2.4738506934800393,1.3852000173274455,0.8062265665412127,1.9800070838673842,0.5617538126750263,0.05355731944419671,2.68868747149253,1.9507697717618702,0.7459674193063417
Asic2,7.4599874156203505,8.429168854985654,6.310015334139118,4.636254082442607,8.296221860496091,3.4955727538928603,2.484608973617896,6.1985304665264085,7.160409081524491,1.3144167830181388,5.035393046817677,3.345833389248165,2.1933774389528806,1.1837550728644584
Nefl,3.4867722403985634e-05,3.4867722403985634e-05,3.4867722403985634e-05,3.4867722403985634e-05,0.0,3.4867722403985634e-05,3.4867722403985634e-05,0.0,0.0,3.4867722403985634e-05,0.0,0.0,0.0,0.0
Gabrb3,0.08687785452593366,0.006459474570325339,0.20446242001444667,0.5785310015732968,0.1173770830078209,0.46645149913396394,0.35038845559299636,0.3245782142165356,0.23150367909005026,0.2371055830769632,0.43819302528504334,0.33481377525499734,0.22516869772109938,0.10988022388122912
Rgs7,0.05224875726471756,0.0011983312113160232,0.011990895896791321,0.046393618220625495,0.09344707651503256,0.017428893757553562,0.031058014163352157,0.0797117755037172,0.03332574106672279,0.032620395746260855,0.01995448966353195,0.07673111949625352,0.01546453983102414,0.06099354182291254
Grid1,0.2140397660354626,0.09817232790386027,0.19408171804856403,0.015899789518489728,0.04675871099463786,0.006987737242602035,0.10615985232025654,0.14051801537759517,0.031530819218567104,0.08360558614681761,0.12532775235686988,0.06445918696782175,0.08874426045598917,0.023887310327662177
Bcl2,4.1627427465434375,5.4930188085161555,4.3255220729188855,2.9254204365501977,3.464651380309864,3.0845982700980707,1.7692394867710661,2.30146018354741,3.630797903373679,1.9238220368020895,2.462363057147885,0.9992801413185408,1.161590389227934,0.15720439791448654
Hnf1a,2.7566381515505936,3.167975462774133,2.319862673650034,2.7825995305405264,2.1639937009235224,2.3678811927187864,1.9001734677064281,1.344700051051692,1.7091559183497071,1.4719109269528623,0.8751005502237902,1.3475880101455109,0.9010418326747035,0.46068409267097593
Kcnj6,0.21365640354789628,0.09146795820285163,0.10807362721183043,0.2859301585603472,0.006876702161886204,0.18120696332457814,0.302535822325148,0.021362710170270593,0.09973172095833159,0.19807636991698202,0.08556805592811072,0.09130190130299472,0.013938997229238494,0.10525066253635199
Prkcb,0.05243008140720434,0.0784149222162567,0.05048739535567738,0.13286629690646898,0.02373895812750054,0.1300252607966912,0.10422008773851156,0.055091453534071785,0.0293761181192909,0.10156994790754309,0.060638775882463386,0.039987904087120114,0.034373203035184145,0.005569783925819673
Kcnh8,1.0011989224215658,0.34903461225391663,1.6405469701209832,0.5588308794426029,2.8493381548318233,1.1728999341236366,1.8624793708373604,1.5328461008542924,2.2053098266260114,2.480439559235542,0.8824232458192703,1.9378264087064538,1.3137164814626285,0.6250078544894765
Trdn,1.1470172208979412,0.9758771619284459,0.919904088653817,0.5320408819835811,0.9374018227461931,0.31391102901810947,0.47628984902368265,0.8862165325754499,0.713879527829983,0.2565435064615115,0.6602262305358639,0.27304176515963624,0.054492360092367055,0.21979571429813588
Ano1,0.33361295731679164,1.2633367163460367,0.5193349464860506,1.1305546329290515,0.4932843196613716,1.316119387195433,0.3880073518749163,0.24134816705698386,0.6779842160076915,0.5720651617316629,0.05629448118681749,0.5535886096503714,0.7350518457469323,0.18109631068702242
Grid2,0.38837732138073083,0.2119273309044631,0.1377261520331981,0.031102543541921938,0.8039826594853713,0.2767615538516613,0.09709699031129444,0.7313887823255528,0.5554284256247224,0.34276664405710355,0.48361155501422454,0.30873691808308,0.06378043884315565,0.24473295458177957
Adcy8,6.8211423409449665,6.272380940170322,6.034544301136896,6.292380588270355,1.833228263459594,5.507164233214747,6.07539606818621,1.5966105213452562,1.027931377869775,5.28948887075437,0.7904193597357421,1.02520783580293,0.22043941394197658,0.806191161609514
Fgf14,0.12912987002513784,0.09355992530074399,0.22965958498365235,0.366445904098321,0.640962760969293,0.4687438221042517,0.5084681813887794,0.49636546760766537,0.5334975875965134,0.6102854043828787,0.39041098415463343,0.2586889151557463,0.15015938683016633,0.10823768107426839
Celf4,0.04302354194468588,0.19005485086345505,0.045442760301622365,0.1559743305888773,0.2694910461730124,0.1538349695383116,0.07345967986794892,0.03512532018943737,0.2697584663043331,0.0778503448916286,0.032388928827431065,0.23572770516382743,0.23426001416919773,0.004029958775772968
Slc1a2,0.2814745760807253,0.1863618255713453,0.2828428263176795,0.16144669600087905,0.07474540838744281,0.16022830070119737,0.2577973866803064,0.022106971130564937,0.0726930352182386,0.25709370576032803,0.024804373118833555,0.09739316465600088,0.09683934960443062,0.0009317114035048981
Hoxd1,0.0027410118355640904,0.0027348104351259655,0.0027410118355640904,0.0001736387628062132,0.002654192395897484,0.0001736387628062132,0.0001736387628062132,0.002654192395897484,0.002654192395897484,0.0001736387628062132,0.002654192395897484,0.0,0.0,0.0
Grm3,0.11517552440612538,0.10892833875781689,0.10915971475385267,0.06538919572495336,0.0657211693930857,0.05418249285905727,0.06649578024461822,0.06703901510011497,0.055017461638740876,0.054886683314801656,0.05534943868240746,0.016930771842913438,0.000855089461784564,0.01854035147412957
Grik3,0.5128122164224317,0.6463669662392224,0.3239571422524293,0.814298328231693,0.5016161441123013,0.6325787998402045,0.49985197746988624,0.19333943590055638,0.3196600508488477,0.31916726413621777,0.01231963540688338,0.4718124889214594,0.30008661765211664,0.17110495710124532
Rapgef4,0.027623645526993233,0.0029127220059086373,0.011338551506911161,0.1538294978828122,0.25425666447295653,0.18995160692718438,0.15958229588685932,0.24256220401426037,0.20648365882574132,0.19579883959380762,0.1944913877176834,0.051121538965716945,0.0064573811000914316,0.045063659433110276
Grin2a,0.19128803670667938,0.20992769322932028,0.06711624469213702,0.1248705680046876,0.4790914677626405,0.008654729025745378,0.016812737503862408,0.33681881848412343,0.35411986553931707,0.13386205694877845,0.21152730517204235,0.2596418679474146,0.141809584015864,0.11879205109718387
Scn11a,0.0,0.1556173864203332,0.1466053446726651,0.0,0.0,0.09630881692675224,0.0,0.0,0.07341626797593277,0.08616079554992023,0.06505334624322681,0.0,0.010169656968176958,0.0
Hcn1,0.7828292823720844,1.125290913831236,0.9758417911619558,0.484201602836902,0.3881484054792979,0.6739140211583186,0.3339139394712259,0.24143130762201842,0.5780772492143857,0.5249788918283635,0.432956090237916,0.04377979791974742,0.1451346918048105,0.19083501226781294
Pmp22,0.011463599415176426,0.02527529744760336,0.03112339383497242,0.03639554157502473,0.1025299863308267,0.07945880033864465,0.04247623318019003,0.0955299907905896,0.06086229515751511,0.08583854320358147,0.05380692051141588,0.0502515436354352,0.008085436792895301,0.04256484123615708
Kcnn4,0.12632290542067337,0.17235629189786336,0.03039793450333509,0.2240561630135496,0.30282578857951076,0.10882460644254187,0.0735630026697465,0.16513093474603932,0.2017487571869743,0.04039028304334363,0.0656127758668307,0.2535967197268322,0.1419583511176948,0.10954948027818927
Scn9a,0.0,0.0,0.0,0.0,0.11061130256667889,0.0,0.0,0.0031637377283198474,0.05270084017230907,0.0,0.157575233293912,0.2561643256517193,0.09831490896552751,0.15472786945637682
Cd36,0.2392278815546332,0.26800919182743294,0.20809554361892915,0.28157155611493634,0.1104147972992283,0.25152686647723554,0.2256655284966695,0.043899858558332595,0.08283829311221022,0.1956794233676278,0.01706798458790593,0.08856108552366909,0.06258260996849609,0.02518364368131487
Cftr,0.610855883231255,0.15984792193094066,0.20218211744771944,0.3177189974474116,0.558548477886036,0.0688536130845989,0.37095552186773956,0.6016833206440201,0.1646220090399914,0.017040428961138596,0.20868595097348194,0.321247667932414,0.06123286130149503,0.3815909307694155
Mc1r,0.021676137490205662,0.02147727358230994,0.021676137490205662,0.002869318293897384,0.018465909610864154,0.002869318293897384,0.003068181795072705,0.018674242986564192,0.018465909610864154,0.003068181795072705,0.018674242986564192,0.0001799242503583715,0.0001799242503583715,0.0
Mgll,0.495858782963511,0.08583837218854246,0.24628334910715083,0.06832824118434888,0.15713252995731458,0.3207880470189947,0.2670142082003012,0.490650584645825,0.10186044408773903,0.016806872044803158,0.23419545220218657,0.08408532047296967,0.3423546528270199,0.25603725224635826
Ccr2,0.07249913065974463,0.07129344565729392,0.07071036957121284,0.07334903610672242,0.003281040275311066,0.07130333019129306,0.07274125664420548,0.002767142344611465,0.0014873390420629103,0.07072025410521199,0.0009783824763925175,0.002302657745861468,0.0005435458025323719,0.0017492293193848395
Iapp,0.007328553602769619,0.007324763963320002,0.007324763963320002,0.009689302458960899,0.002334223821297627,0.009685513226386893,0.009689302458960899,0.002334223821297627,0.002334223821297627,0.009685513226386893,0.002334223821297627,0.0,0.0,0.0
Cxcl12,0.022383013473891197,0.016973632892785882,0.006991282245814282,0.06858547860554369,0.03086528381472023,0.03940210284646762,0.04686613705795205,0.006291244830625727,0.00207283790010648,0.017273649167553997,0.023119415462799036,0.05263917405323024,0.023655808635571943,0.02955612285909391
Gpr39,3.857219173029774,3.3682552311117337,3.2859212402595728,4.6303853571940365,0.0898954411940897,4.042564386076054,4.585134331957999,0.13645343897486578,0.616899304084578,3.9904755043566174,0.6668878790750049,0.582220007000657,0.030175183219096294,0.5590927023240773
Dpp6,0.3017943342282634,0.3193600500556782,0.2665084169745278,0.19341760845068234,0.24939276949245262,0.15743309352453125,0.13829553518812973,0.19283992832896013,0.2112184178208853,0.10318426960644603,0.15541790619721887,0.09454584017547436,0.05678795724576115,0.03640098817590126
Nlgn1,0.4524755212776993,0.04031277155944722,0.28126402299994285,0.05293154284931976,0.022982990684148094,0.1947833769804389,0.27784853995668457,0.3387551436190896,0.14191913182837268,0.13101650686251057,0.16939439552816526,0.16989914942835346,0.31255858133145903,0.14701711375840038
Foxp1,4.291607395482469,5.949068782709949,5.032525456216333,3.5669460859306326,1.8804318365727866,4.301029836571322,2.6543577768469495,0.9451016894696563,2.605064115340525,3.388150853712415,1.6683088982768643,0.21261733986778064,0.9314041604772955,0.7167801469445587
Gria4,0.3493698509304205,0.37006350424227286,0.4394768759448409,0.11827433213019418,0.0017706387876148047,0.20767529275829297,0.19122899708130164,0.07473616625372355,0.09067191479551343,0.2806190957411425,0.16262720030034436,0.16904712654466392,0.0758333107042328,0.09274671293330551
Cntnap2,0.3357519014898981,0.2683447511215824,0.24910378252994098,0.03605024456377775,0.491550184324005,0.10640773445018605,0.05277449729602875,0.4744093085869165,0.4065430064761964,0.12507903991695898,0.38649433137033173,0.09901063269792047,0.027224735834402734,0.07391150524884846
Atp1a2,0.41649704246985275,0.28930556398489254,0.39341243423171907,0.15336023977702976,0.08301650567929822,0.12408416550341815,0.25701493315406077,0.18909444021680774,0.059294192160872214,0.2287011921935521,0.1659402549342745,0.07848306170119064,0.10720259742887064,0.028429674430475088
Dlg2,0.1143595097829117,0.18233609135066614,0.13683980705810092,0.17751493015703454,0.0033618850651013885,0.19981050736579206,0.13084567886600074,0.04128468847141317,0.027698608935951368,0.153556872350392,0.016698594835182937,0.021482815114598184,0.04528385389186632,0.024438319132619894
Cav1,0.5256523799805547,1.43896125128672,1.2012647019218845,1.0153123667613178,0.6521013183683285,1.6811798882831706,0.7703739039609281,0.8902651042099715,0.011279950795995707,1.4415643379589467,0.2208767864656514,0.4256512769777275,0.23542725822332,0.6662179068869649
Dcdc2a,0.26675497259907965,0.010466824814159656,0.12657902054657802,0.06974018806096088,0.20993270581143136,0.21064484743998005,0.06396024877110418,0.3433930039295325,0.057054130988269204,0.07499016394317182,0.19294067868569834,0.013762549585952022,0.13675602177847468,0.1485229132333086
Casr,1.4262282226070793,1.2084753477989925,1.268467221867577,0.30882045336114466,1.091072928768642,0.1510097749038377,0.3698299877384785,1.1696556026917913,0.9107622018395813,0.216214038206136,0.9897916487465537,0.08300077268306515,0.09095584033330976,0.1698735889972383
Igsf11,0.04626010246706227,0.14251518290112278,0.08085689331285435,0.40269002147143557,0.4174657549933134,0.518471315873417,0.3462627591426743,0.4859167060740216,0.3031150565899388,0.46500357551893573,0.36939282503372606,0.04617273631541812,0.05949599382478656,0.10797299864839338
Cacna1e,0.28061278062397926,0.4363299184649573,0.26160313259155105,0.5541815308110534,0.09980578703042693,0.5317575190007029,0.3805108575199296,0.07600783973593918,0.07492098852165226,0.35944028131808853,0.09996984452297064,0.19778648821321662,0.17215319739228235,0.02449517529569742
Hoxb8,0.0,0.0,0.0,0.0,0.0,0.0,0.0,0.0,0.0,0.0,0.0,0.0,0.0,0.0
Kcne2,0.0049156340585991476,0.014874078792565174,0.0049156340585991476,0.015891487273848207,0.018296776153955398,0.015891487273848207,0.0034835201475831782,0.001067173631571173,0.018296776153955398,0.0034835201475831782,0.001067173631571173,0.019231244202377804,0.019386067135336985,0.00015482312294782578
Kcnab1,0.3500852228418756,0.3573486900652863,0.3900937670650115,0.13895705032036845,0.0880473418570801,0.1772359178877021,0.18060017782514817,0.12287278960109804,0.13341136285943475,0.21713746984890447,0.16648930356603642,0.08214502681936706,0.04316477506395203,0.037559654992088014
Slc6a11,0.01842488885950711,0.07056229388966513,0.08207213046323425,0.05133348063990564,0.08857541736832913,0.04546418395790723,0.043660257427182984,0.07415707603682441,0.011464084864586558,0.05334655934410889,0.02623536895366261,0.10786958869850505,0.01066016135157675,0.09772576969175345
Nalcn,0.2474133693177877,0.2539080252479712,0.19515544149268227,0.13731990642360345,0.5592321186478084,0.18290278522199171,0.20261226960595763,0.4959242308638161,0.5130328463240997,0.25026982035097456,0.4485523277443927,0.116648259945645,0.0740721698499877,0.043538259756474365
Pias3,0.35196761011703653,0.20651860670552594,0.3832604973381912,0.12984382151475218,0.09714821771718637,0.09901506584656594,0.04704246867734966,0.27349817830701517,0.12811105448813065,0.07794342066442693,0.3045125727530794,0.2073643636879614,0.17664907124372617,0.030488388491710885
Ephb1,0.9837094922745492,0.3658847236217579,0.6575074968150703,0.3295172550840259,0.4259814248040143,0.014928739067855752,0.6153333054105081,0.7091854324766672,0.09756925626150395,0.29885608837119115,0.3789649435670993,0.04360076011885684,0.2723540517606592,0.3184462818637289
Phox2b,0.0579357441467706,0.017631256285603237,0.005250753011415173,0.004624420687701388,0.11062073247996242,0.047413362005071354,0.008142320768711938,0.10005659810052535,0.05772696614509995,0.060368002542122816,0.046515618839618446,0.06597367759594537,0.013424390480377708,0.053332201259236274
Jun,0.0,0.0,0.0,0.0,0.0,0.0,0.0,0.0,0.0,0.0,0.0,0.0,0.0,0.0
Pid1,0.13645972382515242,0.09417357536254892,0.10736627990798026,0.0011005984645204433,0.25361553991183167,0.022330563052093737,0.20400172278246423,0.04804981161106011,0.27791559697347346,0.18113533764840437,0.07171267871972976,0.19044698318457604,0.20962056705073334,0.017957132970049465
Kcnd2,0.8973011343122814,1.4024113397118942,0.8499736524672898,1.2566182268902244,0.8025215796910649,1.2116166688938688,0.6954896253748246,0.23895288081426305,0.7589425045080158,0.6516094380208632,0.19552956171568747,0.6067532012700818,0.5686461799944906,0.03640415312162735
Nrcam,0.26144045698478274,0.28799649677354294,0.23431390723023535,0.17549646942478703,0.20660198967668997,0.148481055069256,0.12364406111323159,0.15485331519630138,0.17989037027430899,0.09707322316127351,0.12811205222876448,0.07737108492614145,0.050652054010908866,0.026607888057464606
Scn10a,0.006254804603752742,0.0,0.017005025043871157,0.0,0.0,0.0,0.0017450258758588742,0.006922654019219687,0.0,0.012523971790604499,0.0038778353653611598,0.0,0.0,0.010778945799084684
Myc,0.008214351101954615,0.0018833422067426294,0.0016492545050879766,0.006873667024935326,0.00011704386510856453,0.00020216667804405308,0.009959369163436487,0.003756044177010805,0.006831105722006559,0.003436833512467663,0.002798412469006143,0.002777131710432473,0.003936930053637474,0.006565096953897593
Zfhx2,0.18937971788237362,0.5516121113702238,0.26071551557500583,0.1843594015771038,0.527325070325672,0.2544808422483742,0.11250529833936503,0.2357028070142311,0.5986460599983203,0.04182110818649955,0.307556935097641,0.22548447816388503,0.2971016530818819,0.07164678350426326
Cacnb2,0.2693341300847402,0.5246197456879608,0.6256751791620903,0.5412325560766615,0.8279377442166616,0.8941269922591986,0.642067410303883,0.7312388462802161,0.47376115429803395,0.994079529498788,0.3774482960649278,0.44478180834736264,0.0941345904642642,0.3497924487257047
Ucn3,0.0967449452244933,0.06317912399307607,0.01047719145031985,0.18336747657080665,0.10951713900840228,0.09617950892665554,0.131303046296611,0.058699989958513235,0.023360255866844294,0.04423148728109098,0.028038959540070144,0.13746740013765227,0.051016716902869776,0.08702166705227482
Snap25,0.44179620195342545,0.03219185632365756,0.20027644910933323,0.3160863172763677,0.039950229488420225,0.0837527043467913,0.4845480328011182,0.20521971641176312,0.20209482050332475,0.25055770479129197,0.037202471685626376,0.07163024797169187,0.16108050577527663,0.23355932736546983
Nrg1,1.2158591947195363,0.039859908187991636,0.7454594553060285,0.9921157528387607,0.6402398423194855,0.5275762422533202,1.6663289169296411,0.041681320966251524,1.104541795810288,1.1955068537923328,0.4272929363744244,0.1645870972927836,0.6396591250556082,0.48043065859427225
Pclo,0.7189014583293745,1.1235572801868436,0.4913272152093735,1.8962869569008833,0.3164632611532952,1.671645183494828,1.28068011379713,0.34159045763058016,0.0815396436118689,1.0530508613101626,0.5807294285107922,0.8796531267367232,0.6427134850804695,0.2399087330337306
Snca,0.6122706184483123,0.6322416538837662,0.6607586811366558,0.342204311700179,0.19451216690741188,0.3926689297061677,0.3680135888178088,0.2058572794601276,0.23395729273596827,0.4199235061621868,0.24600504727299552,0.05147003196514224,0.007637673209372583,0.04468352799391006
Akap6,0.04971783375293966,0.20240305553201912,0.031670727436802784,0.162185557444393,0.4440170694551675,0.08258934533709626,0.07498731108086601,0.20910449945576592,0.360915610836805,0.15387718619440857,0.1261090050145376,0.3186055757771111,0.23845311321431087,0.080284897786505
Lrrc7,0.7254120621749277,0.8222476825777376,0.752296127250709,0.699947102599219,0.1323578665178382,0.717681825018001,0.6343587325149838,0.06461877418518114,0.16088144785968125,0.6540149748297398,0.09496694467008777,0.03307183798281818,0.05645658841785014,0.025623622201646903
Ptn,0.16063811222070287,0.09454070148939331,0.13985992871130884,0.11304468477530076,0.02390757276014431,0.09291265466731766,0.15881368033766582,0.019561892753223325,0.04255725276026334,0.13875767265316238,0.0003294101136074505,0.023147395288756607,0.0446794145136191,0.021050572926154414
Slc6a4,1.5657179512940957,1.24280618149298,1.2050779384604315,1.3701534209942037,0.6216880237191248,1.0186393049975626,1.3236535092669888,0.5712681801624798,0.27233026507883157,0.9713846712965433,0.22068593121999605,0.40192624860510395,0.06097819682887773,0.34256530222162135
Kdr,0.06609202960572841,0.34025070969987875,0.3796411952225832,0.16436284683707528,0.5278689920557875,0.48058216257389996,0.2083176955971614,0.48101578190582533,0.2148675644239632,0.5245142142522883,0.16653092052349205,0.37090043265445705,0.05527448046277846,0.3161280355171947
Syt1,1.5885691549409344,1.199032595176276,1.2019869365800102,1.3429172087827332,0.6259385127013077,0.9725664462758762,1.3385911867424347,0.6201880576158973,0.24123797393340637,0.9663059922340076,0.2339751651219721,0.38714494022234547,0.019695766710675196,0.3694363284182034
Creb1,0.07646513735011401,0.11980939916705047,0.06947195628355661,0.18166569208528585,0.008529774441254382,0.17649511054951808,0.1305767655721718,0.0430470400560004,0.00022992816951035875,0.1265221839968876,0.0505056858943811,0.0581774371630226,0.05159363861017011,0.006022996670742189
Tacr1,0.10429019698073386,0.4238062933864904,0.13665554002772168,0.5011561465049374,0.14869247089082194,0.5330120178821735,0.20916825080128484,0.13536787115000434,0.17928867158270642,0.24235657989831985,0.10315368903611527,0.25306105304162113,0.2845809987104,0.03346266404228073
Cacna2d1,1.881950803682025,2.4037350822598644,1.9275937673622516,1.8403587254373264,0.9473067832665254,1.8878196376705056,1.355605533124216,0.47649211515484674,0.9989780477595113,1.402332924721893,0.5266004843671007,0.4254587447151531,0.4800963463234134,0.05246867353167777
Kctd8,0.04306120073139608,0.07132345166777174,0.013826598794169526,0.21164099206932396,0.02648851432867082,0.18286585391432036,0.15564006174394707,0.08426318305442515,0.05651381933667743,0.12598873871750121,0.11468383690881288,0.08861204008401612,0.058084537564145854,0.030837374943607002
Kctd16,0.6097607729991043,0.5536720490745066,0.43540189523951855,0.5013313381013726,0.5253222110786067,0.32622945620002775,0.37923059375371804,0.40137218366124966,0.3505340186449108,0.20520191543376282,0.22841675324475658,0.3005379176022202,0.1250562731037459,0.17340124398206672
Plcb1,0.15733900365864317,0.20976336643850393,0.30262371291986717,0.10192085957647361,0.05433009546547301,0.03347245618091642,0.0023739330248139425,0.038365395231926114,0.085857247642681,0.1321159613978296,0.17707561896564503,0.21994489355417216,0.09681690299783048,0.12225754989285163
Gabra2,0.16302749812655798,0.2637930093900121,0.21331567639578608,0.00546672229736019,0.21122545368905027,0.057504623188002424,0.050297629182286877,0.15954696296114812,0.2672924590758486,0.00045398387562522243,0.21469653159424681,0.00370753479914731,0.06017178002425438,0.05519687080205152
Slc4a4,0.024445414987177755,0.1219093116796948,0.09127499092004342,0.0026858937452709686,0.07225432464309167,0.11107494741444356,0.033259687088442,0.10390247667755728,0.04194533752527572,0.08105346358915513,0.01118239700521434,0.08243802162467204,0.030445172821152826,0.11342793979786639
Neto1,0.0690443391461427,0.020890127643738658,0.05270850295246819,0.11291154710381873,0.04156436279928025,0.12264725137143559,0.037267082930795115,0.11705462002335647,0.025650033188489716,0.0474859744911219,0.1007290670526158,0.06610409284691286,0.07572670925896426,0.009848790398388131
Gria1,0.4087211164358828,0.12911368068185086,0.42941630215986126,0.06613139672898428,0.14211966383573002,0.04346624897821925,0.23479963857237698,0.1634079574254977,0.12234943876036904,0.2573659547555884,0.18215436185417547,0.3247400373207332,0.3043061043105063,0.02009501998357001
Kcnmb2,0.39541596333188483,0.25654407750331476,0.4018806545330971,0.1176410743334336,0.03687892544372765,0.12003810194315384,0.2777956513019354,0.11772408872881639,0.02884733039186193,0.27815882622477744,0.12163611686777864,0.16433639318781962,0.15802733743913716,0.002625314620449911
Casq2,0.05052927877041988,0.049745994511250835,0.052986169208832874,0.011671455892412783,0.0294486541803326,0.013515341542340081,0.01614251341039801,0.03229962304355242,0.030995767598200788,0.01822965572686747,0.033929443166475955,0.005346781909329332,0.003955353698349692,0.0015519776500766997
Smad7,0.34636034661457615,0.35310955549310463,0.4485626080495268,0.022407735262008767,0.051740821867933245,0.11736016313997034,0.1205029979028896,0.1436523992399958,0.148297114259884,0.21738376473092968,0.24185891319199837,0.18831952690553372,0.09667681386796759,0.0934598115643005
Lrrtm3,0.06127653114528476,0.08174946977392099,0.07870484843428903,0.031015287911776303,0.08416809076720978,0.012541273017588195,0.03413815750450563,0.07852700802353701,0.10276303551759863,0.016169208326605185,0.09617584398469836,0.012021980498087295,0.006957098680232053,0.018289060007712164
Slc1a7,0.01078122123420282,0.015153643247458609,0.014819922978826764,0.005366773455056277,0.030450309467188012,0.01993470279445728,0.005714115377019861,0.030804461850174752,0.005039863281804892,0.019607792621205898,0.0053599626283904085,0.024947322769598695,0.00038139506805762516,0.025342339746937954
P2rx1,0.3126856644100886,0.09525640335843778,0.36086804919787974,0.06237864827481121,0.18068262913108743,0.010037348168273355,0.1985820442225914,0.07630042004802337,0.135592247136665,0.2499496506829308,0.12104379007247439,0.3007786174660064,0.25196954599694776,0.048001105001717705
Tbx5,0.05913873172336191,0.09169851414764861,0.03688256212092913,0.17408187701543199,0.022178732995019445,0.15084180060593258,0.11633243879154628,0.034368152804325834,0.002418752699597502,0.09313792501561297,0.05851012939421109,0.08398674419294225,0.05888820143299908,0.02483890452817073
Piezo2,0.6271451598402087,0.39224999934417926,0.302456811819273,0.15222342310287157,1.2683910618548662,0.47234177370654856,0.23970676227499685,1.1768282314851668,0.948542814005183,0.5615592698592656,0.8550822649615963,0.40888811197316427,0.09281378578128163,0.3173252100593839
Gna14,1.2534179228928664,0.8090473769942583,0.84860054487247,0.6458121338437294,0.9161021775191517,0.25070586060697075,0.687856370583954,0.9574173126465728,0.5211781626965547,0.2882135141691986,0.5581795089080329,0.3570923123237812,0.03382169799332263,0.3951265241716653
Dcn,0.334869699288363,0.32629531080944707,0.31471051421156354,0.2575830559993413,0.11409090672370792,0.2373887327245791,0.2476030413407384,0.10501283143618834,0.09915600524675397,0.22699873311860644,0.0892579797167307,0.025324901082926635,0.01022601250530733,0.015602576368834735
Kcnb2,0.40366121774689384,0.2268232673433049,0.29838989429403506,0.21103483909392273,0.14735864672175825,0.11039782359124088,0.2833662810238009,0.22100011109959955,0.05033365388542741,0.18280498348719473,0.12423257586358977,0.02099065651732547,0.07398222063389531,0.09443523131552788
Abcc9,0.0323017556568121,0.1077397561627779,0.03584601797043905,0.14629439522270835,0.10730753152750376,0.14468074820476656,0.0004754495885051689,0.035781184154288534,0.10583795858225738,0.0015055903515137617,0.03756051732270519,0.146236764626755,0.14496890118453332,0.0017865378389266178
Gabbr2,0.14286604201235165,0.10267775511086194,0.07867441572188513,0.22429564241006578,0.024392818764818143,0.16232548035783234,0.20361007541747084,0.005503169955837995,0.037836997334035755,0.13970695254763696,0.05837831987669741,0.08202824318043113,0.020209544334972393,0.06331170174811147
Grik2,0.5487509391332306,0.3031052911887157,0.487005458182188,0.581098460532345,1.6556229884504385,0.507652473132861,1.4001998016200663,0.8415571512466549,1.7148914542430231,1.3303389519109108,0.8969309071343504,0.785596758336277,0.8502429169942924,0.06264175853859387
Slc18a2,0.035407864373626474,0.02883679840507644,0.020972217021873775,0.033631434346123305,0.033260626192684245,0.01844554791498178,0.02501661330482224,0.024119774361140815,0.017324500103444336,0.010865540015596224,0.009011499248400954,0.02372309557533135,0.008623444392521338,0.014237306801428835
Kcnj16,15.19965291381489,5.446602407340384,11.148827427260981,1.570067535987391,9.307702826051264,5.695209512491343,4.1083041533377855,15.028569503026578,5.30774136577378,0.03502847803003771,11.065541270897459,1.7877551566720429,5.830412307098768,3.9685912695623564
Nos1,3.251787585753854,1.3951180439495834,1.638652117090324,0.8372254600105161,3.5292285568787323,0.755065822250253,1.0652456034545814,3.7731409889277296,1.926391803511716,0.530500525115132,2.16719489154751,1.3597963022510258,0.22344657143290877,1.586566105853826
Calca,0.0004138471538098142,0.001614003922076525,0.0002069235769049071,0.0009863356838698564,0.0009173611644066231,0.0003793598848205937,0.0027244937039497845,0.0017312605496183971,0.0015519267804987834,0.0021037229362046474,0.0023796211066336196,0.0006966427021242776,6.897452501779544e-05,0.0006414630865536912
Npas4,0.0,0.0,0.0,0.0,0.0,0.0,0.0,0.0,0.0,0.0,0.0,0.0,0.0,0.0
Cacng3,0.13240071448337043,0.10676192942047798,0.11460705449321837,0.18379197068410535,0.0513723106410512,0.16645310840451377,0.1884630468753179,0.047411849355204955,0.06877749891143785,0.17119050295641278,0.06458016853383902,0.015424957881800462,0.002217100828324591,0.017376764589785015
Kcnip1,0.19636880675404159,0.2571822257831709,0.329280835604864,0.06104802824915125,0.14346990298263337,0.19850384958768158,0.1331075299737336,0.07252092898564728,0.003566218382154469,0.2690070521584925,0.06523207767729342,0.20932763411258948,0.06773468361541565,0.14052933779072396
Slc8a3,0.06692436677214038,0.1037235778476823,0.0265766964991323,0.20265765379492529,0.05788773928230577,0.1514347715308577,0.1306955712761908,0.01805487059677064,0.019038512197544516,0.07922447516596841,0.05735455207808304,0.11704410277733736,0.07122665167948741,0.04611162590125119
Slc8a1,0.569081620001004,0.40213813471621673,0.6446294417962968,0.2757444399485411,0.2772441523518514,0.3529650039283712,0.5237298417704102,0.03250329360204723,0.20061482184428409,0.5992344061203962,0.042323498191860556,0.3217018466066312,0.2478700607309855,0.07367317040421398
Gnb3,0.002701868360194348,0.001193102271390308,0.002616264674441562,0.0005350234380888389,0.0006366778975013467,0.0006259774152393594,0.000877438425252724,0.0019421351105661496,0.0005457238916269741,0.000781134242876025,0.0018511810328821466,0.0012733557950026933,0.0013643097290674353,9.095398433148336e-05
Alox12,0.17380227191168798,0.25809983718893037,0.2313064622763322,0.33467536074244186,0.4875040096918512,0.27372929957702014,0.3625972265752585,0.46371723561106193,0.5513921596013687,0.30252977612044446,0.5249695750262164,0.03541819855377379,0.029050337279320895,0.06383981182333577
Naaa,0.6005472366379415,0.5492916083103007,0.5864053127753668,0.263111540779222,0.2976220112835095,0.24889048243820128,0.3034001384617292,0.3336891433846161,0.2809648173821998,0.28833478818483516,0.31578310259329495,0.019673781569244733,0.03747428926225159,0.018618416354301493
Aqp1,0.5477477102507408,0.5184046198239495,0.5691608482396664,0.021548948207037365,0.40451058476735713,0.04435039194252927,0.07677944824845652,0.45439911766093877,0.4259991683765987,0.09905272707055697,0.4757443444646511,0.07591929728835277,0.05378183070974987,0.02262035905634036
Ntrk3,0.15218440987394638,0.09502496094800192,0.0402423016340872,0.41447007444323164,0.02057553675020056,0.3060232514836084,0.3611437926293456,0.08336238279953635,0.13757414816955718,0.2541533198039341,0.19741330870826812,0.17146669480393895,0.05882553068085331,0.11010126251414373
Mef2c,0.0002721242397979764,0.010934446744035717,0.054936110573551904,0.30961141285445265,0.5009394942358927,0.360589365093481,0.38536915504897773,0.4360502261133577,0.4464239397320287,0.4350854280110951,0.3825077152581512,0.12234870404636632,0.07111513433516907,0.050359476769722536
Kcnma1,0.8773606839945661,1.2819141764995277,0.7405411243705343,0.8234153443323323,1.2882142643084749,0.6793681638562103,0.278139162158735,0.7489718002159247,1.1639673003733153,0.1325399296511509,0.6231268644378696,0.6785232627456638,0.5484170276324696,0.13128175640081619
Slc1a3,0.07643478047947054,0.1593407098681792,0.1375875103160001,0.1333661306006712,0.08109793095845358,0.2002373640802476,0.111850188070729,0.10369376764261115,0.018554433837710157,0.17859052254411117,0.041027553218262625,0.04483988349013946,0.022833079981008458,0.06770568753642717
Atp1b1,0.7452053658425125,0.11135797842585751,0.4758306053819417,0.08481662387086358,0.35976964190961697,0.3538946503910364,0.28388421780952233,0.7335146718475963,0.09784251107960865,0.017031569398869347,0.47419865333726874,0.1156307072236903,0.3797980628164167,0.2609331408273057
Nrxn1,2.5746245331203874,2.51120566371838,2.1310742461629326,2.0834902963144026,1.7048752351679661,1.6431440007697913,1.6794418127261124,1.3312308589036446,1.2662825156695692,1.2443429951744251,0.8934423944937794,0.8273337676313761,0.3904813961539185,0.4315652536495967
Slc6a13,0.12407194713868636,0.13243576337170127,0.11224484934140956,0.06240827603245443,0.11072100940421785,0.04981925826658181,0.044217406277539555,0.09323145115917526,0.09590683438086434,0.03175826295030077,0.07813156050541098,0.027810125337084074,0.013108508547907672,0.01502197005787582
Dlgap1,0.680279499622635,0.5348725157335427,0.7858793961276577,0.3353851254718641,0.2616647937951033,0.4429998410928766,0.5887457741920299,0.005536085659469301,0.15267545257728082,0.6928769171133494,0.10072286945195365,0.36221820443796315,0.25181658011019875,0.1064660824908044
Ctnna3,0.12949189094934865,0.06323277208725663,0.14536843233456662,0.2012946060422541,0.2525539646954153,0.21617179125700253,0.28705056731783124,0.15883143548297907,0.2505081166429807,0.30313453746833524,0.15676673314594622,0.10002034744270732,0.09959609124107127,0.0014236094300779998
Grm8,0.45514837396027985,0.04968991354471796,0.14165390892325658,0.6532315463455727,0.27713007274884977,0.32730502430918407,0.8390996420536709,0.08124230651378032,0.5812047865313007,0.5139389593720113,0.3855212355584418,0.12231657764138396,0.1893526508528253,0.3115926509830242
Ppfia2,0.5677906264603109,0.4951281522172019,0.47986595920667985,0.3563770126899505,0.33952614489194927,0.2703039703763538,0.33910981787305916,0.32057167587350643,0.25291624678278973,0.25306964203082,0.2343014163500695,0.10598071252818787,0.02101426849693943,0.08476923601225589
Lrrtm4,0.08973910770898026,0.019617386327810543,0.08612537831882885,0.10733544351803725,0.02156704249340773,0.10966404985777592,0.00022517156338268098,0.0876686268715444,0.024170245334218275,0.004256291836760719,0.08280272379974184,0.10489150701640959,0.10858761167127085,0.005596337320157812
Dgki,1.860051516761445,1.5996571168736478,1.8742868796628676,0.8523037957611647,0.44846783176061494,0.8573559131066163,1.1289710251582652,0.7359650776205073,0.4651314974584643,1.1325159225005461,0.7496421666635837,0.28797176576146677,0.28350580904051026,0.0019259525578439666
Kcnh7,0.49687452789915315,0.41608404706646956,0.06288061746272629,0.8971927315463291,0.7938645401095126,0.4420729738725683,0.5598858772693082,0.42063341041352914,0.3552950918707151,0.1041125258564315,0.01887725886821427,0.827697183967249,0.36214530257354505,0.46688532228487944
Ghrl,0.0,0.0,0.0,0.0,0.0,0.0,0.0,0.0,0.0,0.0,0.0,0.0,0.0,0.0
Gja5,0.21754033251245442,0.23329900450541857,0.22215344906987897,0.10844186364973701,0.14207214228608075,0.11254988884464871,0.09560427248720889,0.12592623998438085,0.1455993191932458,0.09965337110973219,0.1295039271576544,0.014799006313190088,0.017703247751923126,0.002651699147048203
Tbx18,0.14527253163709775,0.21692502582481163,0.1594062731200582,0.11106633834606731,0.13400885720628083,0.12646364069427027,0.05372809282214087,0.07837640900808193,0.14657218667030886,0.0691885694280868,0.0906509260742622,0.04163408293678758,0.05556024623439269,0.013862985102922208
Pex5l,0.21868704232887687,0.29335991327302535,0.34468876312946345,0.05278010643902372,0.0529586002440036,0.17544476257980302,0.10233954612602042,0.005253952454895908,0.06965173305388878,0.22702973001877796,0.11990963049660079,0.17266645422922253,0.0511814144162112,0.12375890948917545
Smad3,0.06555425036510373,0.5712630300973613,0.1672807807768566,0.706365855896118,0.07379846139422887,0.8039862432971054,0.3069689999732618,0.32388881171221573,0.16144911925109456,0.4061711495368294,0.2341451492852625,0.3002586099849013,0.38859627202492136,0.08996733851920369
Grik1,0.10618751471141702,0.21233149549805533,0.05555361584488775,0.550736178024535,0.10243242152526144,0.5128042877994167,0.3954929970459383,0.25520486966392136,0.15169489767427677,0.35667947180055326,0.3060346894528293,0.19628800247763542,0.15439421466278827,0.04290602643553756
Cck,0.04067126494631406,0.032563815359172785,0.03930885593039461,0.03109717844031219,0.002955609073539167,0.02991344411646538,0.03783477673077793,0.0032980726970937378,0.00457858864619717,0.036569149340115105,0.0012879606280165818,0.00411700736218231,0.005881439031732894,0.002017556907867442
Kcnn3,0.27790457482330083,0.30030447742812816,0.22517582014420784,0.2401511129349203,0.2440805569010849,0.18992994081316036,0.16798530893471444,0.16659144393749128,0.18944663137031764,0.11728782647301385,0.1108228129389863,0.12908315277387047,0.07589912736839606,0.05330309946505513
Cux2,0.21263290745963082,0.7191857608114243,0.5085331293214965,0.07942679761520392,0.254578602899477,0.36543767254147064,0.12563307448274433,0.04396197551193491,0.5530591758159391,0.16174598855081224,0.3437867250754247,0.08252321888071962,0.20425575698670567,0.28826719510001103
Adcy2,0.2227397716630406,0.16202804778485866,0.210159923357984,0.25536780172820184,0.10392362044309376,0.23593828948573212,0.3039784427648215,0.058848313582790586,0.11916967895343564,0.2856463407898166,0.07331365754942516,0.02847404119940851,0.05037091750344045,0.020423826987543945
Ptk2b,1.2362839403431598,1.3617756874895388,1.2430480385189357,0.3485894278332472,1.1475916061460014,0.3481454942010312,0.23110010478009702,1.024950363711983,1.1442971286019874,0.23432443885024914,1.0257214166519997,0.12176505660202812,0.11515285624742998,0.0034462911647995323
Slc26a3,0.08448482569954938,0.09907120418223292,0.06707296250031522,0.10284329697538104,0.056753493006479444,0.08467845051635915,0.07075900088878416,0.03389863047927162,0.037369529968504664,0.053110484707888005,0.014923429232317247,0.042877069618731424,0.023320995846372972,0.019211854228616387
Prdm12,0.007448500866385826,0.007663138446158142,0.007425296908923794,0.006775583297031164,0.000951366148937388,0.006775583297031164,0.006357910194077434,0.000713524611703041,0.0013458350608494436,0.006334706392335162,0.0010557843935318683,8.12141843574049e-05,0.00042347397552941804,0.0003016526927645202
Kcnc2,1.6716677801195088,1.0392930642815297,1.1683950980776874,1.2954631813520983,0.6156921781014333,0.8092846611857653,1.4179551806186248,0.7375304046558171,0.11321850104467955,0.9316192090398235,0.2344393035772912,0.3905384456458307,0.11394488176885693,0.5045680814464146
Ptprd,0.6574598931540525,1.2828064605882823,0.7757247409958045,0.9504793367698929,0.6230154137766556,1.0690656782870056,0.4450253485397881,0.1088598892936335,0.7390495800024225,0.5577436676695047,0.21982986003789448,0.4094353698841967,0.5229575412063912,0.10777470695584296
Nppa,0.0,0.0,0.0,0.0,0.0,0.0,0.0,0.0,0.0,0.0,0.0,0.0,0.0,0.0
Grm5,0.020871599908875032,0.15332197902058906,0.23655173543818236,0.16279709528452488,0.8096432803760217,0.0762031908076616,0.21145587407400582,0.41995684318452164,0.5986590813601305,0.4511012407910295,0.20718305514987814,0.6024463721453274,0.3700564447874199,0.2325494426043494
Actn2,0.2516369237408775,0.14952639986601993,0.1093492815749526,0.4148729927148351,0.06478091095694818,0.27027374119950787,0.37350405053452457,0.025579622043152738,0.07591500426202547,0.22984065446245874,0.11454839170268453,0.18078505542780215,0.038889342467165224,0.14149578306397761
Sorbs2,2.1671284429606663,2.3710925032045878,2.450916992552073,1.3868486830886801,0.3399252034967798,1.6547564880863948,1.4543191254831767,0.4143600876436925,0.6401932083301509,1.7260640630998865,0.72145941092893,0.35673736465914063,0.0751002680792559,0.2888676639967894
Cacna2d3,0.4549479142558611,0.8026068748967898,0.4590889762384829,0.6806456228851586,0.44378598685277226,0.6930477546478568,0.34345487716937234,0.0989542700100501,0.45179482961054246,0.35271443374601474,0.10373644603767376,0.3317464226179786,0.34518906138097294,0.009984764458066772
Aloxe3,0.03336621235724151,0.04501376073114321,0.022069983741120763,0.03999171169064149,0.050418654412465604,0.029335063151568457,0.017980281000673348,0.027191122039672746,0.039870102586326846,0.0067561175852747235,0.016268731334921255,0.03415893125786097,0.023394183587744966,0.011062016653321124
Gimap3,0.0,0.0,0.0,0.0,0.0,0.0,0.0,0.0,0.0,0.0,0.0,0.0,0.0,0.0
Abcc8,0.282958001813866,0.1521439487547772,0.3118393400600606,0.34796230102659786,0.4187366671259632,0.37805961245805453,0.51229697505178,0.2576626482641061,0.39317796048341835,0.5424407376277504,0.23208071864811525,0.19394404313319077,0.16641035461865075,0.027494962075293894
Grin2b,0.5083354291889596,0.4215276808205861,0.5283348223587536,0.04333323535553968,0.242719803500794,0.061552406781043095,0.1512565770557025,0.3475913226125083,0.25968151370002157,0.17134076052417802,0.3656338780029502,0.12397374226735941,0.10841079465600668,0.01731492567633715
Syn2,0.08961219168692383,0.29641250746252135,0.10811120575685183,0.20107290863548796,0.24528772526819495,0.21869617863567803,0.018006814750716714,0.05916616401756541,0.26347352041960764,0.03501644746790327,0.07652736583859009,0.16796132859970217,0.184312569281819,0.015603349438266304
Nr3c2,1.482980288279866,1.1796080246663379,1.3130947331265954,1.0704696705089725,0.2927189414391295,0.9038732436666225,1.2123538551799047,0.4308337380872688,0.12089774601950183,1.046164973960152,0.2597111155669585,0.018177594469470877,0.1498305307562041,0.16675650527394462
Kcnj3,0.2985025989363775,0.03727715060934468,0.03433588713543253,0.3384831988225433,0.4154872219626484,0.004312796828817724,0.2792060190576963,0.3523808500276073,0.08990278448880455,0.05695428427870404,0.02600362762549821,0.38414016220461566,0.054877167549329996,0.33128460952322986
Glra1,0.013840149836861243,0.040485415862447104,0.04769401832760032,0.08499189838434852,0.050451057144051396,0.05042357803736824,0.07717875680154607,0.058410745766629205,0.0828485477331458,0.042761576458844035,0.09105554585711158,0.041291460233238014,0.008610020678175304,0.032827992495863136
Shank3,0.45599795504689566,1.0261144310874062,0.7527564167549801,0.3502659965915081,0.35849385244628273,0.6531622914766575,0.07627303568299357,0.08356170092942569,0.6551993882540009,0.37563742775508074,0.37754227636055165,0.018982276747597785,0.2817446035022707,0.2974198579185474
Lin7a,0.04178905540084576,0.53826118283734,0.11370646116974717,0.2943273109661418,0.3812537333243395,0.4391873934708406,0.13354977270077845,0.04869333375951166,0.5295270165198828,0.014678080262298249,0.1024091392084658,0.2865665034371732,0.4272865886252279,0.14422414634383193
Gabrb1,1.0869927024795332,0.6198171705884034,0.8788702896767346,0.24803106413966705,0.529047254887983,0.04684375295613776,0.505416994371028,0.7882161234624929,0.317428349047927,0.30456543245224,0.5762151996421265,0.05152118017469063,0.25689966195866626,0.2052858608282877
Slc24a4,0.08682853218447584,0.17407116997129943,0.17686641752521814,0.16683459745175402,0.14544581104017598,0.0767242457148852,0.16597532346355248,0.1489139836717169,0.2368606162672831,0.07488145633111774,0.24126053345172072,0.0949761453663234,0.002236194430375526,0.09386840384814461
Nrxn3,3.1884776664232435,2.409007933385027,2.957247145325524,0.3817935448241816,2.0039981682552592,0.15612955090220315,0.8992362853499275,2.5473928252584424,1.7789991428079748,0.6766880328783327,2.326877443533555,0.3031778195818128,0.5181456934475666,0.21479686894938627
Reln,0.6694581845243562,0.7712906531405976,0.16878954635514165,1.0810553938008407,1.30334512748455,0.6016824306406149,0.4875903880511879,0.7030339330308355,0.7997292620614204,0.0020262114403346923,0.1942297650551923,1.087973176320941,0.6029002122645049,0.4899338236210627
Fgf12,1.281694694378767,0.9342186372709246,0.9735244958046733,1.0507589219048712,0.44329103301651895,0.7608080003477127,1.084917268133026,0.48165992310359007,0.14399339004876782,0.7910492942482231,0.1791451133527473,0.258501780370725,0.02677581741141303,0.2879190556530735
Cacna1c,0.06323163891251515,0.11300414054705774,0.09616827084096174,0.036964810012539095,0.03180706840721344,0.0709234253579013,0.021903965402384443,0.016614740456618694,0.05562351930837818,0.05361540983546725,0.03907452353006328,0.004267239122383145,0.017463407112469624,0.019830111251169718
Kcnk3,0.03009713779975523,0.0033192631114255036,0.035691403579824525,0.14804908268941394,0.018423774460534545,0.0867608153907101,0.11021943113899968,0.020506084153278224,0.04513327597122262,0.04806094193802815,0.08492092158750747,0.10088322411047396,0.040104654219058046,0.061723376164145013
Kcnk13,0.3567995719949402,0.21037094632305317,0.1985002953880858,0.3142906420658208,0.22208059109073996,0.15733317356783003,0.30295669636476047,0.21142651524242742,0.06301199075721345,0.14577560818999113,0.05274257677223696,0.16669909802328012,0.009133339580676787,0.15760154119281558
Tmem108,1.7664865719585254,1.5745713551051366,1.634499752235853,1.0677553214376392,0.6905001024005665,0.9468587899418738,1.1166126021825211,0.7532491990466732,0.5651366934501755,0.9987678821430855,0.6301288955016755,0.05449872823018872,0.057839312514253706,0.110672561752064
Cacna1d,0.10901987783288278,0.02742172448960053,0.015504391336643941,0.17142282689327823,0.054220900509373664,0.07955264493574452,0.16221802973381416,0.04435649143678785,0.044630708445436734,0.0700810302761878,0.05449511751802255,0.10663344617656413,0.00916774938308416,0.09778438744727025
P2rx7,0.38019806541023826,0.2067741753176651,0.3530889838455653,0.02770805144381963,0.09418102063947756,0.007133655242415401,0.17284888170974755,0.23820779005079376,0.06876100911615714,0.1383246310853265,0.21338673152440085,0.1131082633397869,0.1443142655635771,0.03128985299043992
Nr2f6,0.4099526713875785,0.4268035068119207,0.46341025202740455,0.241245740768449,0.03868631074230544,0.29408420842146005,0.2817734851853128,0.07963474624224304,0.09295350558946155,0.3337865025911607,0.13296534027271123,0.09481876523313308,0.04202790690539226,0.052219375972674016
Gad2,0.5081241904124555,0.21563737829253393,0.37863789034477335,0.03731985647327822,0.24786730242261543,0.07956910297066347,0.19734573158829988,0.41811080607669127,0.12225275101333109,0.07960687823042857,0.29213741251384695,0.05381727339787219,0.16831708454692249,0.11515139762377341
Grin3a,0.0636350447997701,0.19289315387432254,0.018720521870167567,0.03233293651489127,0.5381367640847063,0.04981094544110582,0.17630792390505173,0.3242681409710963,0.45493444466173943,0.25820329802217956,0.24100139999522857,0.29227575234977693,0.21083135998576924,0.08126951842186961
Gip,0.01881694546228675,0.007470763560995404,0.005660063952371834,0.02432720278099523,0.011626253622165718,0.011378747648573311,0.022588149914475136,0.009802527714629361,0.0022470911126176905,0.009541995092443642,0.004057790371560735,0.015573318005204086,0.0018823458262062617,0.013736565099393893
