,Scn10a_Scn11a_Scn9a,Scn10a_Scn9a,Scn11a_Scn9a,Scn10a_Scn11a,Scn10a_Scn7a_Scn9a,Scn10a_Scn11a_Scn7a,Scn9a,Scn10a,Scn11a_Scn7a_Scn9a,Scn10a_Scn7a,Scn7a_Scn9a,Scn7a,Scn11a,Scn11a_Scn7a
Dsp,1.2398256027408288,0.6803093952068198,0.4731311756061726,1.3213062911101683,0.7631868906154584,1.4045407737775648,0.0744966271343854,0.7557682735554566,0.5622787837707083,0.8414859398055425,0.0167229402876708,0.09542552204243998,0.5527183993889087,0.6470264653845261
Mme,0.23471061208155372,0.06507877924730736,0.33045121743360334,0.7422433545718553,0.9094828036789854,1.5886763662080254,0.5069119326881422,0.5764272106286255,0.5127717492469492,1.424858966647884,0.33753751313343106,0.8503849519951416,0.17306898473934024,1.0220154403003594
Itga2,0.7829274700644734,0.37671713209024865,0.2217595634313855,0.9612670085575058,0.3477618173728148,0.9407624302851861,0.16819094823280265,0.5377988795876608,0.19363377448556218,0.5138336274961892,0.20139104970496227,0.026233458422313193,0.40792121286107863,0.3869435139036473
Ntrk2,2.2527947257513747,2.089752578451906,1.7971650176230682,0.6160809937302901,1.3350811895313757,0.13690175151736136,1.6168655952653783,0.45699459111629703,1.0402265470954006,0.29684407072979463,0.8597651861788883,0.7571698418202786,0.17539524166491857,0.5799008148158353
Kcnj1,0.003651300340989792,0.003651300340989792,0.003651300340989792,0.0,0.003651300340989792,0.0,0.003651300340989792,0.0,0.003651300340989792,0.0,0.003651300340989792,0.0,0.0,0.0
Grm1,0.7354431375835482,0.6027621992234855,0.2875966569375278,0.603581058869495,0.52414993299816,0.5286196735598001,0.14531666793747677,0.46182425436840024,0.21755986297843236,0.3858278648428977,0.07576893054805346,0.06490743045329606,0.1517994480028399,0.08605039475635518
Ryr2,1.0833145788327663,1.0013909514603414,0.699811817624804,0.4764272106502179,0.8995865954775738,0.36823676393179805,0.607539968103761,0.39115905511570864,0.6068756961087006,0.2822344408176294,0.5134035390001623,0.10019619837231072,0.09565135480224604,0.004941054756240077
Gria2,3.182730195039957,2.737585114820912,0.9013845301297532,2.697248909978809,2.0478848930493596,2.0121222871252007,0.4539675563436278,2.255113720915565,0.20973684937465056,1.5727608018706474,0.23334256927675384,0.6798153035737606,0.44700386622499155,0.23520151864850342
Lrrk2,0.852650152219357,0.8395414006446197,0.4030706432479168,0.47759735683262916,0.46383223400626994,0.09845628082615027,0.3813352418960025,0.45916257958637113,0.02550486453798688,0.07941202363018308,0.0046040031362599215,0.38082888757162614,0.026883253605377456,0.35413317400327465
Kcnd3,1.0488705521560744,0.6877519757197254,1.6484325427123552,0.23809302084016043,0.5588453929487126,0.3594919169386338,1.287138759139647,0.6007882095883774,1.5118180845254146,0.7267668010649134,1.1456943906383548,0.1398677561894241,0.36254504719067554,0.22573040026034616
Ltf,0.1729340412678189,0.20493674182038238,0.09795798647106677,0.2383689885763157,0.31940820730975245,0.3451122395105484,0.07202937674252023,0.2638101285717667,0.036915671394152916,0.37908124461245796,0.07018359434901145,0.14255802960815966,0.018896004467203242,0.11568189172766116
Gabrg3,4.261814196831279,3.9221012665848174,1.8930313098844889,2.7251947982523195,3.0757237572793206,1.8741400955963268,1.540163876790362,2.385335627167826,1.033755058274721,1.5338789844344696,0.6831896233312957,0.8615782497604698,0.35473098459900976,0.5080531160455839
Kcnq3,1.983860413236903,1.2492286594668178,3.7062504680125308,0.9985168892450441,1.1502696310999494,1.1009733543002946,2.970452902012985,1.7386278543176183,3.618316361941612,1.8492114757231422,2.877439393075762,0.10482129185987898,0.7429754532317172,0.6471474147267198
Alb,0.03498719443272507,0.031480935865898604,0.02969010337435711,0.07044566157248192,0.07028542910510306,0.11165363549707046,0.034327415173000086,0.06703365628200206,0.009830722987969916,0.10796829507265557,0.004675013109181615,0.04107602186782276,0.00453363161333702,0.04592069150695814
Usp53,0.036497293313181356,0.03206340417628633,0.046216996380391596,0.004598465310725892,0.02375712444684862,0.01505392299656896,0.04195736591649523,0.009196930783871673,0.0351129138996747,0.018442266592267532,0.03284756414428311,0.009816513441098388,0.0042015452140828115,0.007715740834056982
Kcnh1,0.3638549616851382,0.06299000986438923,0.11763092414029473,0.9080333895105002,0.17231432415104447,0.7931430162505084,0.5428188130255559,0.48724312347708953,0.2383847850314487,0.3734574506078383,0.6608958658956313,0.12173111477008017,0.4204078587774173,0.2979756794830541
Rimbp2,0.22950695087687337,0.3040885365329738,0.16745958042723755,0.005989892756418958,0.317850442879998,0.002732579188556858,0.24210057863788448,0.0672254084546683,0.18032052481842864,0.07170050199024085,0.25809012356974176,0.009247206656491718,0.0724331494148674,0.0672254084546683
Ifng,0.020114490127684254,0.009050591327900299,0.2099848609414951,0.16827533397720892,0.11193989341464258,0.0512866869407661,0.19841299830517042,0.17988437377776711,0.30290055314767367,0.06302581621874741,0.2918862096214171,0.1038247168410718,0.00952759033548047,0.11263990591966455
Dlgap2,0.4890801003840314,0.7117972875606212,0.26663684855408903,0.009715427719374743,1.2443544589593045,0.5338426974110501,0.4948545582076547,0.21706920293639345,0.7936091841106752,0.7292261040061896,1.0106995166566453,0.5010926511458322,0.20598392240370103,0.3034332433392053
Epb41,0.005578810910500255,0.04295422517572491,0.08160648121294573,0.02896791053892489,0.09680415636221743,0.08736208406497119,0.0324644891981249,0.07502583802196759,0.034952691812159334,0.1338325278725465,0.014182751714185777,0.05175460162867423,0.047112141848982915,0.003601345137090919
Kcnq5,4.232970726400816,4.576544425845034,1.4197749918320033,5.355220898803146,4.8214745081505095,5.600777204144531,1.083600894665728,5.719400033925388,1.1778616667822583,5.970591391617755,0.8298480627254405,0.26564927904968805,0.3547872220419049,0.10359581660092677
Slc39a8,0.16160212746486666,0.08680516951016132,0.09696127716185042,0.33537528392832505,0.11144237296469658,0.3606536122239083,0.1735899876935937,0.2609446942452185,0.07715789283182566,0.2866707688020991,0.15297248883067285,0.021838675442777945,0.07688312943307213,0.0978771585723476
Ccl3,0.015709659112492825,0.020310871017492217,0.05253272748854831,0.06524959393362435,0.030901013875158263,0.07509738663371458,0.04790142010310592,0.06956322919693898,0.043393837384877246,0.07953140381880122,0.038916350147091563,0.009523437241372576,0.004614587195353275,0.004922226054471024
Slc34a1,0.34111337198228275,0.34778962363344534,0.3188213678034972,0.010630436826457484,0.42840268044282215,0.08626252411180635,0.3255019731381482,0.020352065682071135,0.3996441239065827,0.09971988175245519,0.40849626962511976,0.08161361584485574,0.009721628855613652,0.0681518932611923
Asic2,0.01679252364283249,0.5816948706777484,0.2004030893285642,0.35656433945617555,0.23412653736363578,0.7057473443100895,0.36519126919326944,0.1929756288830518,0.467145891951673,0.17286150273423037,0.07658129135178557,0.30471050160722574,0.5512468993054149,0.8371811525446922
Nefl,0.04294925541009975,0.04702846801185534,0.005410834873707762,0.03198297289993688,0.04108137256975295,0.026258817112937535,0.010128745285317996,0.03654422265272149,0.00040370370804682597,0.031030956602948617,0.004904698695644913,0.005706080910184481,0.0052662245371183775,0.0105987288792335
Gabrb3,0.8468502013726117,0.8028132652915089,0.033689248086920406,0.8317602241752157,0.4812288900876301,0.5113898767895588,0.008403342896742235,0.7867179048973882,0.29190709649495494,0.4666416204010903,0.3323588521999818,0.32268456503993237,0.0445965212105589,0.27891320848390533
Rgs7,4.360045739437125,3.67624813439347,2.340956832892978,2.6862451165760293,4.096790643534172,3.1050257951538365,1.668269764138064,2.001786671101011,2.7803925215609713,2.4097502191510283,2.0970842135300867,0.41141420673486523,0.6742288655264654,1.0992744509933137
Grid1,4.435043775884991,3.572171844586726,1.8652037003272066,3.441531684580971,2.996866019207811,2.865789078301831,0.9882723687311319,2.588724393925753,1.2961414610451139,2.0111696505364547,0.42086938408728614,0.570830570106576,0.8670415864497636,0.29730258400679394
Bcl2,1.3618539214131433,1.7411000765786964,2.889376261917484,1.9371774819138414,0.8357942840466479,2.8733438749994735,3.283111801597452,1.5597754316669588,1.9574626360192133,2.4796834728278543,2.364370443890774,0.9382738896984851,0.396445272893353,1.3486816532215518
Hnf1a,0.029448844003444483,0.048908270153421946,0.007485107636778264,0.02090635977993557,0.023429221991882555,0.0035987878061762664,0.01327284912804975,0.04005970141226914,0.03371544786740442,0.01617599487539474,0.012614308071975328,0.02656424875747793,0.020609553251760525,0.04737785503460149
Kcnj6,1.5050971735354957,1.0847748187485695,0.14814349968375512,1.7791417390218813,0.9479163383900754,1.6496458765895,0.26330555411012063,1.356161962325696,0.01645432209876172,1.2286408897168992,0.41828377853135834,0.140435088938221,0.41652731859771475,0.26855673364608473
Prkcb,0.05746276836396156,0.2438007362191228,0.22937855393516146,0.14283514745580173,0.4607807419118301,0.08173601238470596,0.08079096989655307,0.1584386388818249,0.007734977729299154,0.38000003308911956,0.2990447102251377,0.22449925304759408,0.30782745871632555,0.07998973410066083
Kcnh8,0.252313981758392,0.28677129510845567,2.06617032299516,2.3824019072383535,0.20378537161896826,2.3029213242072877,2.0593087295370225,2.3810593526499413,2.1151215950789797,2.296830444172932,2.1238975008705876,0.05471899303901213,0.03724173352710587,0.008825643877093108
Trdn,1.0454772684392033,0.6570672876955573,0.7704507790373094,0.6764229722387437,0.8976774510016041,0.9164130951680274,0.3765621106307572,0.27607489930396,1.0164944660110298,0.5183196361098322,0.6231131171221169,0.24843359614189026,0.40574781060535337,0.6521297358080277
Ano1,1.018229078839676,1.4370806639640514,0.9585659049167576,1.5885267275097783,0.6287078401883512,0.7758283670383332,0.5660811305467243,2.0173367680398635,1.7464119061295986,1.200356503892835,1.3567926165691229,0.8005282209399195,0.4010158980848175,1.1974583354468933
Grid2,5.658783393757638,3.196932217538141,6.925800706593395,1.1802385409801213,1.6572837376055871,0.32783964009583155,4.411041528248597,1.251390779285548,5.405665722568102,2.782472504640367,2.882101408362608,1.5209284792937656,2.481840436585421,0.9820911278578721
Adcy8,0.17340659052722704,0.4235591076295567,2.434034317023875,2.519663424683239,0.08412099581519827,2.8908948000419508,2.7058368802816477,2.28471541220238,2.102033300266299,2.6496667082806193,2.3801779131667677,0.3524942135000978,0.25341656678509195,0.6137196697880828
Fgf14,6.54188372437373,4.897350205207678,5.314214426695664,2.910202113941701,3.608175153400158,1.5515172291760109,3.6444258316214633,1.257547995676984,4.015831177219444,0.1029241959539143,2.3528806108543376,1.3707296258115311,1.686457023396977,0.31860266154459854
Celf4,3.8673403513325004,3.4153163081585975,1.7517998317719325,2.5686139721983423,3.2804880931140037,2.42787441751611,1.2961296422025366,2.1236063833977896,1.6075521889344861,1.9910431298762385,1.159644079461114,0.13960699050183403,0.4482119256552437,0.30167152890579924
Slc1a2,6.581586874890158,6.135757037939151,4.460695588246215,2.6184709237132693,3.272996294453562,0.23606442254615842,4.002140404813002,2.140477339729547,1.617557656272819,0.7301030102304764,1.1294207268019674,2.881424494231278,0.49577218686647406,2.3656605749166437
Hoxd1,0.013799538067635366,0.003668508480536422,0.0064013067347804455,0.017275657751264044,0.00924341732295664,0.023405870893213998,0.0037253507157745036,0.007337016961072844,0.012304150935778068,0.013043099759127551,0.002133768903768629,0.00610835081601087,0.010113539867195032,0.016527964185335395
Grm3,2.4707809816758783,1.867279114816702,1.720442132706675,1.3873075204326506,2.016867408785748,1.5445796001150254,1.0988017324537558,0.7804452213343992,1.890664589733768,0.9353001399048131,1.265899657448502,0.17214836543741172,0.6262780895162652,0.8005684815827384
Grik3,2.9059327144698615,1.6740438113747376,2.57679874184221,1.515678981202882,0.7786822547629239,0.6194412569240996,1.364446190911612,0.30221969868146253,1.708474343393875,0.6038091838029874,0.4921560661536502,0.8841563273328983,1.1924321146704806,0.316499117050131
Rapgef4,0.17289496178161598,0.13104042308090205,0.35645162554183407,0.13022028964795282,0.12798229936432826,0.1302758921517586,0.3131375269465284,0.1767871090625318,0.36362430655454686,0.1737428894700957,0.3194483808108721,0.014373160945204317,0.047498155989440516,0.0562137955217806
Grin2a,1.315509693943517,1.4726555175635037,1.285110691575373,0.13315231852576162,0.7399041212203303,0.8645425944137317,1.4281113447600537,0.029518231800522883,0.5314349521529627,0.7062757558779624,0.6708325334106482,0.7593872489618729,0.1485252858592513,0.9035087827312971
Scn11a,0.0,0.14028679568690028,0.0,0.0,0.16539722253634387,0.0,0.06514082073705504,0.07441460812276712,0.0,0.09956403841079574,0.0914604392572489,0.02635862850297997,0.0,0.0
Hcn1,5.647250468806689,5.321122163664896,1.9369683688441348,4.006222197614222,4.686895122807683,3.3983619814167505,1.6199764831703136,3.693954834282118,1.318200102867917,3.077861396410114,0.9955109956477838,0.6119246936911077,0.30591024264297695,0.2960096864859824
Pmp22,0.07347366682885907,0.018501935828450895,0.057298778084793084,0.07490422941355206,0.1592978567722155,0.10548011377682315,0.0013924137157489888,0.0190360123133954,0.1136438504465518,0.16115758653225978,0.16951207394693477,0.17365116430516983,0.056697940839188075,0.11702951416362083
Kcnn4,0.08231090788177028,0.013737187637024015,0.16090931574706707,0.004685044914851588,0.030504224520726986,0.045531903410586716,0.08835190380343987,0.07237038622674392,0.11976321246446513,0.11186129120541721,0.04908543031258748,0.034048400136883594,0.07124821937422508,0.03608700178798393
Scn9a,0.0,0.0,0.0,0.5055184922618875,0.0,0.7789788998580716,0.0,0.23589919594523,0.0,0.5009339736185268,0.0,0.25786594660319884,0.26885817166631104,0.536070168057045
Cd36,0.15567729555856932,0.13476864916488188,0.08532958700424344,0.08447640266904953,0.14779958386279304,0.0856139817826414,0.07305514256955373,0.06455744674516348,0.0935599503627936,0.0683341991725351,0.08277004163280605,0.0007508002300931097,0.012644158410021492,0.01148951927411502
Cftr,2.0770138720439144,1.6887913922551148,0.4076569130112611,2.066043449926399,1.7065236466055484,2.0943284864112286,0.021322068337614263,1.6740608603840543,0.43662273278185193,1.6955996404682552,0.04129796940989609,0.023998931913260472,0.39014124580075554,0.4218458212741778
Mc1r,0.008556522568910992,0.006537368146831994,0.0024030782502151827,0.011563925622121751,0.002637698354686215,0.009605203321545195,0.004244490460386318,0.00974384252623704,0.009875371440894854,0.008428548035872077,0.011265317869432204,0.005069215398503357,0.0019409477969284678,0.0037005983132718675
Mgll,0.02658288611527059,0.03534069388875953,0.03859447972583759,0.06157432922037496,0.005181297764277572,0.021945360004310195,0.03039370379626841,0.07078749303687944,0.08042948064792445,0.033077193148597916,0.07122958147224874,0.03761303871174615,0.008620759794829146,0.048196679348031186
Ccr2,0.4305380779867104,0.4085178214624897,0.10759408480125175,0.35325766971421085,0.3562280187226209,0.30426170933517965,0.09948445689321017,0.33128890513403697,0.09307321842610304,0.281293010279442,0.07855970578738662,0.01385915246115309,0.007028833120313129,0.0053304432846531516
Iapp,0.06529904928236048,0.030277651303871188,0.06611306559622188,0.04395686186022063,0.001707562199710983,0.009323757472565097,0.031091667617732577,0.0008327289711288536,0.0346471388052576,0.03231736922307827,0.0024139782980152997,0.03157820514572205,0.044789588721590584,0.010058243410720629
Cxcl12,0.08560092842188072,0.009105366236834663,0.148648160096478,0.0335727617369617,0.057437209327555326,0.10035127210129485,0.05281461895016844,0.06073156911478416,0.2170782243227826,0.005907128197662613,0.12110487012458665,0.06896310047871021,0.09513447442082487,0.16420243725404216
Gpr39,0.17898144319650766,0.5401626197030733,0.886154166664012,0.706403744107624,0.29253349711043425,0.47248328091064484,0.5214508926722702,1.0728253397493523,1.1398116605813027,0.8309777633085355,0.7809943597561946,0.2518917083382974,0.36924118238062503,0.613585546246113
Dpp6,0.09721056325702473,0.6998499107135246,1.38530964438631,0.47575049103101547,0.9374415881714102,0.706607873106763,0.578584823737259,1.2747485875611027,1.128578272692729,1.5103790943780542,0.3207665138353898,0.25467561229471497,0.8087569526800511,0.5564206281985897
Nlgn1,5.892765131570203,4.553110021796303,5.424173501468895,1.804357540938717,0.9691088475087019,1.7935806347494851,4.039142025075825,0.46372991901758975,1.824128612632829,3.137449425714838,0.44671381127323573,3.6117131653674743,1.3887589015109094,2.2233593781251275
Foxp1,3.43421109975687,3.169705829664399,1.8064414971154095,5.521582545069529,2.885478994879233,5.235530965535658,2.0814257157894622,5.256900726601507,2.1023836129526257,4.977737002922185,2.3690668480053056,0.2801647406226577,0.2789284698823904,0.012127324589620708
Gria4,4.878688119616447,2.659919063871283,5.835539736713799,1.2769130505444501,1.210963334958557,0.18885945067446777,3.6081685356736553,0.9543717861205916,4.40537705184463,2.424910287664554,2.1757971721111655,1.4521331058020477,2.2407394766780433,0.7918612059158135
Cntnap2,5.436233548567774,4.776058436402664,1.3074732004224787,4.815292079225203,3.8271674038320187,3.8744697199780154,0.632154605741628,4.140921346144224,0.348363593767394,3.19279327292495,0.3323649528978298,0.970322549114296,0.6953631310269232,0.2692257805012104
Atp1a2,0.9287280777155873,0.4178124171405801,0.1768237730288258,1.2593137750788306,0.21450293130236223,1.054621620029543,0.33060218467037805,0.7477561589689031,0.02939929780641764,0.5498294060816291,0.5301420976654498,0.19279091528940348,0.5069485714494025,0.3068654610606398
Dlg2,3.4714336788717692,3.718146380512254,3.0888371105623587,0.11639663557221525,2.131292361341945,1.4463429550322875,3.3325025679565288,0.3654417760965338,1.491599865398652,1.2153177545811462,1.7243179968522118,1.607394673388024,0.24580982614455402,1.8389464197199623
Cav1,0.47892077291669916,0.167638418475914,0.2273468448079414,0.5564990695794985,0.13077450353004832,0.5237828226859584,0.08056309083436086,0.2509407825937661,0.19283457418304223,0.2219975078951339,0.11092768907133106,0.0219271150374336,0.3020308400144983,0.277674547059507
Dcdc2a,0.143325601469337,0.10043942031847462,0.0386906717002207,0.1713608183485078,0.1170720405564165,0.029058233509492295,0.003402388135458554,0.12351473772473381,0.17474021631220174,0.07615716845615478,0.20835029740806427,0.19185560878979488,0.04096659356493956,0.15252699274202444
Casr,0.16662958729134017,0.1727587542041365,0.005858888457531375,0.15426663860710488,0.2632402156554568,0.2453932718275977,0.012920941404538963,0.1602475800734298,0.09285291881072516,0.2509993176396379,0.09947032818359866,0.0847271995543173,0.006966148972120397,0.07894678160227649
Igsf11,0.002099813399821485,0.15992450274315576,0.3081016492053014,0.480044430778542,0.142690545991408,0.5017779779320206,0.4619008671534657,0.3159686926006389,0.30185059192875485,0.33680231517994236,0.4569464976669295,0.00904758288317569,0.16047605611577456,0.170781600514571
Cacna1e,1.7108857826781971,1.4444966557076155,1.049216831052438,0.9438014154868338,0.47630697472041295,0.021686734296454534,0.7715931134896359,0.6731271306227654,0.07670470764089071,0.29804353112764453,0.20790571777410602,0.984342935162801,0.2834739223964126,0.6942735674306745
Hoxb8,0.004021566637851058,0.004052985051024711,0.00473633718478536,0.0015866337395631274,0.004916993653537994,0.0007383345281268449,0.004783464936324535,0.0015395059880239524,0.005600345787298642,0.0006990613667032133,0.005639619001433753,0.0008482992114362824,3.927311187484187e-05,0.0008011714598971073
Kcne2,0.0005828099450775283,0.0005828099450775283,0.0001793261284611559,0.0007621360434527516,0.0006500572194324318,0.0008219114463495213,0.0001793261284611559,0.0007621360434527516,0.000112078834048964,0.0008219114463495213,0.000112078834048964,5.977537782515934e-05,0.0,5.977537782515934e-05
Kcnab1,0.23955678797274704,0.027510847932110616,0.4672545913208483,0.932587448957926,0.5670066749489288,1.462474756034212,0.6832703749904814,0.7220586603904173,0.0856174036105261,1.2559663573580446,0.1241022523524799,0.5556028400084589,0.2123240823562576,0.7621365012102044
Slc6a11,1.145299354240951,1.1807088271856225,0.15620906686458466,0.9397545632763848,1.0934747497416069,0.8529503895675197,0.19837238473203256,0.9866579976322118,0.06767400108079497,0.8945819496308245,0.10534609353659408,0.09887508649168762,0.05489038008968563,0.15012270165944086
Nalcn,0.7310552745117412,0.5512588885225032,2.755627299890587,1.8581741318056222,0.05214874172009074,2.4768427905575026,2.5787775814021967,2.033606317750634,2.1636445832010103,2.655221504092271,1.9859052633549974,0.6169173916179311,0.17304152512230736,0.4380939007228669
Pias3,0.062320499236349754,7.58618365788469e-05,0.11947290632556956,0.006694807178312332,0.05911533664248441,0.05290414598447244,0.0559006904670994,0.05618517245768105,0.0604618843069874,0.11571775168639431,0.0032999898179966913,0.05953257604683722,0.06410325187730687,0.004599123870434008
Ephb1,0.5612560542795112,0.12644543370608952,0.759300836668007,2.03232029169809,0.1885791927252554,1.9521767474559772,1.4550857704602633,1.3409540091710774,0.835088549574604,1.280055849306653,1.5142667644099799,0.05901345305659539,0.6999523229056818,0.6242065250864257
Phox2b,0.03378066541621664,0.034419225328473795,0.029555125110534552,0.04549549974696566,0.035365241972746105,0.046339030813899576,0.029011165804603306,0.046007925517454924,0.028254352489185466,0.046930291481095086,0.027710393183254217,0.0010406178854590088,0.0005518428379259234,0.0004572412158227455
Jun,0.0019337968483541866,0.0026229690614889057,0.012744543991847929,0.008033485930449691,0.004793347434389724,0.015532091799319808,0.013474860925992994,0.0074060304536844555,0.006562566019965387,0.01449319014788921,0.0068505783077165375,0.006140833457959815,0.0008331783915248979,0.006562566019965387
Pid1,5.6302240102297905,4.775315050372052,4.444457582018197,2.0719971480111496,2.02783641028286,0.6727745679927831,3.560082666155437,1.2032448347439195,1.7176284505999655,1.5623311375744016,0.8109798975658509,2.7699070735616544,0.8996880880483437,1.8446970102450369
Kcnd2,5.535202074966359,5.082328389104601,0.7200451187428125,6.66754583670469,3.7754645730515843,5.368029896694729,1.1913691476475516,6.218905466803361,2.007020909210674,4.9249010619638165,2.4755494722006586,1.2739566981676542,0.4765955818104264,0.8002364981919254
Nrcam,6.444470054970424,4.232701498800189,5.642728954790539,2.9417789003811583,2.344082024332857,1.0419009503816838,3.421207151882238,0.7626710272093656,3.7270783389885582,1.1108445434579588,1.5430099199229503,1.8737942215016987,2.18562881698461,0.28123634944030224
Scn10a,0.0,0.0,0.00503070716449172,0.0,0.0,0.0,0.011608289398941705,0.0,0.061363868764579305,0.0,0.06951522515692676,0.05864001892899116,0.005145041264363019,0.05267446291190162
Myc,0.015587070494760595,0.01578119538154119,0.0001884151306907944,0.016295054654715455,0.01737415974143963,0.01793940555498954,0.0003768302613815888,0.016506308005126546,0.0018213463272045772,0.018122110699693696,0.001986923238175074,0.0016100930151096246,0.0002055437859019828,0.0014502256303320978
Zfhx2,0.007703818639779467,0.0038735490253292084,0.06205252700488491,0.04566027223609164,0.003657149792586814,0.04496779367475375,0.05303949021146781,0.054987085484497,0.05968295311909067,0.05332080928664451,0.052000774184750666,7.573978954910855e-05,0.006556901544459367,0.005496544723128929
Cacnb2,7.135424262931984,6.197377697305599,5.711862190049198,2.3542635951904005,4.754501208390057,0.9056743201602534,4.7796643891836075,1.4096882289473065,4.225800143908595,0.027203553643747075,3.3097884229885777,1.4688559124111533,0.933966022453449,0.5484236446527403
Ucn3,0.044128074311833,0.016400872928151507,0.12068613306592461,0.01347015339046301,0.12698129414584294,0.11782976985602583,0.06021914641643705,0.07621108455675818,0.2740624865444511,0.05509503389720544,0.21306883274680222,0.14290507435925506,0.06098125806035611,0.20397307596894454
Snap25,4.7075291119500084,4.105302763425659,1.6799952513571554,3.6367629243578086,3.09819681244836,2.641340605002631,1.076870113611079,3.0358098082092115,0.6704552942266244,2.021439157435554,0.05160228749081923,1.021597981645852,0.6054094294637306,0.3938325493230847
Nrg1,8.415949622608998,6.594630439160364,3.193371800203868,6.9806233750596,4.773228905790998,5.164748974605084,1.3849218679176472,5.159634283310024,1.215807655497757,3.380882396701021,0.5475176689021094,1.8932546072704601,1.8038302055357138,0.13322902343374257
Pclo,1.5819095691819527,0.9849527556666362,0.16494700160253684,2.3960733013092663,1.1010376317792359,2.520762136791373,0.7872786510553507,1.7805374615909555,0.015538917442515197,1.901232256496575,0.6438119307818759,0.14726204227936948,0.6419043218488748,0.7945712438813063
Snca,0.40871008001300124,0.24339922857007204,0.17260577811834685,0.4309732553005985,0.2264158413128623,0.411068388404032,0.010242830766112735,0.2569419363037645,0.16691238407468917,0.23915777534896585,0.01545224305924477,0.005895787512605006,0.19141069655695833,0.18304220069886476
Akap6,1.182062141249983,1.0662069804477516,1.9502712823021642,0.6297257600397912,0.42503307502670024,1.2604009163193393,1.8254586749736932,0.7643447352075312,1.306495035054544,1.4090815092630686,1.1718984334531062,0.6580948050078113,0.1441683580508149,0.5016294851973562
Lrrc7,5.413488179666863,5.029375297054936,3.0751353259475707,2.7039532707833493,3.8345697672962205,1.4924954963535575,2.6982785728658567,2.325654773361887,1.8607470451947243,1.120569352838619,1.4915186609125395,1.2213652308310725,0.3716005317012658,0.8557650088609725
Ptn,3.0186635397092876,2.9738420679707125,2.001971708537794,1.106915476957655,1.7718460817585004,0.09550293281791325,1.9390421784292597,1.0601934645448192,0.8268474144398532,0.15030229845406085,0.7562628771705783,1.193232308181738,0.06915912069203861,1.1167877483570776
Slc6a4,0.011208949487927453,0.013490179407175912,0.00584425031644365,0.0025366914866540254,0.004598313747424768,0.015484574445789908,0.008941165085294576,0.004513159570804096,0.011150685983616777,0.013543960270567682,0.008067216731381438,0.016842555984046517,0.0026801086863571465,0.019522665151631886
Kdr,0.03623805323878608,0.04306960595953782,0.09683170611452872,0.07383728378802427,0.09656632339016104,0.016120069869429147,0.0981757630708446,0.06714270251799044,0.14404476524489976,0.009108738493025063,0.14633051061973268,0.05478940183435976,0.0014125392920745054,0.05294025996051288
Syt1,8.75446265152662,7.686350000331683,4.897089333539178,4.886800170304431,7.560541672420873,4.759688476770391,3.8547222994475354,3.822416697674054,4.744322105141276,3.689778703744466,3.696698075089539,0.17195303044191707,1.041737928376855,0.8788161324249625
Creb1,0.11777490846618931,0.0015089279874419517,0.12103396856064759,0.11580040382632739,0.0020586489275451246,0.11633890166955978,0.002019383099054147,0.0018959763708426285,0.12423693905102226,0.0010040821185683412,0.007045403311074732,0.0032197941718572296,0.11790953292699742,0.12019816758274982
Tacr1,0.49905327884379985,0.16953974976458072,0.18022459593829854,0.6205923687637388,0.1106748671125509,0.5497016742182156,0.13142960626384695,0.2965280031887141,0.10467905052299509,0.2353655864309071,0.19632447275621726,0.0683539839524545,0.30727266067965026,0.2292074911625698
Cacna2d1,1.312147544646297,0.9591553749790402,4.5678246250133,2.876131443614642,0.3724506913492503,3.4310843004805816,4.224596822321739,3.259119190468739,3.9667894787194213,3.861840256214972,3.5729135266220444,0.6663650112255659,0.3725911895475823,0.24087767163504165
Kctd8,1.8588846257454408,2.6082515600349803,0.04668022029288217,1.1538062596611542,1.3636602969638791,0.07238883288965285,0.7041584761554974,1.9043690045627029,1.3018032547028187,0.6692977766529707,0.5579551005830619,1.2525475740864107,0.7520344376172637,1.997039601002952
Kctd16,11.168704244959741,9.78172371796533,6.6584870154645674,5.925638370211385,5.87983530195981,2.065931175662719,5.28226475889054,4.514903868062859,2.7816307893836245,0.6337865537703538,1.3922000752364094,3.8688674954585625,1.4008280919528315,2.45003779691352
Plcb1,11.550587187123334,9.296645487012212,9.235284069499485,4.507884120468943,7.664960202168449,2.8649796728375407,6.993247687197819,2.2473593655298814,7.626952783867531,0.6102935977631059,5.397108617643716,1.6098195553941135,2.247531144367569,0.6284386528073596
Gabra2,2.5818552054011943,2.3314356191910424,1.1495589241259276,1.6892666646966068,1.7255054117301611,1.0865261530149695,0.8977389594763204,1.4351904419655337,0.5503039043628507,0.8248723437736414,0.2923844463284157,0.6113295116259811,0.2537183070530476,0.35042254129999095
Slc4a4,0.1259010574457171,0.3889931164736927,1.0754668080183387,1.2208530342129602,0.06834480587717882,1.5421237593681547,1.3421550692198922,0.9605444961318382,0.7544554609382188,1.2826277719835248,1.0191208226119668,0.32780609832604557,0.2632822488282156,0.589203809672766
Neto1,3.8362885589023366,1.9809804625687124,1.4748804116632663,4.270061678459104,0.533737130590227,2.823900304248829,0.4147211841632763,2.4142832000189416,0.048476656498731306,0.9634881674434023,1.8456409548125379,1.4322604780376542,1.889625154393456,0.45830548003046434
Gria1,2.151846171409962,1.9253917420222262,2.059372039278133,0.35541939172473835,1.0077807145258049,0.5584774606484103,1.8099820929628574,0.11237325324516723,1.125738716451596,0.8017675751179059,0.8717941423020437,0.9375372570530848,0.26660521782953245,0.6700645008112066
Kcnmb2,1.5111272141829255,1.9272238620473985,2.185160082890105,1.1455843162118184,3.4877328748247782,0.4261115450430182,2.649999376621649,0.7303399762526364,3.6582522803693953,0.854407193330361,4.135503595641857,1.5008459400619258,0.467609327938705,1.0182675774931906
Casq2,0.09176773602262833,0.11856123617030898,0.036900164709534514,0.04291885179817384,0.12782075192057557,0.05199120844019357,0.0640679843958275,0.07045114123954964,0.06182205923144188,0.07923783300531571,0.08908838336362308,0.016903545366780817,0.028300633374133913,0.011269030244520547
Smad7,0.04614034587490194,0.07940415524946685,0.040425056126461856,0.05121146583681402,0.06944009090147141,0.0421040085106882,0.005667319975961652,0.08555803218043616,0.04890890411092776,0.07604625278045439,0.014329342386536137,0.008490700891228544,0.03592957573373126,0.04389945858529929
Lrrtm3,3.8316720620882405,2.9240939952556952,2.1727943161478085,2.5457414819455635,2.017421517135834,1.6331089556547544,1.2628202993138578,1.6501421112549681,1.2586131718870852,0.7360778970009623,0.3495157502219183,0.9230628495477461,0.8981996969917323,0.02366528171639427
Slc1a7,0.00074630946990962,0.004865182037140454,0.042690791947185565,0.03791063222315616,0.07401689709270984,0.10590981850427371,0.035709490693838365,0.04082029598694682,0.023683517825814557,0.10931072117230699,0.030088554057961386,0.06847153274683428,0.003759888162850081,0.06348353844773537
P2rx1,0.05142073073467515,0.05338561169757204,0.059227791872811346,0.004735743340832762,0.0980771020098929,0.040480352598594185,0.06104959736339661,0.004044219999277966,0.10403374000257579,0.041195722278935205,0.10567909257172531,0.04535439983961619,0.0006009100450093724,0.044820260797807064
Tbx5,0.025807027906491132,0.11794158292061452,0.8961187660771018,0.7163702182485965,0.08392480001213479,0.6931958576793043,0.7506467744905533,0.8616689636843582,0.9268620103707668,0.8323632527188559,0.7890022576338801,0.03382625863604602,0.14626002619963008,0.17259532991492313
Piezo2,2.8890392629296286,2.212135485284854,1.9494682424757543,1.6222648929433272,1.1141800227207086,0.5207508291829178,1.2574256739453602,0.9348062338233469,0.8628516819190857,0.17074885471200463,0.16574279304835465,1.1016950042243054,0.704708451598154,0.39161862268346564
Gna14,0.3468900931276547,0.6273590760313739,0.18472073496801333,0.25281273743491983,0.5385479277791848,0.15606193946025784,0.08470880256434547,0.5387668947330772,0.26374847993318473,0.44123248660697884,0.0028347660982083996,0.09083927407988833,0.2757213362281463,0.36385260040174233
Dcn,2.473121961482696,2.0438767490683993,1.027141041021024,1.903334554892901,0.7550385127627186,0.6128522754392022,0.5732358036586578,1.472545602881692,0.26392264248393565,0.18276502783154452,0.7208352372900483,1.2948128062272963,0.4563110930446618,0.8368777341084713
Kcnb2,5.06919283038638,4.430952695805986,4.925663271306953,0.800169531051129,2.937205970217845,0.6779444727057445,4.281128316559622,0.1545278983516954,3.419258291061785,1.3273905012593992,2.7711957187447545,1.5026005843909467,0.6530429277316813,0.8455456770916532
Abcc9,3.506111644195102,2.587909508454718,2.652645470915415,1.8023377216922987,2.3909604033254266,1.6023097413090932,1.716605840881666,0.8743627472723876,2.43716346099211,0.6756457391551771,1.4994352768180026,0.21780606468474062,0.9457729442558183,0.7293772061920627
Gabbr2,0.5794141896901074,0.5409439318481978,0.3732503658410936,0.24860651426620492,0.6778154366375392,0.3851205648471703,0.33169117245432955,0.20235994367851268,0.5146878575119163,0.3367292690092216,0.471988853381441,0.139326485953746,0.049652509574220155,0.18938365346190436
Grik2,1.3799129948085485,3.377913427702829,12.346631350072643,11.832144696006551,5.13535106523695,13.648615558176727,10.327519504838905,13.78362282227394,10.73996882286644,15.637885027214402,8.704437603645932,1.742972573523705,1.9695915817366714,0.2581554112331693
Slc18a2,0.18906007023652174,0.10690414091084764,0.20132260813087727,0.07469089954178952,0.096690433694254,0.06856470495664772,0.11938981460166563,0.012333532677598246,0.1998519143924154,0.022760236495900824,0.11308105188972507,0.006481190282654558,0.08732871560715849,0.08662886885221129
Kcnj16,2.925053883618602,2.6774053375481563,3.3241871426981158,6.663361917138904,2.5342957003772915,6.503435272047082,3.640205369366996,6.372580443666914,3.5822167477673346,6.218450175812695,3.8875231841037863,0.2358345447576377,0.36318521845115204,0.11079816209225493
Nos1,0.3240167419993218,0.2799553757074611,0.06199980189127395,0.3175928853599766,0.24292536676538884,0.2811985155133327,0.009225156305066904,0.2734921389189122,0.021499114550632935,0.23718777113489425,0.030116761840393826,0.038858158380074614,0.05283089366665127,0.013652107185276657
Calca,7.879344513419323e-05,0.012016000564730482,0.01910741056071114,0.03418650554574717,0.0185657055386616,0.026504145157413003,0.031714362178762445,0.02207201357944143,0.025154807469803215,0.01447829551862173,0.038106479984818906,0.007465678776094743,0.012813783495262614,0.005417049559528072
Npas4,0.029440375260239078,0.03506255842211488,0.03292420689963565,0.0027069768151810215,0.0380498450819651,0.006302931403515259,0.039139040763694746,0.008233054039435089,0.04666731986210016,0.011220338549437471,0.050607654490215176,0.012517765805036319,0.007159873649143113,0.007808587008211558
Cacng3,0.27814696327876,0.30299411418180827,0.16633478421504264,0.11850362394099538,0.4757983609264758,0.2974126108379416,0.19652557955814653,0.13534323582091587,0.3264538115652837,0.3152036327944101,0.35712031620311097,0.168737039111662,0.021596566492549513,0.14571339368411015
Kcnip1,1.622334679673307,1.1744567694339774,1.3266248446557056,0.7517096405897609,0.8326521896206664,0.4040780966388287,0.867060510476848,0.30300161631795725,0.9829485145794937,0.039014548500052024,0.5269649841467581,0.3406977611033452,0.4603456501003406,0.11691343619257859
Slc8a3,0.4235259065169631,0.5984633794599081,0.34086006603598684,0.5987657060605704,0.6426855787444826,0.6367077520824119,0.16982537981666876,0.7794542549512177,0.3021209687740404,0.8235596551387926,0.12462060178832653,0.04471005569444821,0.17462825275167812,0.13856888090718178
Slc8a1,6.071088536120076,5.53909654845548,3.3470009467473796,3.2247925892645037,4.3000933252332025,2.0032079821809536,2.8436887269586606,2.690637089555694,2.0837001232935455,1.4553504721986898,1.567129833757303,1.276559009537974,0.5079164740326204,0.7532208373770002
Gnb3,0.0009643402382162838,0.0003523550755525576,0.000936522709325979,0.0015021452657609361,0.0024293955235350742,0.0006119851128823597,0.00037090007821897206,4.636251039963859e-05,0.0012425152782125004,0.0019101354239847868,0.0024757580302011105,0.0019472254044269324,0.001539235370656498,0.0006490751431058719
Alox12,0.05914270024092704,0.06195755596340882,0.035877855976415164,0.02733331131200981,0.07324773576063373,0.03955408471465526,0.038300475454138186,0.030102019286550406,0.046099005117893214,0.04206899555926248,0.04897538704196507,0.012005429632581098,0.0017073705713914105,0.009052140369421466
Naaa,0.3732741222432127,0.38442140761530297,0.07538506042708003,0.4383838098164946,0.35207546622394476,0.4083024337799521,0.06299647791618052,0.44970062267217165,0.1040132177799547,0.4176332313527184,0.09402242517029649,0.03068686587446295,0.012328030479513688,0.040314354829068796
Aqp1,0.05704620087036179,0.0626901682840207,0.00523274775224148,0.0475881914321286,0.0785837406901934,0.06461261394022158,0.005376673840342051,0.05367421468675848,0.017343115003302594,0.0705855507358502,0.01922443655464336,0.011411296793260858,7.196313373847559e-05,0.010280447381249731
Ntrk3,3.573087506939978,2.7281239246469546,3.470599229318865,0.9706752859820688,1.2619932166867307,0.5249698928632289,2.5967503861651196,0.13404713138409274,1.999960201630414,1.3624892670833402,1.1326642369871975,1.5000487035296317,0.8635214960668877,0.6377854516070516
Mef2c,1.5192287101717665,1.619147354903864,0.6136953553336693,2.086276027638108,1.775024249226784,2.245747402168345,0.5271996438878481,2.195553305805986,0.44993315155111724,2.3542474880846256,0.36542901901943736,0.16500895760929687,0.09259995759263112,0.0719070509035254
Kcnma1,1.1852711408464867,1.835715585785908,1.0910472704223524,1.6609234336000693,1.805673112536927,1.5970075260509804,0.46926070199867376,2.3301443925001686,1.1379316215056938,2.2891774992331393,0.49349945778831095,0.03681331466988091,0.6390457965229721,0.7005909598292415
Slc1a3,1.6608225416799915,1.4186103201727178,0.6923717363356028,1.2205842198479084,0.6802458095249103,0.4739214190398029,0.4291535054089911,0.9791681597100477,0.041062778460617684,0.22687109480857576,0.30685317828800257,0.7521133146076795,0.26361629876793413,0.48350580713604097
Atp1b1,0.262521944814424,0.30097530327312866,0.0452650475522394,0.26158863816698213,0.32718430596614767,0.2898105108509746,0.001114387964500909,0.3007733081506266,0.0206927914813549,0.3291414609011181,0.026034888468927826,0.025547344336246718,0.04683215502845207,0.021243019726121234
Nrxn1,39.36782926447911,31.476383782376615,21.095563121388285,26.042330518851607,25.490271796470292,20.167364367557266,13.187006309459104,18.249716884965245,15.034127075000281,12.316699658464296,7.088787276253935,6.063195474774338,7.819479293714601,1.813537147986038
Slc6a13,0.01132220554179542,0.1462693848444786,0.17730526782244077,0.00905147896317898,0.23701203094604384,0.08443332665963933,0.020271541131354064,0.16655663596046805,0.08404046631351453,0.24446064328258427,0.07415612615844264,0.08317617460661368,0.1568765825526368,0.07491041528111061
Dlgap1,8.452065664882317,7.593138312135451,3.469419887065016,5.8865760829012155,6.748955608639699,5.062132980892774,2.58401076947137,5.028420971576132,2.62682101954948,4.19089899940817,1.7302015391676147,0.8451578435571419,0.8853685719377042,0.05255835252437594
Ctnna3,2.4955829560001943,1.4723802034260447,2.745131351499729,0.7312522102118588,3.397475433160308,2.6620468808088904,1.7271858737683605,0.3001558585761166,4.674255781996655,1.6253815577861694,3.6560642443156857,1.9253900070809213,1.0238906488151618,2.9541939826183583
Grm8,3.1911303461224936,2.9815893180563457,2.9316628024254765,0.4433965820658721,1.6663570441981035,0.8839929261125152,2.7122183433394147,0.25434518013353,1.6315928816987597,1.0744103145791017,1.417065991323963,1.3081975176881564,0.20148181064202167,1.1020030764203061
Ppfia2,7.630461292946531,4.8406827323889186,7.370318105232554,3.121718252567732,2.4881263233748183,0.8179727745611088,4.581711193938577,0.2942610736261902,5.0212774001560305,2.0527966179071786,2.190169526192826,2.3880712569936478,2.8268713354060573,0.48918818014211396
Lrrtm4,5.461538149516159,4.727646241578978,3.705536959638725,2.523828092295024,3.1849272055050317,0.9449733179919753,2.9450644509251704,1.8044716686000435,2.134384302672874,0.22231599727640777,1.377791744585284,1.606072455491144,0.7492379457811027,0.8568344854208803
Dgki,3.0912514139653844,2.4880119834978376,2.676680039402753,1.0213346477625835,1.7959598998663981,0.3340407176843954,2.0709268383056214,0.40105985272166683,2.005591094013824,0.2889498322822418,1.395304053392538,0.6758023641651842,0.6226089864184012,0.049108452462897995
Kcnh7,2.159998793110494,1.7414939306061448,4.032571503429132,1.4182817789093,2.9998770194870636,0.11277595662225239,3.597403048770939,1.8173456756881656,5.317998961922255,0.5411606992473363,4.849639518145545,1.2684449954378811,0.4224204169039389,1.7256952886623809
Ghrl,0.007697800484685989,0.0023361149926782484,0.03664822201545021,0.014311215252587123,0.014358071370076681,0.03098531962639016,0.02856887937315977,0.01977999995400097,0.021614083550618838,0.03656789621584698,0.012992548049935968,0.015623188339131846,0.008594761192461508,0.006513008416815576
Gja5,0.4984866717567388,0.2570690105895631,0.2586612107455849,0.45797085587903325,0.27272040150710397,0.4680804757004382,0.025675986132319747,0.2211597376676404,0.26954375041495154,0.23361128170229714,0.03929461351414155,0.009236244356659143,0.22776037171358385,0.2353966936661798
Tbx18,0.9666552590992518,0.8784579091192969,0.07493336404481442,0.9854072088023351,0.42848564776646547,0.5352675636354217,0.016873029093042214,0.895275097935761,0.3818104230834234,0.44264261058825133,0.4779885446799772,0.4644082648216058,0.0950619387215441,0.3664256408407768
Pex5l,2.949133980754958,3.759767057406828,1.4504747747609725,0.72330088134802,3.9434495773128146,0.9130396767939357,2.263765773389011,1.5174357687701525,1.639985701000245,1.703510437565892,2.4486253520959878,0.18140427376755613,0.7975902242135526,0.6125787751714808
Smad3,0.40318342681427355,0.285291347014338,0.2769220537578351,0.24008913339374927,0.22185316956771328,0.17292086988835953,0.15618895637969216,0.12336688172245606,0.21373788786627435,0.05968136236056575,0.09859991957627881,0.05820403434141121,0.11981059658509284,0.056138449026686243
Grik1,7.06518010284337,6.090949086993113,4.947225057495476,3.0839131191498734,5.244594384216663,2.243258560403564,3.962703484309042,2.1038304688598557,4.1015766047013065,1.2580811776170466,3.1179629160786715,0.848120243100638,0.9908271922238534,0.1476505085782714
Cck,0.2184894944125899,0.1658629202462939,0.13495883280932894,0.1339397042001072,0.1683258084747875,0.138959849577132,0.08167170406636196,0.08460641156450523,0.1340246324285603,0.09031540826241627,0.08056765229479479,0.0010568723776560338,0.050003275238588336,0.051022403847810066
Kcnn3,0.11632948901738999,0.10846728821192295,0.00019396869051358342,0.1250839326476923,0.25430588855618835,0.2705475257186989,0.008625140817016609,0.1178165748554688,0.1413773124569869,0.26481897471630816,0.13439444159444067,0.1458773823800689,0.007603572182163796,0.1520197226915219
Cux2,1.786310079595048,1.5630781078584461,0.6480309718289674,1.3575455672154442,1.3257448025641985,1.1241238775263616,0.4293264482875113,1.1352535695674641,0.42195706956143625,0.8983417388650461,0.19841167039921886,0.23070948827248625,0.21847758823496885,0.007985307760841224
Adcy2,1.4923373461789646,0.8719223202061404,1.6971193403247467,0.3963817329121041,0.4330245188499368,0.02894226089755556,1.0730497663294314,0.23281063788205839,1.2749277802746677,0.6676623965288548,0.6402210906232328,0.43139304008228974,0.6335973224095468,0.212613051173225
Ptk2b,0.25066925751083413,0.1108541844008992,0.08336810539930807,0.301603553750638,0.027402826382711423,0.21806298880134348,0.05521598150172383,0.16131868061699767,0.0048585306497423725,0.07460252770930187,0.14586296222244308,0.0956006604018682,0.14041570038794818,0.04889454043045847
Slc26a3,0.009194690547546352,0.009210447989201424,0.05683846932435105,0.038512120956849624,0.10051915761982516,0.1529218005233178,0.05743726648910287,0.04164005053362302,0.053285079939977734,0.15381212220257243,0.04938502007125915,0.10981627238412117,0.002347915699548327,0.1094223236528687
Prdm12,0.025752148923906155,0.022863449301811976,0.024377462455386013,0.0074632466479888785,0.00764901493805866,0.007960177244676953,0.020415950225719723,0.0034924464713206615,0.009311642474354362,0.010816366683589807,0.006069983412795301,0.014141621756181205,0.0041379918247316455,0.011011423294662767
Kcnc2,3.3208492655169746,3.588161456660552,0.0449280419516027,3.009344988421523,3.556819624681408,2.974471722981572,0.3257283051777324,3.283866932394383,0.011673443167785097,3.2483073764950783,0.29335656846212266,0.03722749269705485,0.28928558232938667,0.32734688913339705
Ptprd,7.2083677199248335,5.969119141624821,5.654402860964412,2.8021691544851386,3.646103484949136,0.4979170132155407,4.41191326816247,1.5602764306342407,3.3055445852342094,0.7533574549236054,2.0564876453314187,2.3520992008001658,1.2464982913128289,1.0944280843565244
Nppa,0.17865638719480986,0.24228472695721628,0.05591059871289377,0.1700528628988137,0.2694321625088863,0.19439533504897596,0.007889980399050929,0.23614989188985688,0.02585977890974867,0.2612223216127598,0.04018804846275764,0.03350371092662094,0.06745030907326018,0.03529987162402108
Grm5,1.8487784955853757,1.321412706857566,1.6014387011794626,0.82621547050099,1.1412573682022935,0.6208371955044956,1.0526751733670532,0.27105276135145384,1.4262876748061692,0.06706934189954453,0.8760285663469458,0.19703776096013007,0.5792927664545863,0.38239878682870726
Actn2,0.09542468632452057,0.0844164946429114,0.014587601782345335,0.0908176193626666,0.08071515905281343,0.08451229219803111,0.004877048797080544,0.08564446371837821,0.006435962744680901,0.08129866440990201,0.0012540982955036924,0.006374999707773915,0.004746413801487314,0.003683913655374271
Sorbs2,0.7435910873416527,0.6251189744735761,1.453262992592403,2.3373028130901394,0.36867446792434344,2.068554439698496,1.557135659851017,2.213155865583274,1.6837328951339496,1.9416476132965446,1.7961692145257007,0.25721833288341506,0.11161088732519071,0.14398242756654023
Cacna2d3,6.543346302980321,7.702545133312956,1.6935846207035261,3.69879655261527,5.769734836460366,1.781869199436452,2.853709591649236,4.828713645047087,0.2764499076659062,2.8976569255556655,0.873151024229367,1.990595279126969,1.1305992321861085,3.108185730184014
Aloxe3,0.008719510807950536,0.008893111099992846,0.008719510807950536,0.00018149207709839004,0.009240313802290796,0.0006470586765004862,0.008893111099992846,0.0,0.009066712662963154,0.0008285507535988763,0.009240313802290796,0.0008285507535988763,0.00018149207709839004,0.0006470586765004862
Gimap3,0.29872004542350816,0.2977240296008746,0.43014958736650316,0.127224165674428,0.46161921558587277,0.03532528956174581,0.42916243143989996,0.12832199425080204,0.5935357095827989,0.034271728144014905,0.5925219739681045,0.16177035096253645,0.001102255292238347,0.16281948813604782
Abcc8,0.05448623630665124,0.05119138149831151,0.0208754876971762,0.03983705418982763,0.034668655319329736,0.020487858676099705,0.016320836131581012,0.037382064970216816,0.00919813566251594,0.01858201138259954,0.003924753403745844,0.012089209292162204,0.0038682238869838887,0.00813215363257711
Grin2b,0.05735816432695365,0.16841719160665888,0.5634472910286052,0.8555425641974433,0.8004457915903823,1.8252989713537626,0.7742723801839959,0.6261099209413732,0.41756016049434036,1.5974018324645647,0.20681881973544078,0.9835899045242519,0.21407758319364534,1.1970253628131124
Syn2,0.09285426094058274,0.032904763278612845,0.10665111086945425,0.2659696888322721,0.05723113763418428,0.17652826386561707,0.169193307485913,0.2055307472597222,0.1949020157880837,0.11622821481913834,0.25586345105228,0.08547962351834137,0.06399066563395348,0.02211729121402241
Nr3c2,0.25485892882916683,0.7522120429536703,0.1336554730073285,0.10438742169959773,1.062726814482916,1.9326220563263563,0.32919277290209736,0.3966023703582363,1.9692215898028058,1.4330286744220793,1.505995133664137,1.8521494529069569,0.467765052105738,2.31889606835616
Kcnj3,3.759399914027797,2.600433032430625,1.6476014710799063,3.27338434350671,2.405833309452166,3.0803905048478764,0.4889078282466447,2.1024949133113626,1.4320374074604767,1.9029417012943595,0.27272889143621337,0.22460562640301854,1.1697963223002341,0.9509982518985528
Glra1,0.29376609425301176,0.32302815026932774,0.2292726253463054,0.05179496762313168,0.28419699839121204,0.004160480465879232,0.25664738424863925,0.07424950271140542,0.15537284120828,0.03795081733049639,0.19173182194612118,0.06174394268542072,0.021212420306159337,0.09335756456092324
Shank3,0.9863635408208667,0.6717176224379902,0.624789098124541,0.6955399879346932,0.5349079218673477,0.5560303014257871,0.3017551648707501,0.3734609324723717,0.48979035362684104,0.23229666214265998,0.1636942432201978,0.14299991385080466,0.330104906739422,0.18869370668665528
Lin7a,4.044544986025491,3.2176873894648272,1.9794437616867198,2.911830924960521,2.4160018038018594,2.1170045766791987,1.1444797936750204,2.0785242962639936,1.152963498891069,1.2831071423065317,0.3182948511257794,0.8224763842912864,0.842430336687656,0.019002188128384882
Gabrb1,1.429365797842054,2.060034148856071,0.669490693595965,0.15987837610195954,1.2796307827140256,0.6190155046462885,1.2871477196329484,0.779437256997593,0.1054786720073889,0.0030490399534120138,0.5095519451689628,0.7813693233427264,0.6077249935246629,1.3867697797615555
Slc24a4,0.19156458593644488,0.39729213790997986,0.5601575834657809,0.5189303190456982,0.7522908126895594,0.8789224959222267,0.3462023356674505,0.7252620999779678,0.1953319028704364,1.0880619553217363,0.01865888886006895,0.37097424421442154,0.21509254629849092,0.15456667379214878
Nrxn3,11.017123749982796,8.327120694119623,4.975629033534284,8.746370272573909,7.9962955371583,8.383537881346399,2.28069537261495,6.06541954180766,4.597358668362364,5.705335189949323,1.905658174413645,0.4018718399327073,2.682244065357096,2.2781089407423587
Reln,0.7622616017064445,0.7305917320856687,0.16661747488466647,0.6340054979017798,0.7279598367113049,0.6372829690244237,0.13656152588904547,0.6029315491628895,0.1650408099891761,0.5991450740029343,0.12913754016831874,0.006629441207586356,0.029559362840584948,0.029652474046428172
Fgf12,0.9676870784882713,0.8187288937902182,1.668799366332696,0.5651466012922397,0.5676539275924204,0.8050810260955152,1.5157097721527217,0.7173529523537734,1.4353326884802908,0.972331311056983,1.2683388150622183,0.25275600582136426,0.15662267659902882,0.0773853360226908
Cacna1c,4.502711497640341,3.8478728742062827,4.152552033566358,0.9999722523265521,1.8996287864277956,0.9546411213591406,3.504928744412872,0.31368555952426946,2.1669880033001676,1.627841003305782,1.5336457393692653,1.972726009287446,0.6794198480120404,1.3060445869945079
Kcnk3,0.05858468046879989,0.04136413777445558,0.07025372069251991,0.005268484829388544,0.05582706998516939,0.017416478883507593,0.053439562003847405,0.012895450976408308,0.08369343658838158,0.000616833624080477,0.06820728319281515,0.013352633956789168,0.017779322163143166,0.029934573004934923
Kcnk13,0.0443945436781433,0.005974696535019001,0.09792294848240359,0.1939060479649409,0.1623809427458446,0.03089328182263026,0.13770622593246606,0.1547213615036396,0.26062534711627,0.008668297961258661,0.30005390949067395,0.15764773856121245,0.03977219055825892,0.11735457120791326
Tmem108,2.1155849096235935,2.0539001515597226,1.7664273409231341,0.40379374614832664,1.9437709999397288,0.30807333602402615,1.707779984087781,0.330231566726377,1.6615164563739446,0.23011064888762284,1.599714912878885,0.10323630396814028,0.06986266686637246,0.028856319455685158
Cacna1d,2.630777492729987,2.2853087025767165,1.7576285367473778,1.2165117366238039,1.7744170205379721,0.7117897368463484,1.4161343916727827,0.8633309058488343,1.2501183137432645,0.3522316584586041,0.9023952673308361,0.5147179808424795,0.34944347255489405,0.15877862346600197
P2rx7,0.022174569441621234,0.0483439559190361,0.0648327414754778,0.061561565192553916,0.052183709202962655,0.06530532422317231,0.042436646300254934,0.08832168530776922,0.04172776771884263,0.09225004333507532,0.017707164702721385,0.022824373569062927,0.02235178784812139,0.00042089592059606863
Nr2f6,0.002460965673392024,0.017161997616442187,0.028031262085386366,0.01511119225480614,0.04733041307782679,0.04435134972057699,0.012714989403069652,0.02942365070860249,0.0010254023548589238,0.05869619040009885,0.016320087635190633,0.028074437179097793,0.01535944813820492,0.01299562570131006
Gad2,0.16468258732758392,0.112567601610458,0.04244083341266465,0.16031595232868162,0.1384875760690137,0.18263164302593585,0.010991384295767853,0.1069175090356745,0.06788796087444478,0.132673432818036,0.01854735755496365,0.02977999193087232,0.05363003891443681,0.08035579931315276
Grin3a,1.8210657474190393,1.6464123382951434,1.2382449937948574,0.7432370303671858,1.311128534228916,0.41932316532219605,1.0759337778992972,0.5649253655007339,0.9178410084593969,0.22723568290159052,0.7434182498373725,0.33623960890875476,0.16672738647795884,0.1553573645187483
Gip,0.04095083482480953,0.03328581398717675,0.05110897433585088,0.0018477384746560426,0.023596238803011798,0.008778967736460285,0.043523522100079495,0.009442031587083193,0.04269248254227664,0.01629369319630548,0.03512471063589761,0.0057819183817139925,0.007497043943853539,0.0017681707271461453
