,Scn11a_Scn7a_Scn9a,Scn7a_Scn9a,Scn10a_Scn7a_Scn9a,Scn11a_Scn9a,Scn10a_Scn11a_Scn9a,Scn9a,Scn10a_Scn9a,Scn10a_Scn11a_Scn7a,Scn11a_Scn7a,Scn10a_Scn11a,Scn10a_Scn7a,Scn11a,Scn7a,Scn10a
Dsp,0.06612775136178269,0.055970875156868466,0.0531471189377225,0.03671602987897198,0.03343125148650399,0.02640787929297519,0.023079881582433053,0.03567873143924525,0.03792620945832278,0.006526333599534373,0.026429489918844137,0.009386106819451885,0.028669765040519924,0.0028525697424166543
Mme,0.1167914778011968,0.05504083718165252,0.03942095691512992,0.0713419177159887,0.055987702445330315,0.009155307462181116,0.006273838100787395,0.08938686764448672,0.10482963638995127,0.0444754490051117,0.02899861841767819,0.0600408376387971,0.044707056730452666,0.015640317371703977
Itga2,0.25529735855899055,0.26182001968823093,0.30452185322264946,0.24116069644293717,0.2704618984599002,0.2437494584816762,0.2897126396129406,0.05331067888356417,0.0161289862710553,0.04482106820907322,0.06280279443638262,0.011078367603562275,0.015519866192110252,0.041826230659631015
Ntrk2,1.532758254784529,1.5643692901711588,1.6582038961755106,0.9914788510318475,1.0830407982362709,1.0264645436832336,1.125602116507206,0.6284336170712186,0.5448949986110198,0.07431012513012031,0.6567045427727488,0.016838577849461116,0.5602528709515313,0.10454380686539555
Kcnj1,0.0,0.0,0.0,0.0,0.0,0.0,0.0,0.0,0.0,0.0,0.0,0.0,0.0,0.0
Grm1,0.384556825999604,0.8510244210670217,0.8607432789039936,0.18081012918456693,0.17319053034364607,0.6430791410375516,0.6613895278503268,0.24763719060808867,0.24915332282992916,0.4504897283959507,0.23165933698108787,0.45682646920475456,0.20860613877798923,0.02861239751288989
Ryr2,1.965097231318845,1.9507310509080082,1.7614725334921106,2.3704726406668652,2.220962429294433,2.356560785948199,2.1611129026495983,0.4918563191426019,0.39254244715689196,0.08165428282226853,0.5477877939863054,0.01873846549568324,0.4084417505209884,0.14848814528133372
Gria2,1.5237306463567686,1.4731356723628755,1.6092399074596226,1.179549809819505,1.2970331328976932,1.1295673184999826,1.254952336053623,0.5486434819023444,0.4081902601381426,0.18406538714993878,0.5033774925462862,0.05139130166698566,0.3541650748711256,0.1383093654098868
Lrrk2,0.06920190156567044,0.021340860703165456,0.023419516796795305,0.06504458937841075,0.06744370311256705,0.016871752426797917,0.01887245804506541,0.05397575207340755,0.051464041658214554,0.05077115823111846,0.0056556745600202735,0.04836338062060696,0.003386475959864619,0.002130621740366189
Kcnd3,0.2905939027709489,0.0815915251778622,0.029092512416750385,0.26845710682914614,0.14816756074833112,0.058323035678251936,0.05078768986331706,0.09945002197916189,0.22073323224964161,0.07513265932113854,0.09351559038622083,0.20466886716841134,0.019707830543845624,0.11730852341130947
Ltf,0.004380483945666222,0.004380483945666222,0.0051585959201187435,0.004380483945666222,0.0051585959201187435,0.004380483945666222,0.0051585959201187435,0.0007685059345696548,0.0,0.0007685059345696548,0.0007685059345696548,0.0,0.0,0.0007685059345696548
Gabrg3,1.7094394882783057,3.4121100050737936,3.060355619784252,1.8991987795178897,1.4783783456046247,3.591658576058009,3.2394451241154547,2.157106082315559,1.848030267217213,1.95243222559363,0.43699698036157136,1.6534524891999036,0.17530359992947506,0.2572190107873927
Kcnq3,0.23982807519171662,0.0015718557849019733,0.13177390364947625,0.23572378450676898,0.36310959398447223,0.0009933254811377449,0.1307369230314212,0.37734362903109875,0.2483968729056857,0.3742544893354847,0.14453431972000205,0.24122527215384543,0.005163109539044132,0.1413251170664202
Alb,0.03725190999344703,0.007578920320930575,0.001200501044588859,0.03631818732044698,0.030048904132804075,0.0065966922675197255,0.0008609654161642421,0.02417978768876399,0.031031130965544333,0.023852378608887174,0.005093034426369252,0.03014591285917469,0.0010671120215505325,0.005650843045971879
Usp53,0.00839960500661706,0.0026272737062388576,0.002339615901366451,0.010326911012303423,0.010662512052770972,0.0006328469455015112,0.00032601207160883066,0.009598178657352604,0.00927216626400408,0.011525484663038965,0.0016012945775569127,0.011180295940671457,0.001936895135414927,0.0003547778360090868
Kcnh1,0.03814874088694163,0.046234744039638724,0.056136219149679124,0.1774859931895555,0.16763230188367098,0.09368776468101575,0.08397739272600091,0.061917053519904584,0.05150199168650779,0.07548529737272437,0.1490715221712563,0.08598396383067004,0.13802343213876228,0.010833095376160496
Rimbp2,0.09340789765436963,0.26129697789924994,0.3236650439780746,0.10234852752592832,0.04884897939730242,0.06384615663769473,0.13587586535091917,0.12679104308800104,0.06651392394069097,0.06968640453247976,0.290209808397102,0.13991357287092737,0.21064545086916442,0.0894062503288784
Dlgap2,3.1627333585702613,4.13758177937494,4.021757582238381,2.1046806893867958,1.9681116867742439,3.077650337735168,3.0682549622467485,0.15115037770905015,0.12040920140758504,1.088493158665543,0.9362153661620205,0.9462870820806293,1.070153721644079,0.020894979910917513
Epb41,0.08665375655205684,0.08885054430650448,0.1886761612531258,0.0024085192783755895,0.1214317192966585,0.005611055898017516,0.12660165418638925,0.18548244428871893,0.08585092014761771,0.11620003083460174,0.18937313692813004,0.0036789470540048393,0.0884976456052759,0.12113176132123663
Kcnq5,0.18871558852167045,0.6378652961959956,2.033071698527504,2.515601884813038,1.1983935534204098,2.02646165609814,0.6355517952078994,3.4494300702868026,2.2034445579295,0.7358585929997095,3.97112452230924,0.5026907325220076,2.6669709415415186,1.2942386002967616
Slc39a8,0.0003003617924730057,0.0025567382434653414,0.002659300780368518,0.0026886042991309408,0.002637323079842618,0.0004249020544837144,0.0003809466780135484,0.0008424781924043737,0.0006300272020349659,0.002388242555821201,0.0031647876958111427,0.0025567382434653414,0.0029523367054417344,0.00016849563848087473
Ccl3,0.0,0.0,0.0,0.0,0.0,0.0,0.0,0.0,0.0,0.0,0.0,0.0,0.0,0.0
Slc34a1,0.08635133332266913,0.050633727968632775,0.06193140367660409,0.14154344943387195,0.12496247059035001,0.005535184470880262,0.009933843686030352,0.06519353598692329,0.08147349128310094,0.11484433066382405,0.0729710544894211,0.13493317431604784,0.05579416650409282,0.02093663544864032
Asic2,1.3880167039939988,0.8744829904036211,0.817817191286665,0.7966413137900483,0.7482392815574302,0.2826649022706798,0.2735895173586794,1.0618195086037516,1.147703587663629,0.5113940017757432,0.5577300690769694,0.5453344342240005,0.6009672508752607,0.01320726092687113
Nefl,0.4329139666294243,0.31285451459281205,0.20484036677683948,0.3800383418399292,0.26883366880179527,0.25850309644766384,0.15185229034805756,0.06961536710036666,0.17533851603149883,0.017091113596453943,0.05239775531360878,0.11602560554575791,0.060423270913146934,0.11076896962568224
Gabrb3,1.2242810863702744,0.7983122175278751,0.8550695261980851,0.9758113073827197,1.0565627806154594,0.5456988454721554,0.6147423407609733,0.7686808619334807,0.6683196633892684,0.5243546355968759,0.33090762008990204,0.4220180254715351,0.2522761106069625,0.08528050304882208
Rgs7,0.426085349663691,0.6168488590508084,0.7195985523835953,0.4205719198996802,0.5692331690416952,0.6102327937882415,0.7456117524756742,0.050472642761865416,0.16465008193559305,0.018545062263692808,0.12405143389915667,0.18725500521886107,0.023306632525960286,0.15237024166532648
Grid1,0.6856086982883434,0.6185317481461339,0.46948401339046203,0.5874847042265943,0.4327422336055032,0.5224884615667282,0.363201217047484,0.02918532322311802,0.16257265722033998,0.07244312085222722,0.04670746994127893,0.06904820557151992,0.09275785780167124,0.1465837004931394
Bcl2,0.11759728868896444,0.10237530776566277,0.13975870733883594,0.11789575761445191,0.14934706890664676,0.10078968279676404,0.13567339455628383,0.03600297727189506,0.014699661086120554,0.0369730051918389,0.026526545854462635,0.015968159496395695,0.0005036685886078742,0.023765694992531
Hnf1a,5.838775640964554e-05,5.838775640964554e-05,5.838775640964554e-05,5.838775640964554e-05,5.838775640964554e-05,5.838775640964554e-05,5.838775640964554e-05,0.0,0.0,0.0,0.0,0.0,0.0,0.0
Kcnj6,0.5357933509765364,0.5266536768718032,0.5299738792124148,0.572881129236808,0.5765935535179263,0.5644346733622202,0.5680923610285586,0.02199179085446782,0.024919772478831644,0.016154069063137114,0.03550064291955383,0.012770015500341753,0.03858368795012173,0.003384054174924803
Prkcb,0.413602276000573,0.43728670146241116,0.4596368256109179,0.34115201629172603,0.3651074924764973,0.3645028839146314,0.38710319393173787,0.08245775391679488,0.05575019819862677,0.0064214885962989975,0.10130524092610571,0.018472204708531278,0.07451428875244437,0.02456010923179734
Kcnh8,0.3180917822255415,0.16420180888547853,0.3815378532458168,0.36888800877587913,0.5776103599504391,0.21603168192128597,0.42714125934922803,0.34287462727782914,0.11008313393158263,0.386164653766001,0.18841861336617133,0.1590335764581294,0.050205587636739116,0.23279150366867285
Trdn,0.012386969697407785,0.020215109658011945,0.037077470007550406,0.04464770586193472,0.06650126405794743,0.051967624462300174,0.06586408860840658,0.00825292325426602,0.038086328930115175,0.015269424779974668,0.008965950936278852,0.0066827436598726605,0.03078158199795945,0.014283321323532269
Ano1,0.1013778577622387,0.09469797258085752,0.07704603346080202,0.27053518293345635,0.289253068077926,0.0736350290735313,0.09142909655567512,0.04449937772642597,0.026904287089848943,0.21536221462913502,0.1537225417642449,0.1976818431601626,0.17003850861695222,0.016429665250342732
Grid2,0.2826876761003141,0.8552221791518412,0.7268971581621002,0.2523349142545496,0.35324927976228027,0.3219158089396526,0.2083994235733056,0.1369551941722638,0.025155035118642616,0.6726642643574635,0.4265077919769495,0.5735151914615548,0.5483601625129628,0.1145461256786863
Adcy8,0.054184435335238236,0.2022874055208122,0.354776133097991,0.026244768338189395,0.19561263027303288,0.16837189013488213,0.33623706137515796,0.03814402610693419,0.12119421283002672,0.02285496398482529,0.18970667515634526,0.1511782507099406,0.033967928011278146,0.16891355859710408
Fgf14,5.123637549754371,6.879165726452428,6.7172165691628845,2.182210100534205,2.044013528579094,3.953285582903167,3.83884141514549,1.05461253369318,1.2178572280885707,1.799578430803832,2.8140275934142753,1.7296163477591293,2.9271759523606073,0.043618290362882166
Celf4,1.177345108188669,1.2413736630952448,1.3746835714316472,0.7699739853681008,0.8764626950525732,0.8366687304298156,0.9583985540683636,0.49543523008933954,0.3577480063410394,0.0687640217417175,0.5701683532007952,0.0601685211103542,0.4171604504022035,0.1413482696953323
Slc1a2,0.07064633874440894,0.046965518238975566,0.08017808785456625,0.13696007039302735,0.1001452412780597,0.02156403074639934,0.013728191728954278,0.012849290304955697,0.04879759488551491,0.07823460051021364,0.10224964999383647,0.11601498589097929,0.06904946142150306,0.034784687967232386
Hoxd1,0.015719993498909166,0.015719993498909166,0.015719993498909166,0.0007891082850137789,0.0007891082850137789,0.0007891082850137789,0.0007891082850137789,0.014108299135421677,0.014108299135421677,0.0,0.014108299135421677,0.0,0.014108299135421677,0.0
Grm3,0.1675605970027292,0.7529065480144123,0.8382088896694626,0.29923469409469156,0.21606320718019403,0.2834053772010737,0.36830187094637973,0.01775723065547672,0.12098592328555217,0.48499222436943046,0.5729666250812532,0.5858532608988634,0.4693658654783282,0.10211252575917024
Grik3,0.4124048204222689,0.1447741888594544,0.2382819850987926,0.5652428571490373,0.67741002137604,0.29667456336981374,0.4046926057181507,0.18938319940715148,0.1023921083780524,0.3684521694932412,0.08014620011029978,0.2655443508289808,0.16549639799195087,0.09995419448102293
Rapgef4,0.41829679207461246,0.25414910161115845,0.1787756673334789,0.5475434273808856,0.4369990080788721,0.3854574249490338,0.2785945281810973,0.0522533500551797,0.033698380128437906,0.05242515430284548,0.21824179560907,0.16802556717987505,0.13525984574059663,0.11255700334652421
Grin2a,0.8380521084866739,0.664145587009681,0.2512933776835127,0.9585335319521047,0.5827854734108031,0.7741131538335365,0.3671291676514434,0.29927811893116285,0.08955115349170287,0.18063048763681422,0.5189076718274608,0.20514243886236458,0.10299911144989549,0.40472230712000795
Scn11a,0.0,0.0797689518528235,0.13270047792867376,0.0,0.0,0.052299142209772144,0.10354986355212159,0.0,0.0,0.0,0.07951932726950602,0.0,0.025406245626789878,0.04919270261980582
Hcn1,0.0441017385282539,0.51469184456386,0.5603771153229073,0.5642172191401286,0.5165524982227683,0.09568572506300346,0.04992126992142772,0.1647679019536611,0.11757824748024695,0.43365390189446873,0.6458489981853878,0.4804872731396,0.6002032731245097,0.04414132806276982
Pmp22,0.010876711664918947,0.010876711664918947,0.010876711664918947,0.004328258197758568,0.004335733770772539,0.004328258197758568,0.004335733770772539,0.006578354755884653,0.006570879433703584,0.0,0.006578354755884653,0.0,0.006570879433703584,0.0
Kcnn4,0.0033598591706531277,0.002887379019506477,0.0031104946329806784,0.002139285318412437,0.0019227319029590378,0.002624889997715731,0.002382087658064084,0.006201302451707219,0.005971624860403947,0.0007284069749165946,0.0057353846747347555,0.0004987291193832448,0.005499144489065565,0.00023624009759249843
Scn9a,0.0,0.0,0.0,0.0,0.0,0.0,0.0,4.220349622704045,4.396323277875908,2.7787630762432,1.2310212747265619,2.963305189766088,1.4342874104679162,0.23151071456619282
Cd36,0.12817229943258285,0.05675150892826417,0.08618743278265262,0.10137597821341209,0.1321966124562284,0.03046363870923527,0.05996447018246818,0.12745830546147163,0.09867146650737538,0.10340977350213215,0.05379818105338721,0.07428757198345388,0.025952509106421457,0.028018758930551037
Cftr,0.1846031683821051,0.09648512577683192,0.04864413399591585,0.20324330523362058,0.1553303764375578,0.11484954268381957,0.06724829912206337,0.023830590710497406,0.07145581005950796,0.041607637834390795,0.0639398238952523,0.08905305004127466,0.01663825997630545,0.04700188427613748
Mc1r,0.5093925846466939,0.15826096546706225,0.11681166518997382,0.5117357928565608,0.576981207733231,0.16069915235103352,0.11187194538938738,0.7487155959696113,0.6835018009844454,0.7514704365170647,0.062284777285357945,0.6809686184264281,0.0037047885754442006,0.06190479883915899
Mgll,0.21022633489423712,0.0987235685087854,0.04009973470635026,0.24850660795933252,0.3740349724284429,0.05462675601675568,0.06297907570560249,0.4084757483054572,0.26261817727602826,0.43453556920840014,0.0900417430620388,0.3026462756977265,0.044225752035812645,0.1209295668895804
Ccr2,0.0020211933513136866,0.0020211933513136866,0.0020211933513136866,0.0019459862120118437,0.0019459862120118437,0.0019459862120118437,0.0019459862120118437,8.460809606470909e-05,8.460809606470909e-05,0.0,8.460809606470909e-05,0.0,8.460809606470909e-05,0.0
Iapp,0.0008615263120136798,0.0008615263120136798,0.0008615263120136798,0.0008615263120136798,0.0008615263120136798,0.0008615263120136798,0.0008615263120136798,0.0,0.0,0.0,0.0,0.0,0.0,0.0
Cxcl12,0.008609237868573968,0.013374955868731801,0.01905668116249029,0.0007365200054826611,0.0070124132431186375,0.005403209848853003,0.011703859876473984,0.011084935557964604,0.003998251363396591,0.0036702216739561144,0.0153307564826237,0.004097279437113462,0.008076962854971155,0.007965556427797093
Gpr39,0.06978295266712138,0.09754963408114734,0.1270445738934872,0.13068423138606744,0.10113205953017372,0.03600740747568222,0.06529633282332048,0.07756586232111146,0.10694635340817618,0.13626961245168703,0.08787822060820567,0.16543263836402625,0.06275544269729201,0.028499188895238448
Dpp6,1.155663539959975,1.0409917619855582,0.9137512402141503,0.980513718059301,0.83316311318211,0.8635500072796441,0.7334260331551745,0.18409584570317253,0.31510703712897653,0.010720441349557661,0.08125355008635565,0.11814665684470294,0.19644283556640357,0.11674191033059816
Nlgn1,0.7103031909562864,0.5046113861508008,0.650473844564625,0.6881890575409573,0.8161784220258906,0.4870412497063735,0.6245730205361497,0.3904054833795857,0.2599926337257513,0.3663222613159584,0.16941552473268667,0.2316683562932489,0.02272000867816354,0.14699844971533116
Foxp1,0.22138022823929554,0.19051159570914336,0.18945606404396736,0.18961107184420212,0.1887843677042109,0.15853576637499767,0.15773858517147357,0.061191053584315445,0.06167821918737003,0.03028551243006646,0.030543857938205545,0.030529093993215545,0.03134103914172961,0.00042811594068292225
Gria4,2.4620394652504283,2.555182885056371,2.5790528832787456,1.956010660713149,1.9272998005964672,2.054912880588853,2.0274538498198256,0.4972653689882523,0.4717260549305238,0.08246025354305163,0.585067160154412,0.07620061671498836,0.5465912959913386,0.00851310293558883
Cntnap2,2.911400684865678,2.336050088387321,2.3236265921123724,2.9873226782203592,3.012653120351502,2.4316428346287466,2.415561043528527,0.5854964662441028,0.5059164386058402,0.6549995808173691,0.04776182529255358,0.5752815239812994,0.08613693561748496,0.04217120565030396
Atp1a2,0.02170931307095197,0.012983669758579404,0.02456638242804343,0.013281510685580243,0.026640239361853734,0.004467617828540498,0.015951050213680516,0.03326996366887172,0.019194209524238188,0.024621536866615824,0.020672384604046818,0.010832594093787567,0.008427802385371727,0.011891585372525283
Dlg2,3.0746585879407635,2.319829953390793,1.8305454969590425,2.7869403502780234,2.316740206653971,2.0402907777196706,1.5254697512803428,0.6762194703596242,1.08934860698391,0.33860956060492864,0.13577098824630762,0.774639834481665,0.3084382408950431,0.4701093113211431
Cav1,0.10609714879165792,0.08432612455781394,0.06552107748435883,0.07045923037186025,0.05986646218468975,0.049219771388818924,0.03302632085058547,0.043857904671858954,0.05912689628702256,0.009460303447283231,0.0182888924182434,0.022109992195439108,0.03670875111722682,0.014760538121785065
Dcdc2a,0.09542389612409323,0.023732368987561852,0.029810880344812347,0.05115256188273988,0.05994167925824873,0.019567570694635307,0.012820132874045716,0.13504764919053447,0.11657944813348174,0.09139288530982786,0.060436104116366046,0.07156937929186619,0.044486557780254884,0.01733393593883965
Casr,0.9058518825716186,0.861809727385649,0.7788584117848176,0.39995736668527787,0.3177928162713832,0.34993925582387525,0.26668819452940856,0.4462662333335697,0.5273067688257036,0.04998061939196284,0.4194213203886561,0.031247252758581135,0.5014734642816752,0.08250173980432424
Igsf11,0.2260258938801897,0.11517939711277836,0.05695869534762017,0.2091149789487391,0.14761304355957747,0.09549205535894068,0.034621126707382356,0.07271278076728856,0.13528741825896493,0.05199479002906701,0.039753299195390494,0.11316018755048439,0.02513502202169033,0.06196466437080708
Cacna1e,21.864289509990957,22.39202250028055,20.459131806689683,18.29213067787995,17.014848633876174,18.792813079670204,17.166823720847333,1.8276391703578525,3.2534534729052655,1.684516740710424,2.1630670453570278,0.6275746846264036,3.9233255163809435,1.4199123522150414
Hoxb8,0.0,0.0,0.0,0.0,0.0,0.0,0.0,0.0,0.0,0.0,0.0,0.0,0.0,0.0
Kcne2,0.020873720435846385,0.01340386065568855,0.01401122298448032,0.013969336185804407,0.014590661280553622,0.012587062834320805,0.013194425350512127,0.008810245958166422,0.008537979892777471,0.001975673289117033,0.0013264237118904268,0.0017034072799479477,0.0010611389170404662,0.0002652847386300943
Kcnab1,1.2557482521091738,0.867913904049872,1.0887487995635112,1.150626475776528,1.3622324339967302,0.7628360715266602,1.00072249226283,0.6539128607530539,0.47880511178575186,0.5942105505694817,0.2948859433264948,0.3892406531849124,0.0933878723196396,0.2285915382360911
Slc6a11,0.4650217850995251,0.3450657936753316,0.36339608381354127,0.4144476917950602,0.43328200393987215,0.29267458643603567,0.3126628308181263,0.19039897046884993,0.17123306747526185,0.14595264988067916,0.06851975568217497,0.1255665018206877,0.04813360317165805,0.021447240111232873
Nalcn,3.6205535444287,3.336268921446689,3.5829450518440766,2.575146205093651,2.8744882996344114,2.276151200676881,2.611505976492633,1.5989887878772358,1.342598208519034,0.649823375771887,1.3299001116183164,0.3116931595247863,1.046101112131938,0.35554671322008835
Pias3,0.02272238958970853,0.014640294163660039,0.03514033403560717,0.011002897260036316,0.026894963290415696,0.002294915931064751,0.022214424026896218,0.0359022808579956,0.018132556875354203,0.022504688758363214,0.03139408762940882,0.007365500965144613,0.01132944637649223,0.018023707372779574
Ephb1,0.8391367442139893,0.36935394226103935,0.33977063809581604,0.7896940572410814,0.7558404554592819,0.3236670360766434,0.30663733397806725,0.4337169051287334,0.49988062294623775,0.3955930488890899,0.012193464671685911,0.4552226856798722,0.04203401149800421,0.05011153942796208
Phox2b,0.029830990474961478,0.023127850268723896,0.020785789053239197,0.0010599844133121986,0.0013729322497751679,0.007137228431746644,0.008681777111123208,0.03530252815815987,0.037402307132217184,0.006581998408053893,0.02846815252819745,0.006410381978452497,0.030436694723589935,0.0009691286134251303
Jun,0.0,0.0,0.0,0.0,0.0,0.0,0.0,0.0,0.0,0.0,0.0,0.0,0.0,0.0
Pid1,0.51687987580468,0.4598762481719678,0.323308379956709,0.5479204068007081,0.3995749063452506,0.4926441804520588,0.3528047245508601,0.12918725043970472,0.025910733845310438,0.09668105966482105,0.1763761918572676,0.0586001329158654,0.03295112520722822,0.14583293393440402
Kcnd2,2.016040666085927,0.6467114202492801,0.7694570380135929,2.357017578215066,2.479612631148064,0.9827182084585409,1.1138978888075404,1.1920634930661846,1.0480821382164305,1.5526194553640185,0.18133221607300895,1.3871010126724612,0.32968123337454097,0.15723491335336653
Nrcam,0.29366993631590743,0.44267696290809105,0.7113325778385445,0.1297849007277871,0.13657086100527807,0.01831355523494855,0.29077383855537875,0.5619848247559379,0.2902343638772424,0.13313528856661305,0.7186580008852387,0.14744542007851155,0.44006480984404805,0.2861741559784685
Scn10a,0.38080368488995825,0.31106018799682095,0.0,0.5097144699715793,0.0,0.4494150870575726,0.0,0.0,0.08082619402964784,0.0,0.0,0.05008066054960176,0.13793780900483946,0.0
Myc,0.02198539242700673,0.02198539242700673,0.023162324204818084,0.0015852541485159135,0.002738166217451416,0.0015852541485159135,0.002738166217451416,0.02138491689858152,0.02036811328950001,0.0010087980710644844,0.02138491689858152,0.0,0.02036811328950001,0.0010087980710644844
Zfhx2,0.022047709846085624,0.01740608621591483,0.020012668683687472,0.007170268369845597,0.003515856252820191,0.011690654856083215,0.00853850800105292,0.04045832571427227,0.034760213365285494,0.011274987554040368,0.03411939282023077,0.004823477602633728,0.029451791109651917,0.005369041554032172
Cacnb2,0.5381417993295801,0.6620579716147436,0.6138385328551735,0.4494309172941538,0.4043509774032613,0.5704222403698025,0.5301454917719132,0.09504354218757174,0.02736996430909191,0.17358460879109203,0.02482080039832638,0.10765519332425154,0.08535672225288503,0.054578930119110754
Ucn3,0.0,0.0,0.0,0.0,0.0,0.0,0.0,0.0,0.0,0.0,0.0,0.0,0.0,0.0
Snap25,0.3667754530477931,0.3613026612588192,0.4277684880673412,0.2564159365799045,0.32670775074142555,0.2515993945410017,0.3230922489885214,0.18694132380226008,0.12106982149595487,0.08080401448440065,0.17993318679145473,0.007701516981612606,0.11317019773182421,0.07385779233479269
Nrg1,1.182114308813878,0.831431390914837,0.8961113345669675,0.5283764261423671,0.6058747480449242,0.17828146939211179,0.2187358367946932,1.1708247336259996,1.048756089384458,0.5066204356791546,0.7773354286255592,0.37855412061244753,0.6679674978969677,0.10419352339842594
Pclo,0.027834713156108762,0.3419406838565878,0.2721783541216712,0.10878106973001916,0.1677605708692304,0.20452245399858593,0.13656563205393984,0.22964892966016054,0.1735782756548979,0.3698756923664106,0.08129742502055119,0.3170649791843861,0.1464958523278129,0.0630920166274168
Snca,0.1636475270709473,0.19369821796672476,0.1749152429503896,0.278857471403786,0.27971218382719304,0.311076226888328,0.3114514753605956,0.16956802391965056,0.15020133100063016,0.0302278872884956,0.1453335969061255,0.028424636333551363,0.12411153480017746,0.002856014058894389
Akap6,1.0076250535054798,1.41341867664772,1.7314936739102302,0.49374956449027946,0.8039925540280917,0.9003975830454822,1.2223648426690028,0.4239733916003863,0.1267363349492818,0.0931773136764984,0.8328523646933513,0.39791413241486406,0.5224195227808913,0.31560670734742224
Lrrc7,0.8935238138244934,0.5918969633977539,0.4803815966521909,0.9285443414567859,0.8215315780059679,0.623515510107025,0.5071973245460927,0.1965652255622216,0.2876686228343753,0.2304350844107756,0.1286253998571925,0.3231894467162461,0.027165924776696476,0.10431114691603727
Ptn,0.039523040273047746,0.14183544611381727,0.1589091766075138,0.023544851258010934,0.015578966961870264,0.07412542975238537,0.08599069529231886,0.015653240759778544,0.012180932452083933,0.08630636625432868,0.0836232160369447,0.08154354471107057,0.07637221696778929,0.010156966318877206
Slc6a4,0.24252648687072498,0.09475027218200027,0.03790621778622792,0.2746597158730057,0.25811965135696,0.12602824510505428,0.10803730237582043,0.07738549820370026,0.1334812014803159,0.1516248711449117,0.09328411656065919,0.16784421053158063,0.03508081560328246,0.01710514208286808
Kdr,0.008181845912848523,0.028143230276092265,0.0035686775250997095,0.011876249533676175,0.04395566438391906,0.02300781528877549,0.008017435513613022,0.06261143419531524,0.03111229233499925,0.06439093630036007,0.02644109573962399,0.03305620522869403,0.0037137458374838423,0.029584240344533157
Syt1,1.451775728906459,2.0139366605285214,2.1898721389446494,0.8995520040139424,1.039902981836831,1.462659320209954,1.6263863919730681,0.19836518778240403,0.016467338885583195,0.3767613494499685,0.7645009425540218,0.5493844917809846,0.5640536809225399,0.19363318552297362
Creb1,0.014816906496937829,0.014312708087672698,0.015890358739418478,0.020411873972409362,0.02274310988993797,0.019360106871245508,0.020943178580927115,0.00271616168359868,0.004852224962261797,0.002965549722561897,0.0034751689168908157,0.000515040643381343,0.004922704172868442,0.001490907084886127
Tacr1,0.58604560211301,0.4915420990658403,0.30453488477738166,0.5930537154485203,0.4013744493559491,0.49865641159205376,0.3112067640167166,0.10837817434422564,0.09834381162577102,0.11517393086589456,0.20366036258912013,0.08830945484553998,0.0012034154524335524,0.21302222148588248
Cacna2d1,1.5473025033359364,1.3447633483578585,1.9202002484273444,1.1066716577605875,1.7332016381446662,0.912562491160537,1.523551942222195,1.2332677419553202,0.6524062863186635,0.8405045719240205,1.013648745872355,0.21250851663048892,0.4349863949133887,0.626163427067512
Kctd8,1.2995228243975243,0.07606603208053817,0.20867510189325233,1.4503656260525366,1.600471690825436,0.22110719880849014,0.3694175553035477,1.2105181801046279,1.0769881930517917,1.3962168943492892,0.017036581917848858,1.23561258007002,0.15572356569217888,0.15678259888821253
Kctd16,4.499489492589894,2.615151990442872,2.5008276955338933,4.77814660057532,4.628677465356928,2.8740140891189094,2.7855273421522972,1.5230976345130507,1.6481875646873831,1.8004348343874808,0.34908515347500446,1.9249691609709918,0.25629212909673166,0.06903912623877576
Plcb1,1.0614996052190326,1.1014344769718176,1.212805035509062,1.2309802418493296,1.353610194121867,1.2689753099172092,1.3847315630920831,0.048664013097106204,0.18364971820562856,0.12229258434375093,0.03871192804515502,0.015771526175110122,0.16197441423135864,0.12705777810479668
Gabra2,0.9987045423825367,1.0797993273157895,1.0733655379919005,0.8041058966118169,0.8085471203576953,0.8840003170576535,0.8898339845527835,0.11376795471875392,0.11964961182186838,0.06822716600884185,0.18295539620687562,0.06805911981379952,0.190829606805011,0.004297206992732323
Slc4a4,0.17809914111713646,0.4225619273763812,0.4384943088458425,0.2892776621615266,0.2753295764021988,0.3075772669065795,0.3227437776704161,0.4774143367681795,0.4923487454416723,0.5852624712140454,0.1257764303578476,0.5995818813811526,0.10976281899728159,0.01538698633443945
Neto1,0.38990558131335973,0.26095018879317994,0.2845871948139085,0.3144354576219436,0.33354458100303874,0.18561254053333728,0.20426186224526818,0.22180453556025248,0.19915726431487124,0.14728519635690993,0.09340245677858296,0.12783316923830523,0.07119940447246575,0.019233813985195438
Gria1,4.583175894078635,4.727790087428305,4.566865319872283,3.56129980575907,3.3565640754034725,3.712267279591274,3.532566578309768,0.7414672405171718,0.9043833156762724,0.33901334390158416,0.8906330816055319,0.15589872584378026,1.0525060643612203,0.1889940136756178
Kcnmb2,3.0338753048460254,1.3316370922920993,1.755439093832089,0.9768062161892067,1.2071850022688624,0.690566456951621,0.35093582808859763,4.063217506852411,3.6825460478678185,1.9138068134092885,2.481156168349439,1.6316521224105123,2.0026332193668894,0.3832363654272849
Casq2,0.0668741720261648,0.06350275908214023,0.0658603910923978,0.05124308607731885,0.05342388985252355,0.04777736816931969,0.050087845719866735,0.020876811732930153,0.018825673822174833,0.006188778588187232,0.016750959868198193,0.004184792763874559,0.014546576094325692,0.0021808075724333224
Smad7,0.011616264133366212,0.0009125401634495706,0.0006052562643358316,0.012105125286716633,0.010694412436024994,0.0012198241406749623,0.00031659558922869055,0.009032285514462716,0.010484900580113374,0.009609606396007084,0.0018716386212505938,0.011071533151772691,0.00027934903185918106,0.0016109128602650024
Lrrtm3,2.376159276039599,2.2823702932328667,1.874362540473817,1.9384617821249013,1.5477296947895558,1.8448616688823534,1.4351074467863962,0.17960083981623823,0.5551341736115166,0.25512286915437316,0.05550869364228223,0.11545430950257417,0.4409542862403375,0.38251911215466716
Slc1a7,0.0026821821660763094,0.0026821821660763094,0.0026821821660763094,0.0010034063040419501,0.0010034063040419501,0.0010034063040419501,0.0010034063040419501,0.0016691276995925888,0.0016691276995925888,0.0,0.0016691276995925888,0.0,0.0016691276995925888,0.0
P2rx1,0.0038590978392680575,0.0026671240029680307,0.0030293259036631675,0.003747144550220896,0.004102761119305554,0.0025551705371429354,0.0029173726146160066,0.0016924712363739127,0.0013566111924544955,0.0015805179473267518,0.000460984385098992,0.0012314868866305077,0.000118538841630058,0.00034244555230783063
Tbx5,0.0069949779803361225,0.017914546557726094,0.021815409853899903,0.019708373051870256,0.061289103517961525,0.0103785731237426,0.04910246828387513,0.017288131037477696,0.016633241100128423,0.04531549756058226,0.004489314115909636,0.010615851228065527,0.02851616216959198,0.03226991135956313
Piezo2,0.22260213524027608,0.6463054414033682,0.5174909583396746,0.13462038299659415,0.003732366062268004,0.5443512387811619,0.42651055118874176,0.4099541637450845,0.27798152467550824,0.5036780197638355,0.007273328772407571,0.40044778694446737,0.13481178217414178,0.10686689212114668
Gna14,0.004086073534734198,0.0679785569819676,0.0593242042962679,0.023894647335590047,0.03301851780886078,0.03886845670733005,0.03011258521215218,0.042180460284005024,0.03398293415085904,0.07233111494326286,0.021915058227416916,0.06321993144706307,0.030049136701368925,0.008908147580421962
Dcn,0.015073998218569638,0.010748210279927986,0.00797005108367806,0.007099214059146994,0.004586092240283983,0.0029627386690446174,0.000302899798163,0.013124080270830266,0.016119948882019685,0.0055799821831554845,0.00434945179281998,0.008433866462343812,0.007496770188750055,0.003010066758537418
Kcnb2,0.4170853127600744,0.827629429221158,1.1017128426412688,0.6524811630917676,0.9547087523494466,1.06685532996005,1.3606482852260344,0.3350625362755017,0.620894230510286,0.0980313958939399,0.06717603806506302,0.40822030033209383,0.21306122384147805,0.30347560369402016
Abcc9,0.09740401312008641,0.11273943045489782,0.11009611851439717,0.06505488806000619,0.05836268946566536,0.08066302811121269,0.07399180656291524,0.01348929156995873,0.016510222015987043,0.02059057564674767,0.028195346136746124,0.014915841921486154,0.03130019180622503,0.005664243794384403
Gabbr2,0.27367001568013555,0.0643587389615272,0.13490447651440993,0.26585485225310146,0.19330880985422103,0.4683976471758001,0.3982705804022734,0.7976110563101132,0.7250417875494994,0.26336610388786347,0.6003481768984019,0.1903781284469314,0.5269182684154182,0.07333686255402412
Grik2,0.5858264122041115,0.8005676398726161,0.9964095517199074,0.026005830941573084,0.19609941846099083,0.19285513103851065,0.4099137022375126,0.6283626838746688,0.4117160757391706,0.03857102512773814,0.8337830015395966,0.20140357519918853,0.6127076878748555,0.24064405596459795
Slc18a2,0.2265374068540812,0.1367291513321462,0.10263604060729097,0.12830534308131983,0.07600637458767988,0.039827887237488244,0.0026615949828617813,0.1451666826792474,0.18308755671480398,0.03863428629748607,0.0612852809825829,0.08574725942033475,0.09684639012364274,0.04221509187960521
Kcnj16,0.527564570751304,0.4954360571523232,0.5315832678199676,0.2140732558027005,0.22618241425813723,0.19320564726161724,0.20436048613289354,0.3497021015701006,0.3277847639725635,0.027282702934410537,0.3327259727240486,0.014728205396783288,0.2990917883526439,0.011886478667500837
Nos1,0.056583198222883074,0.031101742961674762,0.18248609543030803,0.026673125462318228,0.16478852837126617,0.006135832992934026,0.14480059104134055,0.19636355984662238,0.04830066880098262,0.1765869064106274,0.185275114294196,0.03184548019102895,0.023478435510032356,0.15888933935158556
Calca,0.014296853086709702,0.011349940315583486,0.012347513727689049,0.00510492857885509,0.006026156898765748,0.002035863796841542,0.003038526745135587,0.01224063100848971,0.011390658517834485,0.003679823880078658,0.00960418786908257,0.0028858369706193094,0.008682959139298386,0.0009212283745604619
Npas4,0.0316452695785499,0.0316452695785499,0.0316452695785499,0.01272433135091637,0.01272433135091637,0.01272433135091637,0.01272433135091637,0.019051019063899218,0.019051019063899218,0.0,0.019051019063899218,0.0,0.019051019063899218,0.0
Cacng3,0.010964936853175343,0.22840481235966054,0.04778924214336019,0.21238094636546523,0.42469130850832004,0.0283770681808851,0.17583900480983317,0.23532260305770217,0.03743608259143578,0.45203304668033084,0.0076236897704986374,0.23459318538543408,0.19760416304797518,0.2186869597622559
Kcnip1,4.348034819276212,3.122260001189217,3.7188573856555682,3.3945314145238057,4.052043563735825,2.1659877188592436,2.8102093640911043,2.9345312937439765,2.270927582892126,1.9834274590153782,1.6569787823906728,1.2778293758841703,0.9906984821382118,0.7023677646688651
Slc8a3,0.5101342689669986,0.43066661032888753,0.40526319262062177,0.3999798930110919,0.37024657486407786,0.3221011996681314,0.2933212473690801,0.1794527000247189,0.203187720834486,0.053130708823675835,0.09803857556145784,0.0805997847479192,0.12288587207783037,0.027091696666645116
Slc8a1,1.5301218346652214,1.5015676338569621,1.3424318938460613,1.3114301584807562,1.1712506083359773,1.283403829655379,1.1279153881496535,0.13346094651099868,0.2601072740537827,0.0920933311481748,0.08273522871278986,0.03498490739021984,0.2270899634356312,0.14080345557781643
Gnb3,0.0030245654052865273,0.0030245654052865273,0.0030245654052865273,0.00018041267054897585,0.00018041267054897585,0.00018041267054897585,0.00018041267054897585,0.002886602842734572,0.002886602842734572,0.0,0.002886602842734572,0.0,0.002886602842734572,0.0
Alox12,0.015263732983837848,0.010779102325423263,0.006817800407596229,0.01790944527022383,0.013817312191581643,0.01343208444044489,0.00931087692503028,0.002580297486421629,0.0012065617129870289,4.36106639957298e-05,0.006643357786733255,0.003961301917827035,0.0027838140562800044,0.003961301917827035
Naaa,0.06517845265831058,0.03332767433469032,0.07167080526222475,0.05379808564045193,0.0912603286284354,0.021636187163129088,0.05960072262917238,0.07889036535356567,0.04271760127685685,0.06723635999200656,0.0480741674962976,0.03172332608248976,0.011226676503503567,0.03625148292127491
Aqp1,0.021057673258608644,0.023428405525817285,0.023276823835391355,0.0034318005194882303,0.003686457108367078,0.000673020947692,0.0008609817229907819,0.021300203963290125,0.021651872834041568,0.003328725295516955,0.02425300699206914,0.00295280367981572,0.024489474103615225,0.0002607198239440494
Ntrk3,0.8301022783955878,0.7227516058568594,0.6888726133189611,0.551777063299242,0.5072100455246055,0.44839236972561297,0.3996577139942346,0.38490288734512507,0.40133822908641886,0.0813700586428013,0.2726115342684107,0.10893033698944397,0.2888452170180622,0.03004743081510663
Mef2c,0.05152926706189635,0.3551389815801436,0.29475679665882354,0.013631569598397146,0.05926349306743047,0.3932300320870207,0.33435325252113135,0.48084777134951917,0.445574153948649,0.44060216955695775,0.0851593300685724,0.40728976291084457,0.038353464398625914,0.04538332054205604
Kcnma1,1.7950564095624628,0.7582920995005021,0.6836698094757397,3.219945005368341,3.231425390920935,2.1880377601324352,2.129016934227695,0.2809743107336206,0.325718244063464,1.1477410617364188,1.4217977251468517,1.0807723003465963,1.410022994477572,0.012952194476189158
Slc1a3,0.35507404340635895,0.1360383328550483,0.14970533444970288,0.3573327199124237,0.37031061209609856,0.13862243373525548,0.1525574141161485,0.2311905199879046,0.2206627168114924,0.2306928487693516,0.010872348247691193,0.22062443688037575,0.00042111206282841415,0.010412952464289834
Atp1b1,0.06196658371293546,0.01604384875053755,0.005205261505341624,0.05849926329847515,0.08251366754408215,0.020906658523546152,0.00392106880180359,0.10360011341382802,0.08210272626963593,0.10406242414301174,0.02651430011056986,0.0784128125451551,0.004520358615213712,0.025581120906667143
Nrxn1,3.385869199047381,3.0378757432919565,3.01079635964253,2.66802878481269,2.6323980955087585,2.325973818787392,2.2986568158441756,1.0867371446156253,1.074622695307679,0.3852869072391814,0.7339929468914651,0.35369432619176105,0.717602794940901,0.03515564997781348
Slc6a13,3.850584167566951e-05,3.850584167566951e-05,3.850584167566951e-05,3.850584167566951e-05,3.850584167566951e-05,3.850584167566951e-05,3.850584167566951e-05,0.0,0.0,0.0,0.0,0.0,0.0,0.0
Dlgap1,3.9750408051347885,1.50766178703911,1.0335041053815364,3.7952160552551844,3.329691210460215,1.3397275212401563,0.824034239762644,2.2776182494923396,2.6967208528432014,2.037851779681854,0.2591497269535106,2.4724284635140847,0.2104471666161904,0.47969574341520815
Ctnna3,2.2958665581688313,1.7490543942002805,1.7774439607336834,1.728701594120851,1.7813753437326187,1.1802542578016673,1.245452771542421,1.1275108729855625,1.1042356123774153,0.6048089500091028,0.5895356674376737,0.549943355000797,0.5522047772318448,0.06826019214530073
Grm8,0.7735850905793606,0.7159962957961145,0.6450682306638629,0.05758880635888335,0.0628325159647329,1.5334629290220518,1.476610113248317,2.4179019543534044,2.3071400845021515,1.5445943703818032,0.8911545926340362,1.4606950012540274,0.8321858275615922,0.04912527540370035
Ppfia2,0.9995928924780036,1.0698699400287068,1.1738123469356159,0.7627352004835766,0.8830464696449953,0.8357404108144912,0.940337590519862,0.31188171074320564,0.17596544659745508,0.07000424042682278,0.36158853451201434,0.07218675691978087,0.24678812670420064,0.12287571928946567
Lrrtm4,1.7028003866454728,1.1462815889704836,1.1420682894937721,1.6765954836822627,1.7029031857907704,1.120641930448124,1.138111858573203,0.6182285211638225,0.6094422114065932,0.6040984661505475,0.038639282842128704,0.5701863427391606,0.03971830534251253,0.02322467600166237
Dgki,0.10351796447217743,0.44570303629909586,0.5834963490869784,0.09239763113023432,0.08500878757282848,0.25020753647088373,0.41973088812259535,0.0150248092266882,0.12635172339537504,0.16188737354454466,0.33563644262070047,0.333931312279339,0.20703592894435485,0.1607012015038066
Kcnh7,0.24441832049803447,0.20652723901686348,0.4820183564748565,0.00020819278249937183,0.2562332791279638,0.04569831600966397,0.22817928245887606,0.5639422083001235,0.29750749171474306,0.31973206436445567,0.5402082245896775,0.04767614834937773,0.25378700804479287,0.2844433863882305
Ghrl,0.0017526329201194672,0.0032381359221127517,0.0032381359221127517,0.004593331655502798,0.004593331655502798,0.0003974372042189684,0.0003974372042189684,0.00220219297931109,0.00220219297931109,0.00504289171469442,0.002847214116303038,0.00504289171469442,0.002847214116303038,0.0
Gja5,0.017532491561455987,0.024906118682476996,0.025413257310132015,0.03123327180838878,0.03429219978336348,0.010319858943706,0.009555126949962323,0.029864803404599956,0.026338985968001737,0.04404857256348336,0.015439540329954999,0.040241010964664564,0.014690907786538424,0.00016904605435706432
Tbx18,0.09502990057365696,0.15267855029723806,0.23970392564408133,0.07444058012857813,0.15256878801404117,0.130969756695406,0.22335099527001848,0.053631750829698566,0.023574556008765665,0.03793001316420692,0.11974586844729629,0.0479466390517843,0.024701335521311926,0.10012967308476994
Pex5l,0.02050249741060726,0.8127041691857952,0.6922020234152007,0.08146744647071279,0.2212156683890959,0.7094778002090677,0.5728420848899232,0.8126470636142653,0.6818936629104103,0.9305792670365752,0.009280378774740557,0.8004826187312023,0.12081625515842484,0.131724262490167
Smad3,0.012665408796349182,0.009850093748975977,0.009063771282982257,0.017088472078621783,0.01773438039066035,0.00547617438404964,0.004661769040149523,0.018604951725950086,0.01800116855529001,0.023063119724595613,0.0037420526096293865,0.02246635650778745,0.0044651884236510935,0.000765260272227398
Grik1,2.8624367381701012,3.0151174094572424,2.561400771659474,2.771030212081785,2.3101049366903976,2.91232103278815,2.4542792608110817,0.5164323895731394,0.041810550366732965,0.6094248183508953,0.36894206071442476,0.1353796749896655,0.1022195864890171,0.4714500023825609
Cck,0.007096117727804188,0.006393096714973835,0.008128679686821497,0.004628221323786728,0.00634915798767521,0.003932523661514871,0.005668106436783624,0.004811299583539725,0.003075716611692065,0.002423957676718834,0.004144894340607316,0.0006883747048711742,0.002387341906820891,0.001750229279806837
Kcnn3,1.552307771588996,1.7412575181862873,1.5277153433998545,0.9979995885591162,0.7973415297135358,1.19096643156894,0.9695371010611739,0.17547784387552656,0.3709920944338196,0.39876873479955655,0.3351812941188364,0.19232998906796805,0.5555328895042877,0.2323048407096673
Cux2,0.07736761453307163,0.008586411966459822,0.12949297538036275,0.07581666600672388,0.04678695349665975,0.011755741973681481,0.13108888675193128,0.025320922637734777,0.09265232893811436,0.020274720985615134,0.10930817254298586,0.0904158148690768,0.0034053438396225884,0.10771226117141733
Adcy2,0.5804656624977614,0.29191188212644026,0.32402530072831476,0.6374425220882336,0.6591702174497046,0.3496003969912244,0.3756202987881321,0.26233374126917797,0.23297797519551078,0.31550769357053315,0.02003752947585219,0.2903773841860188,0.057466121425586526,0.03133504902692377
Ptk2b,0.11065612875610518,0.06649902727134817,0.06207428855266743,0.02721817179533328,0.022928882839676826,0.01689377875841808,0.021393768355443193,0.12284673872797272,0.12705324929345624,0.0395743345075565,0.07905084267126579,0.044089375088248534,0.0832347797912416,0.00453009116035994
Slc26a3,0.4094968487507197,0.07085108703998258,0.02469316072178928,0.2095910023092347,0.16366451042013264,0.12829103836540082,0.17606894667042056,0.5057237921246475,0.5438165352434736,0.2990603343159529,0.16654576399686205,0.3379514817195735,0.2053790656060704,0.040395417611660434
Prdm12,0.3901519655392149,0.3218870729203397,0.23824964693011058,0.2331993753063488,0.14824395509167915,0.16707777033884924,0.0841547702592283,0.13967080779269356,0.22489722022435116,0.01815634297099285,0.07244060371181668,0.06633100669159693,0.1551418786783349,0.0825781005937711
Kcnc2,0.23899824121630378,0.10659155021931473,0.20455029280306977,0.1795123820402692,0.2716141411313311,0.04038820472082022,0.1608588616833003,0.2902399054356876,0.22389776570296346,0.2404971798267147,0.184453341283859,0.1417612072280859,0.0858284022097916,0.12863156979012605
Ptprd,0.2095030910638704,0.2319324026698388,0.2688030019848735,0.6523687646622441,0.6758794310619494,0.6734376555654548,0.6940531119162708,0.36075274641952104,0.4276569912162418,0.05023051028431907,0.3534274491914309,0.007534576615801342,0.4183085319858852,0.05926502695084065
Nppa,0.04234204362813001,0.029493719363714352,0.029733714458342362,0.013534026013887127,0.013791163450929197,0.0006857011167429066,0.0009256964989748072,0.04181919700763105,0.041562058420173416,0.01309689110545848,0.02896230099680058,0.012839753668416411,0.02873087649817182,0.00023999539373605625
Grm5,2.0248041149137253,3.144797407824947,3.2645014097159386,2.066415559935919,2.1622737732267616,3.1804235571191968,3.291102157345944,1.0431356022568845,1.145929149361671,1.0002891316312397,0.07125243406914199,1.103272670414327,0.03676625476832093,0.10554860176803835
Actn2,0.01204535082035753,0.022621086214746282,0.018116097465970843,0.018967650200403002,0.010246102419763332,0.053455536405766155,0.043848098075966166,0.061407937967402106,0.05887388116253237,0.040778387860152907,0.028966528465273242,0.033952230950976534,0.024749968050826673,0.008220230801841985
Sorbs2,1.2205757781062052,1.0965050610971538,1.3037614280684109,0.9462159191649533,1.145544411595129,0.8205030398647127,1.0307606163690137,0.6155967059374,0.410435556590055,0.3401043036693919,0.49645261830949206,0.13146056607571546,0.279994287821362,0.21875174052220717
Cacna2d3,0.1380177798807763,0.3408816751875412,0.49001739398401883,0.22784051202808442,0.357429323763649,0.4263606526201288,0.5905444102707186,0.15963315168943917,0.2730362926010109,0.06453585373888238,0.06045064898412765,0.18931550087759413,0.07410246252971114,0.14515395484747667
Aloxe3,0.12345748102457127,0.008639179002102813,0.02162381268284527,0.13631279090036225,0.10687750781112464,0.02174020875931196,0.008251191617660573,0.07150601649012692,0.10306229691067281,0.08499503432610821,0.04495476805197865,0.11651251559161195,0.013644212025995296,0.031414019166490975
Gimap3,0.027716546199086464,0.027716546199086464,0.027917606507823985,0.01153490899885548,0.011683842205513816,0.01153490899885548,0.011683842205513816,0.013627425989557788,0.013426365680820266,0.00014893361444478752,0.013627425989557788,0.0,0.013426365680820266,0.00014893361444478752
Abcc8,0.02795403542126297,0.12713614668673123,0.1253653906353635,0.16718702068213104,0.1683907350365703,0.012246056454219244,0.013947173533772585,0.01774733094113487,0.01695148644743173,0.1558561807558317,0.13702451750851477,0.155547795045173,0.13839734230039466,0.0014524160507976215
Grin2b,6.191103731493641,5.295252434096856,5.3562630904170865,5.547403748790969,5.531726344608125,4.643289122571977,4.69781243865765,1.604654730430535,1.5787059525483111,0.9494477487883772,0.7552952174507367,0.9279009789510304,0.6589139869304758,0.07807805953779207
Syn2,2.028774279436592,1.868008927418749,1.792420079344686,1.394001431309395,1.268061252404023,1.2321534647608556,1.129904403642533,0.7383518688176711,0.8429823913244717,0.07175371308141236,0.5704419977226904,0.18819884781254165,0.6584021555984413,0.10710478239157355
Nr3c2,0.3830738262193206,0.1731312200409118,0.0354906985622216,0.6184458224949101,0.43883120840615797,0.4099439839782027,0.21167151931514167,0.2061966424872203,0.02590965001306895,0.04166195045528629,0.44118442599571417,0.21349648362932122,0.23830155315906126,0.1919091084007757
Kcnj3,0.1784281842699573,0.12155656545101061,0.11952334922734519,0.18558796733248425,0.18840540704381123,0.1278885378327772,0.12531799231769936,0.06311646798177237,0.05714755896124816,0.06808329064522203,0.005053964400064402,0.06336335486841341,0.005707494287784924,0.0006099612122955796
Glra1,0.04930076493250327,0.040804398923915575,0.07694373370657133,0.13680540140430517,0.1404282689478369,0.11514761190686924,0.1498874274471471,0.04902284639485905,0.06815952427143239,0.029757136636245327,0.033558663836852146,0.016843848692071162,0.073241462056034,0.03717160649147684
Shank3,0.19194481831919116,0.060939406526374154,0.01055789099555455,0.18621964590716128,0.14032565227312221,0.055045845693376796,0.00882350071235605,0.08963262112983841,0.13881017060977513,0.08693000463001063,0.04211369406509142,0.13093805642443002,0.007813176119202446,0.04560773190585832
Lin7a,0.43673933187929,0.13111167184529848,0.3537585151033989,0.24887584538147858,0.4615370396684193,0.0489630008602464,0.1537791047266588,0.733479780076912,0.5021786775548004,0.5225493929677026,0.4117086156739638,0.308656629834956,0.1884293409446996,0.20570452070112943
Gabrb1,2.858998324599006,2.90041285807029,2.1103498016860005,1.8519459222474222,1.0863816909144124,1.884880319036819,1.1286038887129044,0.24619925769257173,1.0164748768140643,0.7895695297434868,0.27926810209949066,0.01929390836363549,1.0466272768771778,0.761840197940618
Slc24a4,0.019224753443802305,0.10071168563503191,0.13393986722814483,0.02302519471463012,0.01913915770233577,0.09776719948118223,0.13914407705064277,0.08815482505696827,0.12587677158863816,0.0854414471753095,0.03435804055532802,0.1295402615112693,0.0016091958037338563,0.04045244218300964
Nrxn3,0.44671712910844663,0.025538316812274177,0.3518863506842687,0.8686643668755765,0.5311517736993433,0.39627331088395473,0.07697655327847251,0.33452934224281194,0.02730113777475116,0.10161085919492398,0.7708503375179774,0.4569776528708271,0.4304901224377128,0.332721328034562
Reln,0.06936665417953591,0.26997330109712464,0.19691351756861175,0.054313125830250705,0.017836756915164908,0.2556557284804034,0.17693581076750461,0.24345233253907939,0.18658344941007007,0.26079399159407396,0.05506245469841895,0.19926855436134724,0.011494204439526319,0.07128012606352291
Fgf12,0.4258883511110818,0.9075801797656469,0.8333517242532611,0.3052199828514702,0.28498273491686965,0.7797381175231726,0.7045280809710609,0.3247776176719046,0.3274205575603277,0.4405377006679515,0.07724889489785629,0.44808889414786146,0.13403401049080574,0.04523175853005072
Cacna1c,0.9835699027341219,1.4577783879411612,1.2168222008550391,1.0863096832539723,0.8660050255752257,1.5619423828425436,1.3388540025621252,0.782880987122225,0.5453559100905307,0.6758684819980698,0.33139566031008505,0.4483131500162254,0.09684858728365625,0.22522475344386528
Kcnk3,0.25676724617497826,0.29972533461899864,0.24987225954171485,0.2910872305639886,0.2500788521347439,0.3357884364297556,0.2956838940962107,0.11008737163132416,0.06517957317252812,0.07527672766760238,0.07253938880757202,0.03348071172803327,0.03085958531748989,0.03416504600978737
Kcnk13,0.22155220314666774,0.14515803781779058,0.1065508504382653,0.18243964880064859,0.13804967469948246,0.10550696875560502,0.06689978693591697,0.07094276714656587,0.1163269179853952,0.032575845909777856,0.0007787715183770968,0.07700724858221372,0.0397587686695165,0.04071980877718163
Tmem108,0.6949352888751478,0.7109422441527354,0.8213768342842678,0.6666877107820155,0.7842738586012225,0.6753413180612107,0.7790950879950562,0.17791490617314734,0.039187911537986314,0.13605917627803504,0.16475512567135708,0.006748032732532302,0.039120654996679764,0.12029881703486343
Cacna1d,0.13255641809035765,0.07294691584969494,0.12260270497442378,0.13562994903439982,0.18438341061612046,0.07444138246363736,0.12340633242230832,0.1153136531583522,0.06392371847706134,0.11817569572544404,0.05264471998723643,0.06705364237932822,0.0015226646542037306,0.052729312972639324
P2rx7,0.06260094316566138,0.04176085824215237,0.0851008616542231,0.020344442778332167,0.06367291817175975,0.000426484050619164,0.0428962269080416,0.10583720523945855,0.06176526430765538,0.06345967728741693,0.08551581772487594,0.01999864476356017,0.04164559197938277,0.04328236873361238
Nr2f6,0.010678981766567768,0.009293095246613252,0.010432413020217014,0.0032309021177420847,0.004336210620600399,0.0018535175374615933,0.0030863617542123273,0.010245361103916988,0.009361113788104143,0.0028057833091776315,0.008604402414417579,0.0018535175374615933,0.0075331034675970385,0.0011818300396048518
Gad2,0.12733679913742482,0.03430525937012449,0.05227835863266676,0.28629544495399023,0.2668937544595156,0.12544489245178703,0.10797372889837373,0.01799240420806614,0.0005405443046297343,0.14281953127758099,0.17198962655534464,0.15953780066001638,0.15886210813347632,0.010772275553773459
Grin3a,1.0769688454678952,0.6940576752233151,0.6908746519019278,1.2461861337172313,1.2256253987872021,0.8600575315848701,0.8416991181015153,0.2358719003712661,0.24060344773835263,0.36713360707772663,0.15065244068736766,0.38753946881948825,0.1462478035672677,0.019786467133930376
Gip,0.03373918247202039,0.03373918247202039,0.03978911086016992,0.020600035621168137,0.026656845102606703,0.020600035621168137,0.026656845102606703,0.019237252499393998,0.013187325958815426,0.006049926910092763,0.019237252499393998,0.0,0.013187325958815426,0.006049926910092763
