,Gli2_Gli1_Gli3,Gli1_Gli3,Gli2_Gli3,Gli2_Gli1,Gli3,Gli1,Gli2
Col11a1,1.4263072875424885,1.0165387167563988,1.5739070938265118,0.3250723537120377,1.1329498975727326,0.07903750934330749,0.4349563283514503
Fmod,0.12606424976748673,0.10248472143808132,0.10454184061749437,0.046254234263489284,0.08058336777902038,0.021677080642973585,0.024329680788710697
Slc7a1,0.4178795568328192,0.2800259821135938,0.17525106203400204,0.3514317407239543,0.045366959013641454,0.22236103278219202,0.1202103373681468
Pitx2,1.1110464460431202,1.422720059066374,0.16969189150391034,1.0292060845488822,0.11787824378880407,1.3474773383510366,0.2951061356288197
Itga2,1.3635918478730553,1.6094098032915605,0.48473626185842916,0.612713238561589,0.7230028200461831,0.8742108478342937,0.2482377162236086
Tgfb2,1.1729310412439882,1.232114042400497,0.194477302052955,1.325081620335381,0.12546651115933544,1.392338242091567,0.07737281555666192
Mybl2,0.20282126972101097,0.1072017659250141,0.08002160723397385,0.20261320980012612,0.012164837587129529,0.10897031597787092,0.09007805627236024
Col4a2,0.9006636407707661,1.0933152002649191,1.2045989941747344,0.47385730879061877,1.3801506758546327,0.2730362073846187,0.18634299186674624
C3ar1,0.0,0.0,0.0,0.0,0.0,0.0,0.0
Sgms2,0.9417584280668247,0.7562341289640216,0.07073264738338975,1.040885221032756,0.09969224120113633,0.8671396401513657,0.15844761916434807
Timp3,0.2914954720745569,0.33515083091447345,0.24227557573420927,0.4705703486668802,0.18538012422630398,0.5277343006080211,0.07008002042995486
Lgals3,0.15299473317230008,0.13065405336773844,0.035947822657843104,0.12288717548232042,0.01947425390571968,0.10236569902911888,0.015325654466564621
Nrp1,0.24873449106057746,0.04976816723243926,0.7571168534963252,1.186354040093564,0.9579575005410922,0.970239986226542,0.2165127950318316
Comp,1.7551894122981817,1.9641912374557935,0.2539788529322656,1.8265265133459565,0.05563242091461728,2.039891853975117,0.20743130378101526
Xbp1,0.0,0.0,0.0,0.0,0.0,0.0,0.0
Sgcd,5.609079815160621,5.251833576410796,5.108490575590351,0.8462375583058296,4.73218624087163,0.5069761586928998,0.3588813848524472
Cd38,0.6802953257802602,0.6481220352439413,0.445874932890854,0.24427128535664694,0.4176501882667697,0.21562535674429056,0.024223559546049322
Nkx6-1,0.14499694227387924,0.10308457117444682,0.047449657425924475,0.13477054559413248,0.0071508929416389646,0.09414767648679186,0.040740092354203845
E2f1,0.459429876323871,0.36967169485004625,0.09616183858231543,0.4529417543067654,0.002331673975997868,0.36789760105297004,0.0906593131013908
Hey2,0.0005773851348315486,0.0009643559871110445,0.0003378317180918179,0.00023341099353532403,0.0007800841566180383,0.0003869708770120443,0.0003869708770120443
Il15,0.03721791748470298,0.026967480204977547,0.0033905968526650285,0.04846456260239993,0.005374270745965843,0.037462601191859214,0.010643678218889572
Ereg,0.0,0.0,0.0,0.0,0.0,0.0,0.0
Lyar,0.6336410341711725,0.5342145366219322,0.12845566914309123,0.6035511681421585,0.029126577304251566,0.5071769340953398,0.0974457694978485
Sntb1,7.131981052989193,6.377435370836189,2.7900331133047156,5.049278232500393,2.068725620536047,4.368723871551715,0.6718792788721973
Tpm2,0.017497420314920523,0.035851265128847204,0.042913476876118524,0.04462632587413082,0.027313367410818495,0.06261124919536815,0.014335234828710677
Junb,0.0,0.0,0.0,0.0,0.0,0.0,0.0
Ptch1,2.793074272687084,2.865361281462809,0.9044821275725198,1.875382115579969,0.9500688689849129,1.9585666197938223,0.05445183315540465
Msr1,0.15762850248494537,0.19339174554500763,0.04911754250875849,0.06803614293181169,0.09342956214506928,0.1004246729504232,0.043278646850470795
Fbn2,4.021815641642832,4.214241716177317,3.017320184738989,0.8858729155214151,3.175739069726417,1.0592826067362466,0.14338980655086753
Sele,0.0,0.0,0.0,0.0,0.0,0.0,0.0
Lama1,1.46554685686691,1.0945344563771826,0.9593764664599368,0.8787432747721039,0.5899638864474626,0.5052524703627965,0.37388419242814414
Nfya,0.14962068754592453,0.014463640931893482,0.2085367098173394,0.07216128889890293,0.07363811505968544,0.06117741794364939,0.13302488151567027
Hey1,0.0,0.0,0.0,0.0,0.0,0.0,0.0
Vav3,0.0053764104343719575,0.015003517469033526,0.386218991317009,0.36919819126803133,0.40145666324189183,0.3562569784112269,0.018272590833627242
Has2,1.2474438280914335,0.8408084197416187,0.13954375381596731,1.5302431608298674,0.2666873142026172,1.112472364134169,0.4200724316256934
E2f2,0.92004451871285,0.8127995026360345,0.44448058787007255,0.5810647221914713,0.34399031885016607,0.4690395624654743,0.10297495484218992
Ccr7,0.0,0.0,0.0,0.0,0.0,0.0,0.0
Vcan,3.585103111059334,3.108450944602086,1.3980384987331285,2.6779155463553925,0.9067595907047896,2.2056008792475357,0.48760281859139937
Igfbp1,0.013403380762698279,0.011484458643873765,0.013904917185662738,0.0015627585777371797,0.01189877090845632,0.00021805934232730536,0.001686325566355974
Atf4,0.0,0.0,0.0,0.0,0.0,0.0,0.0
Egfr,0.5096714483399944,0.3752754631924305,0.056421062581217214,0.6993079237014879,0.1916001804538231,0.5744031291736197,0.12586326671426082
Arid4b,0.5635781624107568,0.3675947318097069,0.3573781604973199,0.41444137570969014,0.15164780283174192,0.22845406115328307,0.19870529461662564
Prkcb,0.5935997287005464,0.6447617103338434,0.20300875818074146,0.3442007548468626,0.2593347089520384,0.39534765304039293,0.05276598566229629
Postn,0.38155239826836884,0.41887481385228303,1.351185376302077,0.9485922909593473,1.366733711107493,0.9148228351699323,0.018270053545683687
Cap2,0.5440511329296291,0.665154965819586,0.005392769944626151,0.44478679409348215,0.11348162229683875,0.5682135211613378,0.1192479165236257
Cdh1,0.0631100067682575,0.021748946066543966,0.09360524489445919,0.04041808823490138,0.01590078029451267,0.04155138818946616,0.0767701420103269
Thbs1,0.2374196112625297,0.24372981963400892,0.13764640973997325,0.10123957759464156,0.14021856702563487,0.1110113715833022,0.00567316659635719
Lama2,0.1470844884456797,0.46416860786697445,2.2724775984476793,2.9692525546599127,2.8736649187698102,2.37231516517177,0.5871200899168568
Klf10,0.14030176191786922,0.10319085599878844,0.2207441947039233,0.03922616827234143,0.17942780318039434,0.07500408848806912,0.041447815311045536
Slc1a2,4.3049033272711,2.197255970305,6.977969500014907,0.47212259622551506,4.782268268686086,2.548715676336424,2.166912510062312
Vcam1,0.054342053263255606,0.074694320842887,0.091335587825741,0.26528673583700646,0.21643629662977815,0.13441982278154108,0.12693125333724206
Sell,0.016302241013812294,0.021579885961499342,0.02399228816341116,0.029389318409684777,0.014560865488160973,0.007356591904322022,0.03756513824098305
Mxd3,0.0010190405000544624,0.0010925794844986148,0.0015338134969160792,0.0005883120165566193,0.0016598804079651413,0.0005147730321124671,0.00014707800413915482
Unc5c,0.0513316501054657,0.10246904087277987,0.03338742496180554,0.030789276077920865,0.027195574056509568,0.03693256214867897,0.06721191815768737
Vip,0.0,0.0,0.0,0.0,0.0,0.0,0.0
Igfbp2,0.4864971815678969,0.2699503059941697,0.4840293736989995,0.23817901860797352,0.25986754069417733,0.015004289823626074,0.22760267517300298
Ecm1,0.007293976849549529,0.012191065749296468,0.0010055907302056446,0.002768818448069242,0.004222103698861013,0.007989625112683345,0.005427434975995322
Thy1,0.049067304314718174,0.03456313169731577,0.03174419629024562,0.029643346154795858,0.018990732384561036,0.015964084505359445,0.012884024574514097
Smad2,0.03802580467105944,0.09411088728930458,0.06367832056649082,0.03850261711521857,0.007950850131218242,0.10010084480649246,0.06040619908074734
Adgre1,0.012222960809076634,0.012574606852540351,0.0596430989907973,0.030306690757257834,0.038498743935231665,0.0525645909179082,0.017960003491190733
Il2rb,0.0,0.0,0.0,0.0,0.0,0.0,0.0
Pmp22,0.010253943669305697,0.07101069121629992,0.02762789212184917,0.028565233263695332,0.04254013784912576,0.028347466642428546,0.06615355883406293
Shh,0.0013202564848415407,0.000943595074397978,0.0013202564848415407,0.0005009208345005201,0.0010600882427568284,0.00018250603950729306,0.0006368295899864541
Il18r1,0.3031054017262358,0.029883807489182176,0.3403377912961828,0.2345772268743212,0.07927806506073092,0.041229866773220686,0.267059090482591
Olr1,0.06435450437961726,0.05302582534464747,0.019391297756573514,0.060407407646209894,0.005506894364723145,0.047269947627643756,0.014763163030523097
Ctcf,0.45621513207485637,0.3307108406060215,0.01431397613826681,0.6044688991168289,0.13342575887448557,0.4811130315756245,0.11666021976588269
Dapp1,0.04750192482740128,0.11532073682990823,0.5032362000300767,0.5157150530395622,0.44134950816525675,0.5821297911514021,0.0589037410713022
Slc7a5,0.6341313898443619,0.5898614567757812,0.37683290851539114,0.3122425003001345,0.32461058143899796,0.2663211473337878,0.054114756400189735
Tgfbr3,0.9639901516319053,1.7807241900407549,1.7411863419980138,1.5889162514127197,2.5554325490598995,0.7516285874516251,0.8361394011781225
Foxn3,0.14818011530859987,0.08962134609920125,0.2738430247823621,0.06317410021772588,0.21973173891384842,0.13507537107139012,0.06920200263692573
Eng,1.0013521753131405,0.4184153366099978,0.8989072819843555,0.7048410293441204,0.3176748268054149,0.11030766159570955,0.59583359028693
Aplnr,0.0,0.0,0.0,0.0,0.0,0.0,0.0
Zbtb17,0.021516088202759902,0.040876440195347315,0.060917552812714715,0.062196552221683424,0.040876440195347315,0.08124747370201453,0.020082369211439934
Cdkn1c,0.00023224214409567676,0.00041088992880181145,0.00029476885675397304,0.00034836321614351517,0.0004555518749783451,0.00018758018892750498,0.00016078301822437205
Heyl,1.003713162856076,0.8009415159583351,0.5738314728178536,0.6265459684446051,0.362396664733795,0.4178141953738589,0.21203422852614992
Cxcl12,0.012644638603627793,0.05881029976457304,0.010006160267658543,0.020853238618926857,0.03700042053010091,0.02246564344147131,0.04475384363088459
Atf1,0.04161903304984433,0.08264412489165156,0.12293930856722218,0.0523959019934337,0.00042220134457601543,0.06740909637823315,0.12048481515411369
Ccl22,0.2128214714311183,0.105091997231131,0.17931311977867292,0.13726392483759883,0.0716278889426562,0.028507775755062293,0.11341156097840974
Tnc,3.362946487057649,3.1356172834928633,1.2124453443991705,2.3425566091055274,1.0035937652447158,2.13056754291567,0.1907381048866989
Prkca,1.5363003555584187,1.720772225035561,0.36785901814721406,0.9665114334190426,0.5510890855072914,1.1780910250148213,0.207582687718931
Atf5,0.00204913344301733,0.0035092192465009677,0.0007081103287614006,0.001635546849915731,0.0006454457023634206,0.0028387077945068086,0.0010840981712563252
Spp1,0.09815750974727379,0.23363402117441237,0.026989052577575237,0.06257000206781027,0.15978305333973367,0.07492659009459901,0.1387427449481476
Smad6,0.051352208397966045,0.7474303314483942,0.6983000580731722,0.14590343833229868,0.0951663927317651,0.6688641534487301,0.8135923571392262
Ntm,0.16271715236631712,0.24424229152445578,0.15641804118486444,0.24122901704091787,0.06882090485371088,0.3274179322006255,0.08712772292294206
Trp53,0.057185546286852545,0.0017952893203957514,0.15107816513441738,0.04480109120690566,0.09715862619234189,0.1027169222291137,0.05201267679223615
Cav1,0.2595739493285102,0.18899095660595014,0.01771577993933093,0.32003002121993257,0.05681442955409659,0.2520530241964197,0.06974262073287095
Cdh6,2.983999311361254,1.3947467982333306,2.381455801437713,2.093527543009286,0.8071680598350555,0.5353091446981243,1.5508429996314708
Ifitm1,0.0,0.0,0.0,0.0,0.0,0.0,0.0
Vegfc,0.860963094586324,0.7974524874126199,0.397788616985461,0.5556554876245158,0.33225050311874466,0.48845045342534854,0.06636354860326063
Slc2a1,0.2390380579784444,0.15440973856355583,0.17924199060214765,0.14486818930348394,0.09769500076520592,0.05827810324506199,0.08497629350767619
Krt18,0.09206282211085134,0.09938887740735478,0.05027185832935068,0.028642568361771654,0.05596187628359963,0.040503792673633084,0.010489844708663248
Meis1,1.173791521296068,0.9989938043617338,0.33318852039364133,1.0057480609966736,0.16886781442743748,0.8279189644456126,0.16603584258556855
Wnt2,1.8131048661890616,1.6844822322046034,0.46088038991943336,1.4467005696814121,0.34906313822137564,1.3208967456486318,0.11121705253792512
Fbln2,0.4089845417270235,0.20487209138816292,0.0826948537051696,0.705832855701664,0.2879272905332003,0.49714303332966564,0.21091034804275477
Tfdp1,0.21482246046418377,0.13139897260891412,0.18405571712459912,0.10950895908400701,0.09969746164349479,0.0234430735567542,0.08577146527631617
Egr3,0.0,0.0,0.0,0.0,0.0,0.0,0.0
Ly6e,0.0,0.0,0.0,0.0,0.0,0.0,0.0
E2f8,0.08590820071491181,0.16361481580824405,0.011125267477311905,0.001133074710207303,0.08624871127075087,0.07906278692053674,0.07578684977679888
Jun,0.00014301184184608982,0.0003953856787375698,0.0003617358319368701,0.00041221058802415214,0.0005804597938001154,0.0002271364447340715,0.0002271364447340715
Col3a1,1.8379747479890032,2.4165325000159683,1.8513222475672466,0.5047880116821736,2.400721531652746,0.0518673020122931,0.528190965139465
Nrcam,1.4186517266912002,1.0473956660969752,0.5725308646797223,1.1893061372497185,0.1966799804794699,0.819740896620539,0.3775907603920715
Ros1,0.24146500013225075,0.1960037690277281,0.0020638983284694437,0.2987437308966149,0.052429675952259135,0.25192320614939856,0.0481243385972316
Spock1,2.689450161733276,2.8050303693272345,1.5526059379412978,1.0363087578970638,1.6574399070636268,1.1728791345065088,0.12046271825565577
Ssrp1,0.06434483420209865,0.1127050404500451,0.011903056165036036,0.0010342453045214838,0.06314437145551623,0.04733519145867177,0.0512413152904802
Slamf1,0.018547929421973676,0.03474119997643114,0.014566959670464468,0.013429539282328175,0.03144866809151146,0.002683912377401747,0.016432727506468046
Atf3,0.0037624296563019332,0.0016592081567062863,0.0043154991115718355,0.0015968904230109955,0.0020798524148047315,0.0005530693507181919,0.002251226051777144
Cxcr6,0.0,0.0,0.0,0.0,0.0,0.0,0.0
Id3,0.000720281243819861,0.00047095314330439524,6.9257811637612795e-06,0.0009211289352162245,0.000290882803300598,0.0006510234368300612,0.00029780860259083047
Col1a2,0.7263210641308064,0.8913076130954828,0.7816273797503511,0.18321483253636492,0.9370634930980096,0.03138844965663011,0.14290948450899962
Myc,0.0015681182382920765,2.489076561647144e-05,0.0029951886614750546,0.0004812214645019365,0.0018916981957605812,0.0018834012523589404,0.0010785998582283488
Fap,1.5385671620842523,1.667224565378092,1.3392191105895233,0.13026402643758814,1.4617227414837037,0.2535708726381379,0.1177698107911128
Lamp3,0.1928603531203083,0.2245234703177016,0.12727103169218237,0.0322515173960894,0.16178060472934133,0.06284846542670769,0.03648600570957049
Clu,0.4531216785089114,0.354466986096162,0.23879497030249863,0.295896080924166,0.14532279890298214,0.203027118818399,0.0861316893497794
Cdkn1a,0.0012119791505221362,0.0008214525373621526,0.0015957725557184557,0.0019391666408354177,0.0013062441704594922,0.0009359172354135308,0.00022219617910192022
Plg,0.10901036925955829,0.10304667686961153,0.07648188781971589,0.04117748602254414,0.07014752405749809,0.036482312358922256,0.005914270056243706
Col5a2,3.0335432777862525,3.129126657935706,2.817012698523357,0.18503637623772234,2.8971188281378377,0.27006417844840896,0.07343604359806735
Cebpb,0.0,0.0,0.0,0.0,0.0,0.0,0.0
Gli1,0.0,0.0,0.040580711748944426,0.0,0.070607764839568,0.0,0.031044398601683735
Acta2,0.5946888654673059,0.39100896976146354,0.2854551733230011,0.5143102689650325,0.08027985977661868,0.31075027461713955,0.20573256681166957
Irf7,0.009775239767773414,0.007051291319098016,0.010531386004924943,0.002195557104589268,0.007689004951207149,0.0006650442897073671,0.0028332708345183816
Gpx1,0.0,0.0,0.0,0.0,0.0,0.0,0.0
Ncor2,0.9084469939874672,0.6268762966925934,0.4444267855673236,0.7324863920706027,0.15942160853819565,0.45268925084863954,0.28316127145332176
Nedd9,0.045693782625853115,0.07298159532623794,0.05324518447199313,0.033380317974130456,0.07647744348546653,0.0053676431277285145,0.025085703417645783
Col6a2,0.02915195996424206,0.03685186283756993,0.5799233455366035,0.5743115518474766,0.5646214232222039,0.58886306370846,0.02231666579427141
Khsrp,0.44503733831081765,0.4887990157088041,0.03581207220936859,0.42866367044932685,0.0054449283568755065,0.48686996208813704,0.05278469295645322
Prf1,0.004293867394143142,0.0022574022197776114,0.0012487757278679904,0.003169969151390157,0.0,0.0010758683336753393,0.0012199578030500603
Rela,0.11410509920441736,0.13236405225204584,0.15924528345827507,0.07168106632309444,0.17830507025492304,0.05487028664925815,0.017765105307816335
Lox,0.2894104170306587,0.2234847905562626,0.1862649267179021,0.1729229428634297,0.12062688742796614,0.10368578870456374,0.06794739508440836
Col1a1,0.10044102642903534,0.03547712122336226,0.2550096941693353,0.08889844433984982,0.189455692199571,0.15254803786634616,0.06354231220586326
Hmox1,0.0,0.0,0.0,0.0,0.0,0.0,0.0
Ncl,0.11722720071828115,0.08401133265729747,0.10757038227236666,0.26084372954441143,0.14303851147268534,0.2291127572649473,0.034790457026439806
Col4a1,0.9465305278438453,0.851515009809257,1.6409778980172416,0.5677637873814511,1.5341450615537047,0.6560866376876205,0.09873115334637296
Col6a3,0.6784097830149264,0.6490567484777415,1.1725661246229253,0.4299927649536236,1.1380998569035328,0.46345167761300804,0.03691444953426796
Mylk,1.4098976799484737,1.2535349869554102,1.1437304455196406,0.4150096422696688,1.0073232577403963,0.2489860613561175,0.14526534080142592
Il7r,0.0,0.0,0.0,0.0,0.0,0.0,0.0
Smarcc1,0.6739332315127236,0.3016735522282855,0.3695153259097525,0.6659122293507579,0.0010041855417698986,0.30459254341838377,0.3580077308809185
Tacr1,0.016646265742011335,0.12933507552927437,0.033700160672076,0.15023233807459246,0.11589161836641497,0.0035854774886027786,0.15662130853393152
Slit1,0.49883184012301623,0.3722394076930019,0.21486739705658298,0.8467654871622857,0.3383318606411979,0.6818940768009738,0.15657719563686243
Gp1ba,0.017866252200801475,0.030333893803589057,0.027482072039576942,0.023821668561299435,0.037877422441276176,0.009712656039462985,0.013726509924233058
Tcf7,0.0007915981444343026,0.015678040478000074,0.08637215184661959,0.07514685074660674,0.06904494795286226,0.09786132056879952,0.022769441321198902
Plcb1,7.511600515185855,7.487622772440655,3.8420392870666613,3.701185914296808,3.8006406604953904,3.688726841778858,0.03535986939568576
E2f3,0.3283366436549479,0.3664149468226913,0.13883170863781097,0.14408367757224708,0.18164838937629357,0.18359877281319006,0.04377047495379176
Lta,0.07938577142881753,0.04160253861867669,0.03307449851850867,0.08203661379937595,9.591865664137498e-05,0.04202981259036366,0.03660604689650833
Slc4a4,2.021804059995138,1.5627189945076478,1.4269674146952953,1.1183676084679977,0.9177809153778727,0.6505944594854562,0.5188157818619216
Lama3,0.20166307314215245,0.12875363728769912,0.053254777107847255,0.21933147533169584,0.017470810101043233,0.15334275942903264,0.0669506424551862
Cdh11,3.864458203675368,4.454402467237684,3.4837552203164335,0.11229804717344045,4.031061695769268,0.4509271835047142,0.5206309234121328
Stab1,0.05435665710693316,0.06746413710436412,0.0014838659426465392,0.03386435244538971,0.015241258988496207,0.052004325038350105,0.019520313507384708
Kcnmb2,2.7071969651331114,2.534990135936746,0.7837792529646695,2.0284046867855117,0.6208806383800274,1.885233768402065,0.1262536411116141
Id2,0.03915883134173001,0.04110489115047801,0.2732066767076516,0.32371375467189106,0.2732745572837747,0.32555797653241686,0.0009617164750201472
Ccl5,0.0,0.0,0.0,0.0,0.0,0.0,0.0
Ddit3,0.2955729025963151,0.26656053412843744,0.11283845096035026,0.2010466162945109,0.07952900603062035,0.17424417603308104,0.03272390704215667
Smad7,0.1801790833478201,0.25888375817550474,0.22521700794132113,0.12149025416973327,0.29770263170975275,0.04749089920060814,0.06940346026431886
Emp1,0.11620620378239088,0.0077327602926138975,0.17187647625521196,0.05708047371029096,0.06030245677383724,0.049301016316957304,0.1106681270014985
Id1,0.0,0.0,0.0,0.0,0.0,0.0,0.0
Gna14,0.4682012337389123,0.3714495455792524,0.4254672747551116,0.12405052755032045,0.33566494446863887,0.03222342818873958,0.0837483556088334
Dcn,2.4411353927296306,2.1804560505887802,2.42942887382925,0.3188313603789922,2.152782702807359,0.04417678657951947,0.28658628902174177
Ppard,0.6936428766683499,0.7036675951717735,0.5903502033996741,0.08056997894044822,0.6041648748022562,0.09559436958590829,0.018475937354433192
Adam12,0.1041574386623597,0.7161132292452357,1.2243097489893222,1.6890647466977733,1.8418024773603685,1.085471148476689,0.615312031026041
Mep1a,0.2014339305270411,0.09692478377375745,0.24004229667383103,0.06664386473823783,0.1336915837901488,0.03658102898345534,0.10497761688987622
Msx1,0.003240281524076051,0.0018254074598006006,0.0015175074377553365,0.0059014178681565275,0.002785762439228546,0.004611169702240357,0.0012829168979139945
Myl9,0.2923513740489642,0.10818043653108456,0.12585118694918188,0.3535169432170246,0.061612438419838766,0.16868747233783973,0.18740874364304652
Calcrl,0.918611873490704,0.21669937478596984,0.3031676887270632,1.9231562673069076,1.025151395771159,1.2233870159517224,0.7148588643133584
Hmgb2,0.0013205680879429071,0.00013996804223528252,0.00039556187624734194,0.001916953755090446,0.0007180969194400669,0.0008884927951682564,0.0011319155039510632
Cxcl10,0.042712130647455646,0.03591859170936859,0.028105791655885434,0.03492700416351483,0.01416819708541581,0.0266945059679522,0.013997551164929907
E2f4,0.09350688566861697,0.036912657137731134,0.10903458852061937,0.05119121186668657,0.04662494282883353,0.005749672375072854,0.0635990245515039
Irf1,0.03645083111724983,0.006866388903747552,0.016141511191480176,0.06368650876760827,0.025446617051213535,0.018100481269783565,0.043327215662890814
Tgif1,0.0,0.0,0.0,0.0,0.0,0.0,0.0
Ahr,0.6647963821011688,0.5253452839886359,0.2981716514192602,0.507501491506016,0.15890312763800674,0.3677734996651301,0.1400696812318276
Il18rap,0.037016234675546565,0.07916411170555009,0.029895472112996264,0.03310641342862898,0.07767837984162834,0.002472962148582317,0.04222607261531409
Ptpre,0.6123963125547893,0.6074327427161144,0.33678967139784355,0.2842800152897816,0.3256023630729423,0.28237045808463596,0.01382983874492622
Cxcl15,0.0013399898876655567,0.0017579288118118063,0.0003317659939745143,0.004179389704100177,0.0026929056870986126,0.0006247541138552261,0.0024645472648467024
Sparc,0.42567931105605744,0.3772141419593744,0.5094371330544671,0.018561597465856172,0.45920002388105763,0.061352119929098815,0.04426227248655247
Dab2,0.7111174124164447,0.3360021244703983,0.20217954926048895,0.9063872764008752,0.1923329612709085,0.5359960703790978,0.3911999485879692
Cebpg,0.2500777980777348,0.24328518625713014,0.14635566429096872,0.11340789045258856,0.1397247793133389,0.10612110934240199,0.0067926133280272055
Mxd1,0.018427533145290137,0.04087378152629404,0.2777963181281078,0.2141228805330297,0.21955521635561112,0.27260631503681965,0.05744341458727508
Mest,1.376970869122385,1.6981692651160478,0.18654861050841853,1.2654669252113224,0.1373314116498902,1.5884260135381818,0.3282816677827659
Rara,0.49467605550093,0.5610734294235199,0.28938042688051446,0.14684537270408055,0.34762020632851975,0.21344480516619027,0.05939311620199323
Nfyb,0.13366238305485342,0.10422708892759733,0.07196095611681014,0.1009905584158495,0.039045716380876165,0.0696259668664638,0.03428558178774936
Tcf19,0.0,0.0,0.0,0.0,0.0,0.0,0.0
Prrx1,2.018463354490574,1.7790674488236513,1.596285823950726,0.7200399185146178,1.295873217788746,0.4749262322648651,0.3105596597367162
Nabp1,0.016427240093866605,0.015960851655346518,0.1068473882763128,0.09499519712408708,0.10511508892958837,0.0950100019549332,0.0019025690107566037
Itgb3,1.5223299171242153,0.9109976023746764,1.0019325185683947,1.087644161115022,0.41813678120374276,0.47828958238574926,0.5812094261711375
Dpyd,4.404213229071753,4.348468527112655,3.2612581834869188,1.1749333300958396,3.187812752529344,1.1401704439261477,0.04364874407412932
Cd44,0.21266329011499868,0.21715861268764097,0.227878230401942,0.019692056961179837,0.23024418804364835,0.014095654629908819,0.00460451979557486
Pura,0.10197368792101123,0.06831862679456754,0.006339138762272301,0.1397011703513987,0.0406857454457911,0.10586361697543711,0.03530708087653646
Atf6,0.16735130879914975,0.2120659254307427,0.04986169312154356,0.17228777328186987,0.0032516663675152676,0.21948747592066786,0.05013968485931169
Col12a1,1.1960192400310001,0.8833667958597666,1.9926136493732638,0.4342812813984057,1.6700434809099636,0.7588898843238591,0.3293650308546032
Hoxc10,0.25393346932588984,0.23571922469317394,0.11488397958104445,0.16145110250985784,0.09604853014554565,0.1403149050295201,0.021458302721283625
Rasgrp1,0.026311736203591736,0.0610316866022524,0.11783578490931129,0.009260442877850397,0.03457232084587432,0.09675149775833866,0.08312925079388982
Slit3,2.2323088452815303,1.9269092791637905,0.7621824277684647,1.8118965585248004,0.42770052263090425,1.5114576471748349,0.3307672813332019
Slit2,3.8467864632405986,3.588938312920314,2.706759769925604,1.4093308451545525,2.43375669848327,1.1741071530781844,0.25084537265865636
Nfkb1,0.8415792930899091,0.6112611951929745,0.24905709819487112,0.820821897204042,0.020228925198447312,0.5912169138309178,0.22921020924043875
Gpx3,0.14371701543162205,0.11825926650862131,0.0399850667773943,0.12828581862888253,0.013455707173762552,0.10403944922172771,0.02529933857330192
Cd2,0.0,0.0,0.0,0.0,0.0,0.0,0.0
Smad3,0.03410995692945963,0.024557051722984773,0.11173723780489173,0.020045222435820895,0.05010644157493974,0.07335360741164826,0.054485958371633586
Scg2,0.006387687883614893,0.0019651187614891027,0.004229002771278377,0.007010466336998928,0.0006101546444271595,0.002566857345017268,0.004872820981561635
Eln,2.434990331803683,2.1514760821336303,0.3192935999452254,2.36497962477797,0.04925379389152575,2.0803865074949184,0.2810280830213566
Adcy2,3.4867281939064845,2.6683935323231878,2.0230081315912996,2.27415445070673,1.2205578762408724,1.4585370733700516,0.8012929612882673
Matn2,0.9280278775011426,1.2745794537269761,0.9721457961417207,0.3650047773349347,1.3144719194866805,0.013730128546000593,0.3481129199568828
Tfrc,0.015087619934579983,0.021213420492350324,0.042608345239031745,0.09857245050993607,0.0800589186157754,0.061658828783791676,0.03808584283463048
Rbpj,0.16175335030212565,0.018639828114408778,0.1634467872804985,0.5232723285637486,0.3458096338464539,0.3448127945392514,0.18169027749456157
Lcp2,0.6711976583083115,0.5300067212112588,0.42058569144130853,0.4206544391657432,0.26809100484279746,0.26101691509091174,0.16688078659204783
Mapk10,3.2086607245620105,3.3276192243216873,1.6989508655677794,1.3380479393645173,1.8259112839219653,1.4573041925837413,0.13231824745180792
Pde4b,4.154483734382975,3.2692420806895814,2.4347996297788086,2.5524332057115475,1.571134734837842,1.67293856775277,0.8678981618395185
Itpr2,0.3773708806514244,0.5234659831552946,0.19324615345918225,0.4419115367015518,0.05064521927516792,0.5806830839728812,0.1356024204013475
Lef1,2.975338370983177,2.9710756480166594,1.1320611429558796,1.7623453553273536,1.177400866747835,1.7594538453401989,0.054163182746461876
Hif1a,0.470935548288445,0.5603438493614767,0.23382198734832937,0.11092929574800649,0.33991781982280983,0.2040119275281394,0.10960610738169456
Hes1,0.00040996231038018,0.0003709183088937402,0.0003221132415306766,0.00033187427465479344,0.00021474217193795335,0.0002537862061769001,0.00019522015481848005
Fbln5,0.3475984283901945,0.32868090111171044,0.04446359499395347,0.28387156535196556,0.04109499171604395,0.2688758365207855,0.003714354982241941
Nrp2,0.4350601123946602,0.4829589531989426,0.3200411408379309,0.6542527322772564,0.2543801704833201,0.707581219788889,0.0768991064378538
Tpm1,0.11665967508736863,0.19286005719623572,0.13807196366258503,0.2854059998088934,0.16113997726561893,0.025769450192438127,0.30383053957343537
Abca1,1.5423638215547528,1.427220030840531,1.2600582884503053,0.40914311986742713,1.1463144490728268,0.3083373515060664,0.1032488173830681
Stat2,0.20811624426149486,0.1067322896596465,0.0821670750092227,0.23347200005763682,0.02295485875790398,0.13017513400965974,0.10707387941038206
F2,0.006715338166193645,0.0046082498931102325,0.005163169968924519,0.0040774567348757056,0.002975658709203379,0.0020347071965175255,0.0022518498865041698
Il1b,0.0,0.0,0.0,0.0,0.0,0.0,0.0
Klf6,0.0387438669596958,0.04264810980716963,0.016317437820378602,0.018809263708422497,0.019211170550402147,0.02226566640252534,0.002549240793398044
Wnt6,0.09640568852537011,0.10106441551699641,0.025936458973544883,0.057901287430023776,0.03417362423898771,0.06154242395702763,0.00852652648279063
Abi3bp,0.4316897720819445,0.20527878220391935,0.9557110035767263,1.9017069826493975,1.5591549106201865,1.2687544787685936,0.6029849307710256
Anxa1,0.05906253286164123,0.00891549122522703,0.02958841674739415,0.06700127081283767,0.020574211592568926,0.011087213714960251,0.05569584394552241
Satb1,0.09208285996246543,0.30185575779329127,0.024132544366615046,0.15717753282703428,0.23280531782836753,0.056931504331711597,0.2122013640149651
Camk4,0.044402562714048605,0.3018728125098984,0.4206632879050758,0.02249406774450302,0.07358023497304506,0.371263170250863,0.35272677104229333
Ccnd2,0.3100371229235001,0.2554359650276469,0.4000455163563568,0.041313060183073284,0.34526902759800665,0.09678162978435542,0.05581923132627618
Preb,0.18196301898495112,0.1100079572832834,0.2054927898183675,0.035107213662026716,0.13590320706341502,0.037472688115978474,0.0698038156921029
Edil3,0.5724003400864591,0.5270235193172561,0.33852719025114436,0.3194756388808154,0.2757684163646686,0.26995718736642427,0.06983837858970952
Hgf,0.13315058301955546,0.370352089153407,0.1830845715750975,0.7749621442163651,0.6766024602885408,0.27911145188064296,0.48347276205514395
Tcf7l2,0.505080237075626,0.10279414166407623,0.38183907567090886,0.4671532681495301,0.00029025746438955316,0.055256421459523086,0.39310535324757045
Arid4a,0.3286242134240691,0.2996700800057673,0.2292914080040653,0.13707546862918804,0.18824071697599362,0.11785499213993562,0.03148630567365142
Aqp9,0.03016588454777373,0.01906882601676469,0.013316472060993114,0.028948607153165856,0.00218544132977558,0.01722308997106995,0.011425442686669587
P2rx7,0.09854294672955147,0.03696942602433591,0.42261080656654343,0.18535338176120683,0.2914901880195181,0.3104748368414175,0.12152702087549071
Fbn1,0.8674007115307284,0.5044704620359631,0.7760630009516384,0.4811212589038315,0.41121814080110886,0.10573974693659062,0.3770794159868788
Sla,0.7124751435636404,0.6396406613601373,0.33593398433498517,0.4443450859527056,0.26298083120900134,0.3697436366850383,0.07109389628785773
Csf1,0.24399366438850664,0.03950306663528369,0.18784699250979944,0.25138377977002213,0.00917613032039138,0.04564861308696564,0.19861927799397092
Ets2,0.544540376769119,0.3465087304479692,0.34587910610009476,0.38531284716537006,0.15115886600323908,0.18672154997215343,0.19383407894111374
Snai2,0.0006917223970780305,0.00014435946046707787,0.001166905625656651,0.00015638941853343834,0.000366913634237458,0.0005774378499414776,0.0007097673361958627
Smad1,0.30289452241602804,0.28225135189893313,0.16108375923928325,0.1651173219280162,0.14627773104402103,0.14176881128185792,0.014610296862140175
Foxc2,0.0,0.0,0.0,0.0,0.0,0.0,0.0
Tgfb1,0.3373348728545327,0.22976408063802445,0.05416791490325681,0.39472856014718427,0.059081516641860725,0.2872445393398302,0.11206638113364935
Fn1,0.967693884872353,0.7944796352491439,0.5035304020401564,0.6683980488442194,0.3283585273108394,0.492322670104462,0.18196965606647686
Lyn,0.0628288268964882,0.07241063999991693,0.19039842149739697,0.00962601751014117,0.055932575291337536,0.12770221931686926,0.13765426096764571
Meis2,1.3335374901464823,0.6278727511634181,1.140192746084558,0.8755484904452552,0.44444612997259814,0.18252377583180954,0.6776362806593719
Marco,0.029483901093471994,0.020924791865884074,0.013614357727403624,0.025896793219966567,0.0031254751558690013,0.01708038069025054,0.009822922266693795
