,gene_short_name
ENSMUSG00000063458,1700112E06Rik
ENSMUSG00000029706,Pax4
ENSMUSG00000029228,Lnx1
ENSMUSG00000024064,Galnt14
ENSMUSG00000037174,Elf2
ENSMUSG00000035868,Zfp983
ENSMUSG00000090015,Gm15446
ENSMUSG00000049421,Zfp260
ENSMUSG00000015579,Nkx2-5
ENSMUSG00000020159,Gabrp
ENSMUSG00000015134,Aldh1a3
ENSMUSG00000066652,Lefty2
ENSMUSG00000026748,Plxdc2
ENSMUSG00000049148,Plcxd3
ENSMUSG00000050761,Gp1bb
ENSMUSG00000003847,Nfat5
ENSMUSG00000033863,Klf9
ENSMUSG00000033454,Zbtb1
ENSMUSG00000037335,Hand1
ENSMUSG00000038056,Kmt2c
ENSMUSG00000067931,Zfp948
ENSMUSG00000033669,Zfp7
ENSMUSG00000100846,Gm28845
ENSMUSG00000037033,Clca3b
ENSMUSG00000053093,Myh7
ENSMUSG00000042185,Nfrkb
ENSMUSG00000038791,Scgb3a2
ENSMUSG00000021613,Hapln1
ENSMUSG00000058728,Cd300c
ENSMUSG00000034248,Slc25a37
ENSMUSG00000016128,Stard13
ENSMUSG00000040148,Hmx3
ENSMUSG00000027966,Col11a1
ENSMUSG00000054889,Dsp
ENSMUSG00000041559,Fmod
ENSMUSG00000050103,Agmo
ENSMUSG00000050966,Lin28a
ENSMUSG00000003436,Dll3
ENSMUSG00000027820,Mme
ENSMUSG00000090961,Vmn2r8
ENSMUSG00000017002,Slpi
ENSMUSG00000027670,Ocstamp
ENSMUSG00000022061,Nkx3-1
ENSMUSG00000091764,Zfp964
ENSMUSG00000050447,Lypd6
ENSMUSG00000063229,Ldha
ENSMUSG00000078870,Gm14410
ENSMUSG00000026579,F5
ENSMUSG00000052595,A1cf
ENSMUSG00000001930,Vwf
ENSMUSG00000040124,Gorab
ENSMUSG00000026934,Lhx3
ENSMUSG00000025229,Pitx3
ENSMUSG00000020902,Ntn1
ENSMUSG00000046245,Pilra
ENSMUSG00000059187,Fam19a1
ENSMUSG00000049252,Lrp1b
ENSMUSG00000040111,Gramd1b
ENSMUSG00000004347,Pde1c
ENSMUSG00000037101,Ttc29
ENSMUSG00000097622,A330033J07Rik
ENSMUSG00000078869,Gm14409
ENSMUSG00000067724,Gbx1
ENSMUSG00000067656,Slc22a27
ENSMUSG00000041313,Slc7a1
ENSMUSG00000107872,Gm44511
ENSMUSG00000031543,Ank1
ENSMUSG00000030717,Nupr1
ENSMUSG00000055027,Smyd1
ENSMUSG00000028023,Pitx2
ENSMUSG00000054446,Cpa1
ENSMUSG00000029334,Prkg2
ENSMUSG00000015533,Itga2
ENSMUSG00000027794,Sohlh2
ENSMUSG00000054967,Zfp647
ENSMUSG00000036139,Hoxc9
ENSMUSG00000058491,Olfr869
ENSMUSG00000070345,Hsf5
ENSMUSG00000036036,Zfp57
ENSMUSG00000075602,Ly6a
ENSMUSG00000055254,Ntrk2
ENSMUSG00000042306,S100a14
ENSMUSG00000041248,Kcnj1
ENSMUSG00000043760,Pkhd1
ENSMUSG00000022122,Ednrb
ENSMUSG00000023433,Cela3b
ENSMUSG00000033826,Dnah8
ENSMUSG00000045518,Onecut3
ENSMUSG00000041052,Slc7a13
ENSMUSG00000046056,Sbsn
ENSMUSG00000021848,Otx2
ENSMUSG00000029595,Lhx5
ENSMUSG00000001823,Hoxd12
ENSMUSG00000035183,Slc24a5
ENSMUSG00000078877,Gm14295
ENSMUSG00000070691,Runx3
ENSMUSG00000097452,Gm2824
ENSMUSG00000030226,Lmo3
ENSMUSG00000032015,Pou2f3
ENSMUSG00000045036,Tmem232
ENSMUSG00000021728,Emb
ENSMUSG00000047793,Sned1
ENSMUSG00000021055,Esr2
ENSMUSG00000039239,Tgfb2
ENSMUSG00000071341,Egr4
ENSMUSG00000022054,Nefm
ENSMUSG00000061517,Sox21
ENSMUSG00000001655,Hoxc13
ENSMUSG00000060630,Zfp735
ENSMUSG00000057982,Zfp809
ENSMUSG00000019828,Grm1
ENSMUSG00000050328,Hoxc12
ENSMUSG00000055053,Nfic
ENSMUSG00000028373,Astn2
ENSMUSG00000000386,Mx1
ENSMUSG00000042499,Hoxd11
ENSMUSG00000042179,Pnliprp1
ENSMUSG00000020053,Igf1
ENSMUSG00000039457,Ppl
ENSMUSG00000025236,Adpgk
ENSMUSG00000008575,Nfib
ENSMUSG00000005339,Fcer1a
ENSMUSG00000095545,Zfp969
ENSMUSG00000039529,Atp8b1
ENSMUSG00000040728,Esrp1
ENSMUSG00000017861,Mybl2
ENSMUSG00000039518,Cdsn
ENSMUSG00000037196,Pacrg
ENSMUSG00000028255,Clca1
ENSMUSG00000096910,Zfp955b
ENSMUSG00000022641,Bbx
ENSMUSG00000023913,Pla2g7
ENSMUSG00000050846,Zfp623
ENSMUSG00000074071,Fam169b
ENSMUSG00000024238,Zeb1
ENSMUSG00000036815,Dpp10
ENSMUSG00000067430,Zfp763
ENSMUSG00000031503,Col4a2
ENSMUSG00000057716,Tmem178b
ENSMUSG00000038244,Mical2
ENSMUSG00000026726,Cubn
ENSMUSG00000020919,Stat5b
ENSMUSG00000053101,Gpr141
ENSMUSG00000037025,Foxa2
ENSMUSG00000026147,Col9a1
ENSMUSG00000047228,BC048546
ENSMUSG00000028927,Padi2
ENSMUSG00000029381,Shroom3
ENSMUSG00000098097,6530403H02Rik
ENSMUSG00000050463,Krt78
ENSMUSG00000044243,Bhlha9
ENSMUSG00000028626,Col9a2
ENSMUSG00000021313,Ryr2
ENSMUSG00000000031,H19
ENSMUSG00000037936,Scarb1
ENSMUSG00000023031,Cela1
ENSMUSG00000097648,9330185C12Rik
ENSMUSG00000057098,Ebf1
ENSMUSG00000026805,Barhl1
ENSMUSG00000040552,C3ar1
ENSMUSG00000030050,Gkn1
ENSMUSG00000069184,Zfp72
ENSMUSG00000045613,Chrm2
ENSMUSG00000048766,Skint10
ENSMUSG00000050931,Sgms2
ENSMUSG00000038679,Trps1
ENSMUSG00000015461,Atf6b
ENSMUSG00000041460,Cacna2d4
ENSMUSG00000036095,Dgkb
ENSMUSG00000020044,Timp3
ENSMUSG00000023868,Pde10a
ENSMUSG00000094113,5430401F13Rik
ENSMUSG00000022454,Nell2
ENSMUSG00000068962,Zfp114
ENSMUSG00000009733,Tfcp2
ENSMUSG00000036938,Try5
ENSMUSG00000045608,Dbx2
ENSMUSG00000029352,Crybb3
ENSMUSG00000024173,Tpsab1
ENSMUSG00000044934,Zfp367
ENSMUSG00000001510,Dlx3
ENSMUSG00000100617,Gm7145
ENSMUSG00000047250,Ptgs1
ENSMUSG00000050335,Lgals3
ENSMUSG00000009248,Ascl2
ENSMUSG00000026751,Nr5a1
ENSMUSG00000040653,Ppp1r14c
ENSMUSG00000032776,Mctp2
ENSMUSG00000066975,Cryba4
ENSMUSG00000091474,2610021A01Rik
ENSMUSG00000052273,Dnah3
ENSMUSG00000029580,Actb
ENSMUSG00000025810,Nrp1
ENSMUSG00000019803,Nr2e1
ENSMUSG00000041483,Zfp281
ENSMUSG00000001542,Ell2
ENSMUSG00000046518,Ferd3l
ENSMUSG00000094475,Gm11007
ENSMUSG00000041565,L3mbtl4
ENSMUSG00000025586,Cpeb1
ENSMUSG00000057816,1700007G11Rik
ENSMUSG00000031610,Scrg1
ENSMUSG00000047361,Gm973
ENSMUSG00000033981,Gria2
ENSMUSG00000063651,Cnfn
ENSMUSG00000027500,Stmn2
ENSMUSG00000025216,Lbx1
ENSMUSG00000044265,Olfm5
ENSMUSG00000031849,Comp
ENSMUSG00000068323,Slc4a5
ENSMUSG00000031028,Tub
ENSMUSG00000038572,Bpifb5
ENSMUSG00000049571,Cfap46
ENSMUSG00000022197,Pdzd2
ENSMUSG00000038402,Foxf2
ENSMUSG00000062116,Zfp954
ENSMUSG00000033237,Arid2
ENSMUSG00000033006,Sox10
ENSMUSG00000042010,Acacb
ENSMUSG00000071553,Cpa2
ENSMUSG00000037747,Phyhipl
ENSMUSG00000044734,Serpinb1a
ENSMUSG00000032119,Hinfp
ENSMUSG00000020484,Xbp1
ENSMUSG00000043969,Emx2
ENSMUSG00000019892,Lrriq1
ENSMUSG00000036273,Lrrk2
ENSMUSG00000036103,Colec12
ENSMUSG00000050587,Lrrc4c
ENSMUSG00000037492,Zmat4
ENSMUSG00000043602,Zfp3
ENSMUSG00000033831,Fgb
ENSMUSG00000013584,Aldh1a2
ENSMUSG00000095199,Zfp967
ENSMUSG00000075040,Zfp408
ENSMUSG00000040896,Kcnd3
ENSMUSG00000032496,Ltf
ENSMUSG00000111449,RP23-122B15.1
ENSMUSG00000073209,Klf14
ENSMUSG00000058152,Chsy3
ENSMUSG00000020354,Sgcd
ENSMUSG00000021194,Chga
ENSMUSG00000058440,Nrf1
ENSMUSG00000068959,Zfp619
ENSMUSG00000050919,Zfp366
ENSMUSG00000038718,Pbx3
ENSMUSG00000087215,Gm14618
ENSMUSG00000013418,B4galnt2
ENSMUSG00000047002,Msgn1
ENSMUSG00000020950,Foxg1
ENSMUSG00000029372,Ppbp
ENSMUSG00000032329,Hmg20a
ENSMUSG00000073427,Gm4924
ENSMUSG00000025225,Nfkb2
ENSMUSG00000014542,Clec4f
ENSMUSG00000060371,Caln1
ENSMUSG00000040473,Cfap69
ENSMUSG00000030523,Trpm1
ENSMUSG00000060487,Samd5
ENSMUSG00000089945,Pakap
ENSMUSG00000029290,Zfp326
ENSMUSG00000030911,Zp2
ENSMUSG00000049739,Zfp646
ENSMUSG00000095576,Fmo6
ENSMUSG00000037922,Bank1
ENSMUSG00000029084,Cd38
ENSMUSG00000049823,Zbtb12
ENSMUSG00000055148,Klf2
ENSMUSG00000034057,Myrfl
ENSMUSG00000036634,Mag
ENSMUSG00000084989,Crocc2
ENSMUSG00000070498,Tmem132b
ENSMUSG00000061524,Zic2
ENSMUSG00000031627,Irf2
ENSMUSG00000028972,Car6
ENSMUSG00000095315,Gm10130
ENSMUSG00000064194,Zfp936
ENSMUSG00000068196,Col8a1
ENSMUSG00000075225,Ccdc162
ENSMUSG00000002983,Relb
ENSMUSG00000021136,Smoc1
ENSMUSG00000004872,Pax3
ENSMUSG00000020802,Ube2o
ENSMUSG00000024867,Pip5k1b
ENSMUSG00000026531,Mptx1
ENSMUSG00000039834,Zfp335
ENSMUSG00000024694,Keg1
ENSMUSG00000011118,Panx3
ENSMUSG00000025019,Lcor
ENSMUSG00000056014,A430033K04Rik
ENSMUSG00000051034,Zfp11
ENSMUSG00000053552,Ebf4
ENSMUSG00000074735,Gm21994
ENSMUSG00000070695,Cntnap5a
ENSMUSG00000023078,Cxcl13
ENSMUSG00000067299,Crygd
ENSMUSG00000060509,Xcr1
ENSMUSG00000037627,Rgs22
ENSMUSG00000022556,Hsf1
ENSMUSG00000045252,Zfp574
ENSMUSG00000020154,Ptprb
ENSMUSG00000032023,Jhy
ENSMUSG00000030111,A2m
ENSMUSG00000022861,Dgkg
ENSMUSG00000030399,Ckm
ENSMUSG00000045817,Zfp36l2
ENSMUSG00000055197,Fev
ENSMUSG00000055026,Gabrg3
ENSMUSG00000027073,Prg2
ENSMUSG00000035187,Nkx6-1
ENSMUSG00000064115,Cadm2
ENSMUSG00000096436,Olfr1437
ENSMUSG00000049295,Zfp219
ENSMUSG00000019890,Nts
ENSMUSG00000001021,S100a3
ENSMUSG00000021071,Trim9
ENSMUSG00000091898,Tnnc1
ENSMUSG00000025930,Msc
ENSMUSG00000034522,Zfp395
ENSMUSG00000039683,Sdk1
ENSMUSG00000047586,Nccrp1
ENSMUSG00000052336,Cx3cr1
ENSMUSG00000042821,Snai1
ENSMUSG00000020923,Ubtf
ENSMUSG00000013089,Etv5
ENSMUSG00000027490,E2f1
ENSMUSG00000003184,Irf3
ENSMUSG00000005621,Zfp592
ENSMUSG00000056258,Kcnq3
ENSMUSG00000010461,Eya4
ENSMUSG00000030713,Klk7
ENSMUSG00000029368,Alb
ENSMUSG00000025902,Sox17
ENSMUSG00000023906,Cldn6
ENSMUSG00000052415,Tchh
ENSMUSG00000059246,Foxb1
ENSMUSG00000039057,Myo16
ENSMUSG00000026180,Cxcr2
ENSMUSG00000035357,Pdzrn3
ENSMUSG00000022582,Ly6g
ENSMUSG00000039701,Usp53
ENSMUSG00000011267,Zfp296
ENSMUSG00000019789,Hey2
ENSMUSG00000058248,Kcnh1
ENSMUSG00000049410,Zfp683
ENSMUSG00000029420,Rimbp2
ENSMUSG00000103523,2210017I01Rik
ENSMUSG00000036602,Alx1
ENSMUSG00000026480,Ncf2
ENSMUSG00000046178,Nxph1
ENSMUSG00000087659,Gm12606
ENSMUSG00000037007,Zfp113
ENSMUSG00000031712,Il15
ENSMUSG00000024511,Rab27b
ENSMUSG00000055170,Ifng
ENSMUSG00000038227,Hoxa9
ENSMUSG00000074852,Hpse2
ENSMUSG00000016255,Tubb1
ENSMUSG00000027186,Elf5
ENSMUSG00000066366,Serpina1a
ENSMUSG00000047798,Cd300lf
ENSMUSG00000000094,Tbx4
ENSMUSG00000029377,Ereg
ENSMUSG00000037279,Ovol2
ENSMUSG00000004151,Etv1
ENSMUSG00000009292,Trpm2
ENSMUSG00000035804,Ins1
ENSMUSG00000035557,Krt17
ENSMUSG00000028522,Mier1
ENSMUSG00000067367,Lyar
ENSMUSG00000039578,Ccser1
ENSMUSG00000093668,Pou5f2
ENSMUSG00000047642,D930020B18Rik
ENSMUSG00000078763,Slfn1
ENSMUSG00000035033,Tbr1
ENSMUSG00000030443,Zfp583
ENSMUSG00000038578,Susd1
ENSMUSG00000018750,Zbtb4
ENSMUSG00000047495,Dlgap2
ENSMUSG00000026301,Iqca
ENSMUSG00000004043,Stat5a
ENSMUSG00000029832,Nfe2l3
ENSMUSG00000028238,Atp6v0d2
ENSMUSG00000026387,Sctr
ENSMUSG00000068748,Ptprz1
ENSMUSG00000020437,Myo1g
ENSMUSG00000060586,H2-Eb1
ENSMUSG00000104846,Gm43020
ENSMUSG00000029092,D5Ertd615e
ENSMUSG00000028952,Zbtb48
ENSMUSG00000058400,Qrfpr
ENSMUSG00000097071,4930544I03Rik
ENSMUSG00000040037,Negr1
ENSMUSG00000056824,Zfp663
ENSMUSG00000056553,Ptprn2
ENSMUSG00000028386,Slc46a2
ENSMUSG00000026815,Gfi1b
ENSMUSG00000022987,Zfp641
ENSMUSG00000060429,Sntb1
ENSMUSG00000036006,Fam65b
ENSMUSG00000028906,Epb41
ENSMUSG00000053797,Krt16
ENSMUSG00000062372,Otof
ENSMUSG00000030546,Plin1
ENSMUSG00000053063,Clec12a
ENSMUSG00000004633,Chn2
ENSMUSG00000027072,Prg3
ENSMUSG00000028464,Tpm2
ENSMUSG00000073490,Ifi207
ENSMUSG00000032179,Bmp5
ENSMUSG00000028565,Nfia
ENSMUSG00000026109,Tmeff2
ENSMUSG00000030557,Mef2a
ENSMUSG00000048502,Duxbl1
ENSMUSG00000027831,Veph1
ENSMUSG00000039377,Hlx
ENSMUSG00000070643,Sox13
ENSMUSG00000052837,Junb
ENSMUSG00000064294,Aox3
ENSMUSG00000001521,Tulp3
ENSMUSG00000053985,Zfp14
ENSMUSG00000052062,Pard3b
ENSMUSG00000110229,Gm31784
ENSMUSG00000021466,Ptch1
ENSMUSG00000047473,Zfp30
ENSMUSG00000059325,Hopx
ENSMUSG00000025044,Msr1
ENSMUSG00000000804,Usp32
ENSMUSG00000056749,Nfil3
ENSMUSG00000026936,Lcn3
ENSMUSG00000034429,Zfp707
ENSMUSG00000090877,Hspa1b
ENSMUSG00000019982,Myb
ENSMUSG00000024598,Fbn2
ENSMUSG00000092335,Zfp977
ENSMUSG00000028033,Kcnq5
ENSMUSG00000032021,Crtam
ENSMUSG00000017007,Rbpjl
ENSMUSG00000038048,Cntnap5c
ENSMUSG00000057417,Dcpp3
ENSMUSG00000066000,Zfp979
ENSMUSG00000111657,RP23-384F19.1
ENSMUSG00000091183,Gm5141
ENSMUSG00000049691,Nkx3-2
ENSMUSG00000052534,Pbx1
ENSMUSG00000068082,Grxcr1
ENSMUSG00000048830,2310057N15Rik
ENSMUSG00000041378,Cldn5
ENSMUSG00000078810,Gp6
ENSMUSG00000021086,Ccdc175
ENSMUSG00000053897,Slc39a8
ENSMUSG00000027955,Fam198b
ENSMUSG00000049109,Themis
ENSMUSG00000053024,Cntn2
ENSMUSG00000042092,Lce1c
ENSMUSG00000025089,Gfra1
ENSMUSG00000094932,Gm2007
ENSMUSG00000049600,Zbtb45
ENSMUSG00000045991,Onecut2
ENSMUSG00000023926,Rhag
ENSMUSG00000064373,Selenop
ENSMUSG00000031881,Cdh16
ENSMUSG00000050855,Zfp940
ENSMUSG00000037736,Limch1
ENSMUSG00000026582,Sele
ENSMUSG00000099216,Obox8
ENSMUSG00000005800,Mmp8
ENSMUSG00000069581,Tspear
ENSMUSG00000030001,Figla
ENSMUSG00000046792,Zfp787
ENSMUSG00000069476,Zfp616
ENSMUSG00000032998,Foxj3
ENSMUSG00000000982,Ccl3
ENSMUSG00000050830,Vwc2
ENSMUSG00000062944,9130023H24Rik
ENSMUSG00000025952,Crygc
ENSMUSG00000032796,Lama1
ENSMUSG00000032497,Lrrfip2
ENSMUSG00000052551,Adarb2
ENSMUSG00000023994,Nfya
ENSMUSG00000004535,Tax1bp1
ENSMUSG00000037625,Cldn11
ENSMUSG00000003382,Etv3
ENSMUSG00000035539,Ccdc180
ENSMUSG00000070524,Fcrlb
ENSMUSG00000032554,Trf
ENSMUSG00000078498,Zfp988
ENSMUSG00000110110,Gm30978
ENSMUSG00000045587,BC049730
ENSMUSG00000047003,Zfp41
ENSMUSG00000030222,Rerg
ENSMUSG00000034613,Ppm1h
ENSMUSG00000040289,Hey1
ENSMUSG00000052681,Rap1b
ENSMUSG00000020077,Srgn
ENSMUSG00000109741,Gm45455
ENSMUSG00000111422,1700027J07Rik
ENSMUSG00000068284,Usf3
ENSMUSG00000033721,Vav3
ENSMUSG00000027202,Slc12a1
ENSMUSG00000052920,Prkg1
ENSMUSG00000063972,Nr6a1
ENSMUSG00000085693,Gm13371
ENSMUSG00000020609,Apob
ENSMUSG00000029204,Rhoh
ENSMUSG00000019878,Hsf2
ENSMUSG00000034673,Pbx2
ENSMUSG00000022494,Shisa9
ENSMUSG00000022367,Has2
ENSMUSG00000035529,Prdm4
ENSMUSG00000096099,Vmn1r220
ENSMUSG00000049532,Sall2
ENSMUSG00000049538,Adamts16
ENSMUSG00000048764,Tmprss11f
ENSMUSG00000038255,Neurod2
ENSMUSG00000025997,Ikzf2
ENSMUSG00000038845,Phb
ENSMUSG00000014704,Hoxa2
ENSMUSG00000061578,Ksr2
ENSMUSG00000075066,Olfr32
ENSMUSG00000014592,Camta1
ENSMUSG00000062515,Fabp4
ENSMUSG00000001566,Mnx1
ENSMUSG00000021490,Slc34a1
ENSMUSG00000097084,Foxl1
ENSMUSG00000027971,Ndst4
ENSMUSG00000027435,Cd93
ENSMUSG00000103428,Gm20754
ENSMUSG00000043681,Fam25c
ENSMUSG00000034438,Gbp8
ENSMUSG00000044646,Zbtb7c
ENSMUSG00000022894,Adamts5
ENSMUSG00000040726,Hesx1
ENSMUSG00000039238,Zfp750
ENSMUSG00000034127,Tspan8
ENSMUSG00000020704,Asic2
ENSMUSG00000022055,Nefl
ENSMUSG00000078897,Gm4724
ENSMUSG00000057409,Zfp53
ENSMUSG00000018983,E2f2
ENSMUSG00000026826,Nr4a2
ENSMUSG00000034430,Zxdc
ENSMUSG00000067998,Bpifb9a
ENSMUSG00000073572,Gm10542
ENSMUSG00000030145,Zfp248
ENSMUSG00000066372,Vmn2r65
ENSMUSG00000043219,Hoxa6
ENSMUSG00000037944,Ccr7
ENSMUSG00000021614,Vcan
ENSMUSG00000044676,Zfp612
ENSMUSG00000033569,Adgrb3
ENSMUSG00000021217,Tshz3
ENSMUSG00000052384,Nrros
ENSMUSG00000033676,Gabrb3
ENSMUSG00000020429,Igfbp1
ENSMUSG00000038932,Tcfl5
ENSMUSG00000049184,Purg
ENSMUSG00000035697,Hmha1
ENSMUSG00000038267,Slc22a23
ENSMUSG00000059475,Zfp426
ENSMUSG00000035305,Ror1
ENSMUSG00000050108,Bpifc
ENSMUSG00000028360,Slc44a5
ENSMUSG00000024518,Rax
ENSMUSG00000025163,Cd7
ENSMUSG00000049336,Tenm2
ENSMUSG00000005267,Zfp287
ENSMUSG00000034701,Neurod1
ENSMUSG00000030737,Slco2b1
ENSMUSG00000023411,Nfatc4
ENSMUSG00000024049,Myom1
ENSMUSG00000005373,Mlxipl
ENSMUSG00000042390,Gatad2b
ENSMUSG00000025359,Pmel
ENSMUSG00000053477,Tcf4
ENSMUSG00000078886,Gm2026
ENSMUSG00000084174,Sycn
ENSMUSG00000058818,Pirb
ENSMUSG00000022485,Hoxc5
ENSMUSG00000058897,Col25a1
ENSMUSG00000022014,Epsti1
ENSMUSG00000054672,5830411N06Rik
ENSMUSG00000069515,Lyz1
ENSMUSG00000020660,Pomc
ENSMUSG00000009580,Odam
ENSMUSG00000033943,Mga
ENSMUSG00000016087,Fli1
ENSMUSG00000059897,Zfp930
ENSMUSG00000039004,Bmp6
ENSMUSG00000038296,Galnt18
ENSMUSG00000034333,Zbed4
ENSMUSG00000004359,Spic
ENSMUSG00000021508,Cxcl14
ENSMUSG00000002100,Mybpc3
ENSMUSG00000023247,Guca2a
ENSMUSG00000066359,Tcl1b1
ENSMUSG00000079597,Gm5483
ENSMUSG00000024730,Ms4a8a
ENSMUSG00000036905,C1qb
ENSMUSG00000075188,Olfr1056
ENSMUSG00000078861,Zfp931
ENSMUSG00000060969,Irx1
ENSMUSG00000045466,Zfp956
ENSMUSG00000012640,Zfp715
ENSMUSG00000026527,Rgs7
ENSMUSG00000045251,Zfp688
ENSMUSG00000026572,Tbx19
ENSMUSG00000042406,Atf4
ENSMUSG00000038535,Zfp280d
ENSMUSG00000059206,Vmn1r71
ENSMUSG00000007907,Cabs1
ENSMUSG00000109969,Zscan4-ps3
ENSMUSG00000062012,Zfp13
ENSMUSG00000019846,Lama4
ENSMUSG00000032006,Pdgfd
ENSMUSG00000041078,Grid1
ENSMUSG00000039539,Sgcz
ENSMUSG00000050064,Zfp697
ENSMUSG00000011463,Cpb1
ENSMUSG00000102030,Gm29106
ENSMUSG00000038179,Slamf7
ENSMUSG00000020122,Egfr
ENSMUSG00000022548,Apod
ENSMUSG00000096856,Gm10778
ENSMUSG00000026609,Ush2a
ENSMUSG00000057329,Bcl2
ENSMUSG00000041741,Pde3a
ENSMUSG00000037572,Wdhd1
ENSMUSG00000037868,Egr2
ENSMUSG00000020334,Slc22a4
ENSMUSG00000036251,Trpm8
ENSMUSG00000039219,Arid4b
ENSMUSG00000058748,Zfp958
ENSMUSG00000026866,Kynu
ENSMUSG00000068823,Csde1
ENSMUSG00000042258,Isl1
ENSMUSG00000051149,Adnp
ENSMUSG00000029556,Hnf1a
ENSMUSG00000033060,Lmo7
ENSMUSG00000078796,Zfp541
ENSMUSG00000029913,Prdm5
ENSMUSG00000056738,A730036I17Rik
ENSMUSG00000044819,Oxgr1
ENSMUSG00000053469,Tg
ENSMUSG00000056569,Mpz
ENSMUSG00000024771,Lipk
ENSMUSG00000020264,Slc36a2
ENSMUSG00000001435,Col18a1
ENSMUSG00000086209,4933405E24Rik
ENSMUSG00000043383,Olfr1342
ENSMUSG00000042477,Tfap2e
ENSMUSG00000079700,Fpr3
ENSMUSG00000007415,Gatad1
ENSMUSG00000023467,Tulp2
ENSMUSG00000038224,Serpinf2
ENSMUSG00000006310,Zbtb32
ENSMUSG00000028423,Nfx1
ENSMUSG00000039936,Pik3cd
ENSMUSG00000031957,Ctrb1
ENSMUSG00000061013,Mkx
ENSMUSG00000054580,Pla2r1
ENSMUSG00000006389,Mpl
ENSMUSG00000032908,Sgpp2
ENSMUSG00000025219,Fgf8
ENSMUSG00000030500,Slc17a6
ENSMUSG00000060284,Sp7
ENSMUSG00000078896,Zfp965
ENSMUSG00000019900,Rfx6
ENSMUSG00000043301,Kcnj6
ENSMUSG00000075370,Igll1
ENSMUSG00000052889,Prkcb
ENSMUSG00000018623,Mmp7
ENSMUSG00000062861,Zfp28
ENSMUSG00000030306,Tmtc1
ENSMUSG00000037608,Bclaf1
ENSMUSG00000022901,Cd86
ENSMUSG00000040841,Six5
ENSMUSG00000035580,Kcnh8
ENSMUSG00000005677,Nr1i3
ENSMUSG00000054160,Nkx2-4
ENSMUSG00000044951,Mylk4
ENSMUSG00000024682,Gif
ENSMUSG00000100426,Gm4208
ENSMUSG00000069208,Zfp825
ENSMUSG00000045539,Sprr3
ENSMUSG00000019787,Trdn
ENSMUSG00000039376,Synpo2l
ENSMUSG00000085981,Gm11375
ENSMUSG00000030507,Dbx1
ENSMUSG00000043290,Zfp784
ENSMUSG00000031075,Ano1
ENSMUSG00000061535,C1qtnf7
ENSMUSG00000057715,A830018L16Rik
ENSMUSG00000008393,Carhsp1
ENSMUSG00000023391,Dlx2
ENSMUSG00000062794,Zfp599
ENSMUSG00000027201,Myef2
ENSMUSG00000044948,Cfap43
ENSMUSG00000037896,Rcor1
ENSMUSG00000007946,Phox2a
ENSMUSG00000028111,Ctsk
ENSMUSG00000045639,Zfp629
ENSMUSG00000040943,Tet2
ENSMUSG00000051550,Zfp579
ENSMUSG00000055737,Ghr
ENSMUSG00000071424,Grid2
ENSMUSG00000001661,Hoxc6
ENSMUSG00000030830,Itgal
ENSMUSG00000023013,Aqp2
ENSMUSG00000038135,Crygn
ENSMUSG00000066108,Muc5b
ENSMUSG00000096916,Zfp850
ENSMUSG00000061816,Myl1
ENSMUSG00000074837,Gm10770
ENSMUSG00000031738,Irx6
ENSMUSG00000063889,Crem
ENSMUSG00000026676,Ccdc3
ENSMUSG00000027750,Postn
ENSMUSG00000044220,Nkx2-3
ENSMUSG00000017692,Rhbdl3
ENSMUSG00000030693,Klk10
ENSMUSG00000000290,Itgb2
ENSMUSG00000028328,Tmod1
ENSMUSG00000054488,Gm9946
ENSMUSG00000078905,Gm14393
ENSMUSG00000049382,Krt8
ENSMUSG00000071984,Fndc1
ENSMUSG00000022636,Alcam
ENSMUSG00000038151,Prdm1
ENSMUSG00000041372,B4galnt3
ENSMUSG00000109258,5330413D20Rik
ENSMUSG00000069475,Gm6020
ENSMUSG00000078866,Zfp970
ENSMUSG00000022376,Adcy8
ENSMUSG00000021095,Gsc
ENSMUSG00000019726,Lyst
ENSMUSG00000073491,Ifi213
ENSMUSG00000040086,Tnni3k
ENSMUSG00000034751,Mast4
ENSMUSG00000010175,Prox1
ENSMUSG00000063535,Zfp773
ENSMUSG00000034324,Tmem132c
ENSMUSG00000064179,Tnnt1
ENSMUSG00000037263,Aldh3b3
ENSMUSG00000063661,Krt73
ENSMUSG00000021373,Cap2
ENSMUSG00000021250,Fos
ENSMUSG00000043531,Sorcs1
ENSMUSG00000069072,Slc7a14
ENSMUSG00000073926,Olfr653
ENSMUSG00000063659,Zbtb18
ENSMUSG00000034227,Foxj1
ENSMUSG00000050982,Apol10a
ENSMUSG00000111014,RP23-297P22.1
ENSMUSG00000057396,Zfp759
ENSMUSG00000032020,Ubash3b
ENSMUSG00000026327,Serpinb11
ENSMUSG00000030873,Scnn1b
ENSMUSG00000024500,Ppp2r2b
ENSMUSG00000034538,Zfp418
ENSMUSG00000020029,Nudt4
ENSMUSG00000050600,Zfp831
ENSMUSG00000020857,Nme2
ENSMUSG00000068154,Insm1
ENSMUSG00000015950,Ncf1
ENSMUSG00000059142,Zfp945
ENSMUSG00000030672,Mylpf
ENSMUSG00000021327,Zkscan3
ENSMUSG00000022306,Zfpm2
ENSMUSG00000033196,Myh2
ENSMUSG00000041323,Ak7
ENSMUSG00000052271,Bhlha15
ENSMUSG00000000303,Cdh1
ENSMUSG00000026904,Slc4a10
ENSMUSG00000054939,Zfp174
ENSMUSG00000055471,Alk
ENSMUSG00000102820,Gm38353
ENSMUSG00000041703,Zic5
ENSMUSG00000042501,Cpa6
ENSMUSG00000030187,Klra2
ENSMUSG00000066551,Hmgb1
ENSMUSG00000025551,Fgf14
ENSMUSG00000040152,Thbs1
ENSMUSG00000035930,Chst4
ENSMUSG00000019899,Lama2
ENSMUSG00000024268,Celf4
ENSMUSG00000073565,Prr16
ENSMUSG00000022829,Stxbp5l
ENSMUSG00000002033,Cd3g
ENSMUSG00000001657,Hoxc8
ENSMUSG00000037705,Tecta
ENSMUSG00000032727,Mier3
ENSMUSG00000082101,Slfn14
ENSMUSG00000001865,Cpa3
ENSMUSG00000022488,Nckap1l
ENSMUSG00000022358,Fbxo32
ENSMUSG00000029530,Ccr9
ENSMUSG00000030214,Plbd1
ENSMUSG00000025091,Pnliprp2
ENSMUSG00000037465,Klf10
ENSMUSG00000040254,Sema3d
ENSMUSG00000019838,Slc16a10
ENSMUSG00000020096,Tbata
ENSMUSG00000000861,Bcl11a
ENSMUSG00000020037,Rfx4
ENSMUSG00000046082,Tmem174
ENSMUSG00000056078,Lipm
ENSMUSG00000110634,RP24-409P7.1
ENSMUSG00000020911,Krt19
ENSMUSG00000058270,Olfr25
ENSMUSG00000003949,Hlf
ENSMUSG00000055609,Hba-x
ENSMUSG00000066721,Zfp575
ENSMUSG00000097927,Gm6999
ENSMUSG00000039081,Zfp503
ENSMUSG00000084796,Mir142hg
ENSMUSG00000005089,Slc1a2
ENSMUSG00000061802,Armc4
ENSMUSG00000025602,Zfp202
ENSMUSG00000036896,C1qc
ENSMUSG00000018907,Alox12e
ENSMUSG00000092416,Zfp141
ENSMUSG00000042448,Hoxd1
ENSMUSG00000078867,Gm14418
ENSMUSG00000027962,Vcam1
ENSMUSG00000052417,Olfr720
ENSMUSG00000027833,Shox2
ENSMUSG00000025701,Alox5
ENSMUSG00000110277,CH25-588N10.2
ENSMUSG00000026417,Pigr
ENSMUSG00000003974,Grm3
ENSMUSG00000042256,Ptchd4
ENSMUSG00000071178,Serpina1b
ENSMUSG00000008845,Cd163
ENSMUSG00000067522,Olfr76
ENSMUSG00000032028,Nxpe2
ENSMUSG00000034990,Otoa
ENSMUSG00000003227,Edar
ENSMUSG00000024107,Lhcgr
ENSMUSG00000001985,Grik3
ENSMUSG00000029882,2210010C04Rik
ENSMUSG00000026581,Sell
ENSMUSG00000106379,Lhfpl3
ENSMUSG00000000823,Zfp512b
ENSMUSG00000037254,Itih2
ENSMUSG00000024313,Mep1b
ENSMUSG00000022760,Thap7
ENSMUSG00000025314,Ptprj
ENSMUSG00000050954,Zfp169
ENSMUSG00000021485,Mxd3
ENSMUSG00000023932,Cdc5l
ENSMUSG00000097553,4930455D15Rik
ENSMUSG00000071291,Zfp58
ENSMUSG00000027439,Gzf1
ENSMUSG00000040165,Cd209c
ENSMUSG00000059230,Defb4
ENSMUSG00000032561,Acpp
ENSMUSG00000035011,Zbtb7a
ENSMUSG00000050240,Hic2
ENSMUSG00000092274,Neat1
ENSMUSG00000020420,Zfp607a
ENSMUSG00000049044,Rapgef4
ENSMUSG00000027419,Pcsk2
ENSMUSG00000049723,Mmp12
ENSMUSG00000032517,Mobp
ENSMUSG00000024420,Zfp521
ENSMUSG00000038615,Nfe2l1
ENSMUSG00000071350,Setdb2
ENSMUSG00000026398,Nr5a2
ENSMUSG00000051413,Plagl2
ENSMUSG00000031586,Rbpms
ENSMUSG00000026630,Batf3
ENSMUSG00000024903,Lao1
ENSMUSG00000093938,Evi2b
ENSMUSG00000048699,Krt90
ENSMUSG00000050241,Klre1
ENSMUSG00000017754,Pltp
ENSMUSG00000048540,Nhlh2
ENSMUSG00000064052,Gm5089
ENSMUSG00000030450,Oca2
ENSMUSG00000039934,Gsap
ENSMUSG00000059921,Unc5c
ENSMUSG00000095936,Zscan4e
ENSMUSG00000054892,Txk
ENSMUSG00000022931,Krtap15
ENSMUSG00000026305,Lrrfip1
ENSMUSG00000027919,Lce1g
ENSMUSG00000021775,Nr1d2
ENSMUSG00000063455,D630045J12Rik
ENSMUSG00000018143,Mafk
ENSMUSG00000028707,Dmbx1
ENSMUSG00000100341,Gm29478
ENSMUSG00000034040,Wbscr17
ENSMUSG00000058499,Pip
ENSMUSG00000036899,Trpv5
ENSMUSG00000075069,Olfr1264
ENSMUSG00000074829,2010315B03Rik
ENSMUSG00000060807,Serpina6
ENSMUSG00000019772,Vip
ENSMUSG00000052085,Dock8
ENSMUSG00000039323,Igfbp2
ENSMUSG00000032368,Zic1
ENSMUSG00000030309,Caprin2
ENSMUSG00000054325,Lce3a
ENSMUSG00000028108,Ecm1
ENSMUSG00000032011,Thy1
ENSMUSG00000047286,Olfr370
ENSMUSG00000032564,Cpne4
ENSMUSG00000034139,Serpini2
ENSMUSG00000098022,Zfp82
ENSMUSG00000025612,Bach1
ENSMUSG00000036144,Meox2
ENSMUSG00000079419,Ms4a6c
ENSMUSG00000075028,Prdm11
ENSMUSG00000069670,Nkain2
ENSMUSG00000051969,Tlr11
ENSMUSG00000042514,Klhl14
ENSMUSG00000029014,Dnajc2
ENSMUSG00000068009,Bpifb6
ENSMUSG00000000216,Scnn1g
ENSMUSG00000022228,Zscan26
ENSMUSG00000059003,Grin2a
ENSMUSG00000047884,Klk9
ENSMUSG00000034115,Scn11a
ENSMUSG00000015697,Setdb1
ENSMUSG00000048455,Sprr1b
ENSMUSG00000024563,Smad2
ENSMUSG00000062713,Sim2
ENSMUSG00000021730,Hcn1
ENSMUSG00000020335,Zfp354b
ENSMUSG00000004613,Lim2
ENSMUSG00000038298,Pdzk1
ENSMUSG00000048249,Crebrf
ENSMUSG00000004730,Adgre1
ENSMUSG00000074489,Bglap3
ENSMUSG00000063681,Crb1
ENSMUSG00000032373,Car12
ENSMUSG00000034265,Zdhhc14
ENSMUSG00000029155,Spata18
ENSMUSG00000005994,Tyrp1
ENSMUSG00000037621,Atoh8
ENSMUSG00000030518,Fam189a1
ENSMUSG00000048686,Hmgb4
ENSMUSG00000068302,Noto
ENSMUSG00000044177,Wfikkn2
ENSMUSG00000022383,Ppara
ENSMUSG00000028780,Sema3c
ENSMUSG00000066224,Arid3c
ENSMUSG00000059857,Ntng1
ENSMUSG00000027977,Ndst3
ENSMUSG00000073940,Hbb-bt
ENSMUSG00000044681,Cnpy1
ENSMUSG00000044468,Fam46c
ENSMUSG00000006014,Prg4
ENSMUSG00000091345,Col6a5
ENSMUSG00000021684,Pde8b
ENSMUSG00000035896,Rnase1
ENSMUSG00000054893,Zfp667
ENSMUSG00000038642,Ctss
ENSMUSG00000040405,Havcr1
ENSMUSG00000053141,Ptprt
ENSMUSG00000001288,Rarg
ENSMUSG00000000805,Car4
ENSMUSG00000034912,Mdga2
ENSMUSG00000039103,Nexn
ENSMUSG00000027070,Lrp2
ENSMUSG00000068227,Il2rb
ENSMUSG00000002565,Scin
ENSMUSG00000056476,Med12l
ENSMUSG00000046311,Zfp62
ENSMUSG00000046242,Nme9
ENSMUSG00000042284,Itga1
ENSMUSG00000066363,Serpina3f
ENSMUSG00000030651,Art2b
ENSMUSG00000018501,Ncor1
ENSMUSG00000054191,Klf1
ENSMUSG00000018217,Pmp22
ENSMUSG00000111399,RP23-217J11.6
ENSMUSG00000035860,Cdhr3
ENSMUSG00000054342,Kcnn4
ENSMUSG00000002633,Shh
ENSMUSG00000046658,Zfp316
ENSMUSG00000109771,Gm35315
ENSMUSG00000063488,Zkscan7
ENSMUSG00000074199,Krtdap
ENSMUSG00000026070,Il18r1
ENSMUSG00000063434,Sorcs3
ENSMUSG00000027967,Neurog2
ENSMUSG00000044985,Olfr124
ENSMUSG00000021789,Sftpa1
ENSMUSG00000034842,Art3
ENSMUSG00000032380,Dapk2
ENSMUSG00000021340,Gpld1
ENSMUSG00000090219,4930516K23Rik
ENSMUSG00000056494,Cngb3
ENSMUSG00000026890,Lhx6
ENSMUSG00000040420,Cdh18
ENSMUSG00000044309,Apol7c
ENSMUSG00000052974,Cyp2f2
ENSMUSG00000057654,Olfr328
ENSMUSG00000073421,H2-Ab1
ENSMUSG00000078875,Gm14419
ENSMUSG00000049470,Aff4
ENSMUSG00000040197,Cd209e
ENSMUSG00000073922,Olfr659
ENSMUSG00000109827,Gm6213
ENSMUSG00000038193,Hand2
ENSMUSG00000034161,Scx
ENSMUSG00000030162,Olr1
ENSMUSG00000087194,Skint6
ENSMUSG00000092094,Zfp804b
ENSMUSG00000039691,Tspan10
ENSMUSG00000049764,Zfp280b
ENSMUSG00000078879,Gm14306
ENSMUSG00000066516,Klk1b21
ENSMUSG00000029755,Dlx5
ENSMUSG00000060534,Dcc
ENSMUSG00000027857,Tshb
ENSMUSG00000057093,Zfp607b
ENSMUSG00000036120,Rfxank
ENSMUSG00000055546,Timd4
ENSMUSG00000055817,Mta3
ENSMUSG00000099906,Gm28653
ENSMUSG00000035004,Igsf6
ENSMUSG00000056383,AI987944
ENSMUSG00000078880,Gm14308
ENSMUSG00000027109,Sp3
ENSMUSG00000091624,Vmn2r9
ENSMUSG00000021685,Otp
ENSMUSG00000059436,Max
ENSMUSG00000018822,Sfrp5
ENSMUSG00000021423,Ly86
ENSMUSG00000022986,Krt75
ENSMUSG00000051510,Mafg
ENSMUSG00000014039,Prdm15
ENSMUSG00000020185,E2f7
ENSMUSG00000024803,Ankrd1
ENSMUSG00000017978,Cadps2
ENSMUSG00000041578,Crx
ENSMUSG00000041515,Irf8
ENSMUSG00000022952,Runx1
ENSMUSG00000063011,Msln
ENSMUSG00000069080,Lcn11
ENSMUSG00000011349,Dmrtc2
ENSMUSG00000054931,Zkscan4
ENSMUSG00000039275,Foxk2
ENSMUSG00000058119,Gm5771
ENSMUSG00000075316,Scn9a
ENSMUSG00000005698,Ctcf
ENSMUSG00000022696,Sidt1
ENSMUSG00000029196,Tada2b
ENSMUSG00000034028,Cd226
ENSMUSG00000062627,Mysm1
ENSMUSG00000109097,Gm44536
ENSMUSG00000078787,Cyp2t4
ENSMUSG00000078868,Gm14412
ENSMUSG00000059824,Dbp
ENSMUSG00000024593,Megf10
ENSMUSG00000018581,Dnah11
ENSMUSG00000032452,Clstn2
ENSMUSG00000029255,Gnrhr
ENSMUSG00000105092,Gm42468
ENSMUSG00000042817,Flt3
ENSMUSG00000028159,Dapp1
ENSMUSG00000042439,Zfp532
ENSMUSG00000045591,Olig3
ENSMUSG00000053930,Shisa6
ENSMUSG00000046834,Krt1
ENSMUSG00000033122,Hsd17b3
ENSMUSG00000038011,Dnah10
ENSMUSG00000079681,Zglp1
ENSMUSG00000042063,Zfp386
ENSMUSG00000030220,Arhgdib
ENSMUSG00000096822,Olfr344
ENSMUSG00000033871,Ppargc1b
ENSMUSG00000024206,Rfx2
ENSMUSG00000037935,Smarce1
ENSMUSG00000043090,Zfp866
ENSMUSG00000044807,Zfp354c
ENSMUSG00000057691,Zfp746
ENSMUSG00000003934,Efnb3
ENSMUSG00000057132,Rpgrip1
ENSMUSG00000050296,Abca12
ENSMUSG00000024646,Cyb5a
ENSMUSG00000059900,Tmem40
ENSMUSG00000002944,Cd36
ENSMUSG00000039095,En2
ENSMUSG00000060512,0610040J01Rik
ENSMUSG00000041301,Cftr
ENSMUSG00000040046,Tph1
ENSMUSG00000055489,Ano5
ENSMUSG00000074862,BC025920
ENSMUSG00000045699,Gm21411
ENSMUSG00000049093,Il23r
ENSMUSG00000019761,Krt10
ENSMUSG00000032745,Gpbp1
ENSMUSG00000078895,Gm11009
ENSMUSG00000017316,Ppy
ENSMUSG00000059854,Hydin
ENSMUSG00000041644,Slc5a12
ENSMUSG00000060112,Olfr60
ENSMUSG00000107598,Gm35216
ENSMUSG00000009097,Tbx1
ENSMUSG00000058537,AW822073
ENSMUSG00000039089,L3mbtl3
ENSMUSG00000032228,Tcf12
ENSMUSG00000052414,Gm28047
ENSMUSG00000042331,Specc1
ENSMUSG00000024910,Ctsw
ENSMUSG00000102476,Gm37245
ENSMUSG00000048626,Klf17
ENSMUSG00000109532,Gm44810
ENSMUSG00000054423,Cadps
ENSMUSG00000040010,Slc7a5
ENSMUSG00000028351,Brinp1
ENSMUSG00000029287,Tgfbr3
ENSMUSG00000048992,Prss32
ENSMUSG00000060601,Nr1h2
ENSMUSG00000029700,Slc13a1
ENSMUSG00000041984,Rptn
ENSMUSG00000094539,Olfr191
ENSMUSG00000033713,Foxn3
ENSMUSG00000025469,Msx3
ENSMUSG00000036256,Igfbp7
ENSMUSG00000062593,Lilrb4a
ENSMUSG00000091490,Triml2
ENSMUSG00000066113,Adamtsl1
ENSMUSG00000044617,Zbtb39
ENSMUSG00000031737,Irx5
ENSMUSG00000070360,Amy2a1
ENSMUSG00000028337,Coro2a
ENSMUSG00000025255,Zfhx4
ENSMUSG00000074365,Crxos
ENSMUSG00000056158,Car10
ENSMUSG00000044042,Fmn1
ENSMUSG00000047216,Cdh19
ENSMUSG00000025150,Cbr2
ENSMUSG00000051777,Iqcj
ENSMUSG00000089809,A930011G23Rik
ENSMUSG00000022340,Sybu
ENSMUSG00000041583,Obox6
ENSMUSG00000026814,Eng
ENSMUSG00000021278,Amn
ENSMUSG00000074037,Mc1r
ENSMUSG00000040752,Myh6
ENSMUSG00000071715,Ncf4
ENSMUSG00000033174,Mgll
ENSMUSG00000098112,Bin2
ENSMUSG00000030087,Klf15
ENSMUSG00000037638,Zbtb42
ENSMUSG00000030484,Lypd5
ENSMUSG00000044338,Aplnr
ENSMUSG00000074109,Mrgprx2
ENSMUSG00000108905,Gm44618
ENSMUSG00000031907,Zfp90
ENSMUSG00000024052,Lpin2
ENSMUSG00000034037,Fgd5
ENSMUSG00000034845,Plvap
ENSMUSG00000074824,Rslcan18
ENSMUSG00000074519,Zfp971
ENSMUSG00000006215,Zbtb17
ENSMUSG00000049103,Ccr2
ENSMUSG00000016918,Sulf1
ENSMUSG00000006216,Clcnkb
ENSMUSG00000038304,Cd160
ENSMUSG00000068008,Bpifb3
ENSMUSG00000037664,Cdkn1c
ENSMUSG00000024134,Six2
ENSMUSG00000032744,Heyl
ENSMUSG00000029769,Ccdc136
ENSMUSG00000017950,Hnf4a
ENSMUSG00000005237,Dnah2
ENSMUSG00000086141,9030622O22Rik
ENSMUSG00000041681,Iapp
ENSMUSG00000035459,Stab2
ENSMUSG00000005947,Itgae
ENSMUSG00000066880,Zfp617
ENSMUSG00000061353,Cxcl12
ENSMUSG00000064147,Rab44
ENSMUSG00000005897,Nr2c1
ENSMUSG00000055116,Arntl
ENSMUSG00000037415,Ranbp10
ENSMUSG00000033837,Foxh1
ENSMUSG00000056054,S100a8
ENSMUSG00000029272,Sult1e1
ENSMUSG00000034777,Vax2
ENSMUSG00000060336,Zfp937
ENSMUSG00000100512,Ovol3
ENSMUSG00000022225,Cma1
ENSMUSG00000035951,Ascl3
ENSMUSG00000071019,Sdr16c6
ENSMUSG00000098682,Otx2os1
ENSMUSG00000044452,Zfp507
ENSMUSG00000072623,Zfp9
ENSMUSG00000026343,Gpr39
ENSMUSG00000028804,Csmd2
ENSMUSG00000024922,Ovol1
ENSMUSG00000023027,Atf1
ENSMUSG00000021099,Six6
ENSMUSG00000033080,Vsx1
ENSMUSG00000042801,Olfr769
ENSMUSG00000044071,Fam19a2
ENSMUSG00000040998,Npnt
ENSMUSG00000023333,Gcm1
ENSMUSG00000097305,Gm17276
ENSMUSG00000036172,Cd200r3
ENSMUSG00000074771,Ankef1
ENSMUSG00000079013,Serpina3j
ENSMUSG00000054976,Nyap2
ENSMUSG00000071064,Zfp827
ENSMUSG00000028001,Fga
ENSMUSG00000031779,Ccl22
ENSMUSG00000066613,Zfp932
ENSMUSG00000058589,Anks1b
ENSMUSG00000049280,Olfr509
ENSMUSG00000099083,Atf7
ENSMUSG00000110018,RP24-502J3.1
ENSMUSG00000071856,Mcc
ENSMUSG00000042812,Foxf1
ENSMUSG00000071714,Csf2rb2
ENSMUSG00000026279,Thap4
ENSMUSG00000022262,Dnah5
ENSMUSG00000037902,Sirpa
ENSMUSG00000020300,Cpeb4
ENSMUSG00000028364,Tnc
ENSMUSG00000003617,Cp
ENSMUSG00000061576,Dpp6
ENSMUSG00000027868,Tbx15
ENSMUSG00000041986,Elmod1
ENSMUSG00000074766,Ism1
ENSMUSG00000043753,Dmrta1
ENSMUSG00000030075,Cntn3
ENSMUSG00000044876,Zfp444
ENSMUSG00000047021,Ccdc108
ENSMUSG00000020183,Cpm
ENSMUSG00000050965,Prkca
ENSMUSG00000027420,Bfsp1
ENSMUSG00000004651,Tyr
ENSMUSG00000063887,Nlgn1
ENSMUSG00000032126,Hmbs
ENSMUSG00000038539,Atf5
ENSMUSG00000024503,Spink1
ENSMUSG00000026983,Il1f5
ENSMUSG00000110462,RP24-129F24.1
ENSMUSG00000031921,Terf2
ENSMUSG00000062040,Zfp27
ENSMUSG00000030067,Foxp1
ENSMUSG00000025892,Gria4
ENSMUSG00000016458,Wt1
ENSMUSG00000091455,Otogl
ENSMUSG00000023882,Zfp54
ENSMUSG00000085111,Ascl4
ENSMUSG00000021359,Tfap2a
ENSMUSG00000000317,Bcl6b
ENSMUSG00000046610,Oacyl
ENSMUSG00000028369,Svep1
ENSMUSG00000039419,Cntnap2
ENSMUSG00000050234,Gja4
ENSMUSG00000028417,Tal2
ENSMUSG00000070327,Rnf213
ENSMUSG00000040629,Mael
ENSMUSG00000060397,Zfp128
ENSMUSG00000007097,Atp1a2
ENSMUSG00000029304,Spp1
ENSMUSG00000029288,Ambn
ENSMUSG00000038807,Rap1gap2
ENSMUSG00000018678,Sp2
ENSMUSG00000050359,Sprr1a
ENSMUSG00000072511,Hhla1
ENSMUSG00000062878,Olfr298
ENSMUSG00000022309,Angpt1
ENSMUSG00000049878,Rlf
ENSMUSG00000022243,Slc45a2
ENSMUSG00000031902,Nfatc3
ENSMUSG00000054146,Krt15
ENSMUSG00000030787,Lyve1
ENSMUSG00000078903,Gm14391
ENSMUSG00000031841,Cdh13
ENSMUSG00000100168,Gm28526
ENSMUSG00000039315,Clnk
ENSMUSG00000054203,Ifi205
ENSMUSG00000079560,Hoxa3
ENSMUSG00000045336,Hsfy2
ENSMUSG00000022809,Nr1i2
ENSMUSG00000051977,Prdm9
ENSMUSG00000002266,Zim1
ENSMUSG00000036867,Smad6
ENSMUSG00000092225,Gm2381
ENSMUSG00000078496,Zfp982
ENSMUSG00000003051,Elf3
ENSMUSG00000023902,Zscan10
ENSMUSG00000041540,Sox5
ENSMUSG00000019564,Arid3a
ENSMUSG00000055022,Cntn1
ENSMUSG00000026208,Des
ENSMUSG00000090061,Nwd2
ENSMUSG00000050334,C130071C03Rik
ENSMUSG00000028519,Dab1
ENSMUSG00000063804,Lin28b
ENSMUSG00000027346,Gpcpd1
ENSMUSG00000086771,1700080G11Rik
ENSMUSG00000094429,Gm19965
ENSMUSG00000079022,Col22a1
ENSMUSG00000059974,Ntm
ENSMUSG00000024548,Setbp1
ENSMUSG00000090053,Palm2
ENSMUSG00000061298,Agbl4
ENSMUSG00000027875,Hmgcs2
ENSMUSG00000038119,Cdon
ENSMUSG00000021675,F2rl2
ENSMUSG00000018377,Vezf1
ENSMUSG00000020679,Hnf1b
ENSMUSG00000057903,Olfr739
ENSMUSG00000070306,Ccdc153
ENSMUSG00000052572,Dlg2
ENSMUSG00000040170,Fmo2
ENSMUSG00000043903,Gm22
ENSMUSG00000011427,Zfp790
ENSMUSG00000036686,Cc2d1a
ENSMUSG00000059552,Trp53
ENSMUSG00000020061,Mybpc1
ENSMUSG00000054134,Umodl1
ENSMUSG00000024670,Cd6
ENSMUSG00000027016,Zfp385b
ENSMUSG00000029322,Plac8
ENSMUSG00000078878,Gm14305
ENSMUSG00000053182,Gm609
ENSMUSG00000015605,Srf
ENSMUSG00000002459,Rgs20
ENSMUSG00000035131,Brinp3
ENSMUSG00000022371,Col14a1
ENSMUSG00000029729,Zkscan1
ENSMUSG00000051490,Foxd4
ENSMUSG00000025370,Cdh9
ENSMUSG00000017204,Gsdma
ENSMUSG00000019966,Kitl
ENSMUSG00000045394,Epcam
ENSMUSG00000040428,Plekha4
ENSMUSG00000067786,Nnat
ENSMUSG00000066007,Zfp600
ENSMUSG00000059412,Fxyd2
ENSMUSG00000072889,Nfxl1
ENSMUSG00000056592,Zfp658
ENSMUSG00000026560,Fmo9
ENSMUSG00000007655,Cav1
ENSMUSG00000000983,Wfdc18
ENSMUSG00000028736,Pax7
ENSMUSG00000029307,Dmp1
ENSMUSG00000023987,Pgc
ENSMUSG00000025515,Muc2
ENSMUSG00000055341,Zfp457
ENSMUSG00000027663,Zmat3
ENSMUSG00000046541,Zfp526
ENSMUSG00000048897,Zfp710
ENSMUSG00000026770,Il2ra
ENSMUSG00000017724,Etv4
ENSMUSG00000094622,Gm3055
ENSMUSG00000069378,Prdm6
ENSMUSG00000044921,Rassf9
ENSMUSG00000060427,Zfp868
ENSMUSG00000048904,Neurog1
ENSMUSG00000074676,Foxs1
ENSMUSG00000029217,Tec
ENSMUSG00000035910,Dcdc2a
ENSMUSG00000038023,Atp6v0a2
ENSMUSG00000084902,Gm281
ENSMUSG00000036816,Atoh7
ENSMUSG00000027737,Slc7a11
ENSMUSG00000062101,Zfp119b
ENSMUSG00000051980,Casr
ENSMUSG00000058186,Zfp980
ENSMUSG00000027867,Spag17
ENSMUSG00000078780,Gm5150
ENSMUSG00000031494,Cd209a
ENSMUSG00000050315,Synpo2
ENSMUSG00000109564,Muc16
ENSMUSG00000015846,Rxra
ENSMUSG00000015627,Gata5
ENSMUSG00000034800,Zfp661
ENSMUSG00000047171,Helt
ENSMUSG00000022601,Zbtb11
ENSMUSG00000033883,D3Ertd254e
ENSMUSG00000025194,Abcc2
ENSMUSG00000103168,Gm30948
ENSMUSG00000023964,Calcr
ENSMUSG00000028874,Fgr
ENSMUSG00000043366,Olfr78
ENSMUSG00000022790,Igsf11
ENSMUSG00000035934,Pknox2
ENSMUSG00000087214,Gm15555
ENSMUSG00000070709,Zfp974
ENSMUSG00000035831,Krt25
ENSMUSG00000108841,Frmpd2
ENSMUSG00000001472,Tcf25
ENSMUSG00000019888,Mgat4c
ENSMUSG00000039385,Cdh6
ENSMUSG00000004031,Brinp2
ENSMUSG00000026202,Tuba4a
ENSMUSG00000023781,Hes7
ENSMUSG00000038721,Hoxb7
ENSMUSG00000018168,Ikzf3
ENSMUSG00000018008,Cyth4
ENSMUSG00000046897,Zfp740
ENSMUSG00000025491,Ifitm1
ENSMUSG00000048534,Amica1
ENSMUSG00000031520,Vegfc
ENSMUSG00000004110,Cacna1e
ENSMUSG00000004842,Pou1f1
ENSMUSG00000046080,Clec9a
ENSMUSG00000064325,Hhip
ENSMUSG00000034151,Zbbx
ENSMUSG00000038147,Cd84
ENSMUSG00000007880,Arid1a
ENSMUSG00000029627,Zkscan14
ENSMUSG00000027009,Itga4
ENSMUSG00000056648,Hoxb8
ENSMUSG00000041828,Abca8a
ENSMUSG00000027796,Smad9
ENSMUSG00000001504,Irx2
ENSMUSG00000028645,Slc2a1
ENSMUSG00000070868,Skint3
ENSMUSG00000053420,Gm4792
ENSMUSG00000000889,Dbh
ENSMUSG00000041216,Clvs1
ENSMUSG00000006586,Runx1t1
ENSMUSG00000040533,Matn1
ENSMUSG00000058093,Zfp729b
ENSMUSG00000078995,Zfp456
ENSMUSG00000046957,Spz1
ENSMUSG00000059213,Ddn
ENSMUSG00000035576,L3mbtl1
ENSMUSG00000023978,Prph2
ENSMUSG00000024215,Spdef
ENSMUSG00000029648,Flt1
ENSMUSG00000071757,Zhx2
ENSMUSG00000030149,Klrk1
ENSMUSG00000039672,Kcne2
ENSMUSG00000020717,Pecam1
ENSMUSG00000043020,Wdr63
ENSMUSG00000010342,Tex14
ENSMUSG00000055214,Pld5
ENSMUSG00000023043,Krt18
ENSMUSG00000020023,Tmcc3
ENSMUSG00000044501,Zfp758
ENSMUSG00000020160,Meis1
ENSMUSG00000035478,Mbd3
ENSMUSG00000047036,Zfp445
ENSMUSG00000020713,Gh
ENSMUSG00000015501,Hivep2
ENSMUSG00000021953,Tdh
ENSMUSG00000096734,Gm21836
ENSMUSG00000043456,Zfp536
ENSMUSG00000026418,Tnni1
ENSMUSG00000036169,Sostdc1
ENSMUSG00000095870,Lce1k
ENSMUSG00000057315,Arhgap24
ENSMUSG00000027827,Kcnab1
ENSMUSG00000055240,Zfp101
ENSMUSG00000020151,Ptprr
ENSMUSG00000063281,Zfp35
ENSMUSG00000030307,Slc6a11
ENSMUSG00000049593,Lce1h
ENSMUSG00000024727,Trpm6
ENSMUSG00000021457,Syk
ENSMUSG00000034116,Vav1
ENSMUSG00000027582,Zgpat
ENSMUSG00000029826,Zc3hav1
ENSMUSG00000039410,Prdm16
ENSMUSG00000034224,Slc38a8
ENSMUSG00000040524,Zfp609
ENSMUSG00000057895,Zfp105
ENSMUSG00000031574,Star
ENSMUSG00000022226,Mcpt2
ENSMUSG00000107929,Gm44197
ENSMUSG00000029757,Dync1i1
ENSMUSG00000010797,Wnt2
ENSMUSG00000071517,Gm10334
ENSMUSG00000056019,Zfp709
ENSMUSG00000041014,Nrg3
ENSMUSG00000031766,Slc12a3
ENSMUSG00000059689,Zfp637
ENSMUSG00000068551,Zfp467
ENSMUSG00000032818,Loxhd1
ENSMUSG00000064080,Fbln2
ENSMUSG00000035456,Prdm8
ENSMUSG00000032411,Tfdp2
ENSMUSG00000025927,Tfap2b
ENSMUSG00000036887,C1qa
ENSMUSG00000041730,Prrxl1
ENSMUSG00000021264,Yy1
ENSMUSG00000038482,Tfdp1
ENSMUSG00000018620,Mmp20
ENSMUSG00000000197,Nalcn
ENSMUSG00000021700,Rab3c
ENSMUSG00000040723,Rcsd1
ENSMUSG00000020614,Fam20a
ENSMUSG00000096257,Ccer2
ENSMUSG00000047264,Zfp358
ENSMUSG00000028024,Enpep
ENSMUSG00000022018,Rgcc
ENSMUSG00000110463,RP23-187D7.1
ENSMUSG00000030551,Nr2f2
ENSMUSG00000048015,Neurod4
ENSMUSG00000060131,Atp8b4
ENSMUSG00000078495,Zfp984
ENSMUSG00000033730,Egr3
ENSMUSG00000008976,Gabpa
ENSMUSG00000034683,Ppp1r1c
ENSMUSG00000068966,Zbtb34
ENSMUSG00000101797,Gm29266
ENSMUSG00000075588,Hoxb2
ENSMUSG00000062931,Zfp938
ENSMUSG00000030757,Zkscan2
ENSMUSG00000007817,Zmiz1
ENSMUSG00000056071,S100a9
ENSMUSG00000010476,Ebf3
ENSMUSG00000021798,Ldb3
ENSMUSG00000035506,Slc12a8
ENSMUSG00000023943,Sult1c1
ENSMUSG00000066842,Hmcn1
ENSMUSG00000009654,Oit3
ENSMUSG00000004609,Cd33
ENSMUSG00000069729,Arid1b
ENSMUSG00000029343,Crybb1
ENSMUSG00000015522,Arnt
ENSMUSG00000069170,Adgrv1
ENSMUSG00000044647,Csrnp3
ENSMUSG00000004821,Tmed11
ENSMUSG00000005774,Rfx5
ENSMUSG00000036218,Pdzrn4
ENSMUSG00000079451,Tmprss11g
ENSMUSG00000039116,Adgrg6
ENSMUSG00000074607,Tox2
ENSMUSG00000092260,Zfp963
ENSMUSG00000108127,Gm12845
ENSMUSG00000067158,Col4a4
ENSMUSG00000036030,Prtg
ENSMUSG00000027466,Rbck1
ENSMUSG00000022587,Ly6e
ENSMUSG00000028101,Pias3
ENSMUSG00000051367,Six1
ENSMUSG00000026610,Esrrg
ENSMUSG00000013419,Zfp651
ENSMUSG00000057637,Prdm2
ENSMUSG00000039710,Slc7a12
ENSMUSG00000028799,Zfp362
ENSMUSG00000020232,Hmg20b
ENSMUSG00000046179,E2f8
ENSMUSG00000034460,Six4
ENSMUSG00000032537,Ephb1
ENSMUSG00000070866,Zfp804a
ENSMUSG00000094204,Gm21915
ENSMUSG00000012520,Phox2b
ENSMUSG00000016494,Cd34
ENSMUSG00000048402,Gli2
ENSMUSG00000052430,Bmpr1b
ENSMUSG00000022445,Cyp2d26
ENSMUSG00000034009,Rxfp1
ENSMUSG00000063568,Jazf1
ENSMUSG00000101447,Gm28826
ENSMUSG00000040710,St8sia4
ENSMUSG00000024013,Fgd2
ENSMUSG00000061626,Olfr68
ENSMUSG00000028185,Dnase2b
ENSMUSG00000049908,Gja8
ENSMUSG00000018604,Tbx3
ENSMUSG00000023484,Prph
ENSMUSG00000053129,Gsx1
ENSMUSG00000032405,Pias1
ENSMUSG00000023886,Smoc2
ENSMUSG00000006311,Etv2
ENSMUSG00000030123,Plxnd1
ENSMUSG00000035441,Myo1d
ENSMUSG00000029026,Trp73
ENSMUSG00000047953,Gp5
ENSMUSG00000022180,Slc7a8
ENSMUSG00000044518,Foxe3
ENSMUSG00000051499,Zfp786
ENSMUSG00000040466,Blvrb
ENSMUSG00000054199,Gon4l
ENSMUSG00000003032,Klf4
ENSMUSG00000037016,Frem2
ENSMUSG00000041923,Nol4
ENSMUSG00000040205,Cuzd1
ENSMUSG00000024513,Mbd2
ENSMUSG00000030866,Ern2
ENSMUSG00000038705,Gmeb2
ENSMUSG00000038895,Zfp653
ENSMUSG00000078926,Cdc20b
ENSMUSG00000028466,Creb3
ENSMUSG00000050272,Dscam
ENSMUSG00000036800,Fam135b
ENSMUSG00000103126,Gm37387
ENSMUSG00000052684,Jun
ENSMUSG00000100684,Gm20268
ENSMUSG00000049456,Olfr1404
ENSMUSG00000075201,Olfr1043
ENSMUSG00000045658,Pid1
ENSMUSG00000028654,Mycl
ENSMUSG00000060882,Kcnd2
ENSMUSG00000035540,Gc
ENSMUSG00000085162,Gm12295
ENSMUSG00000028581,Laptm5
ENSMUSG00000026043,Col3a1
ENSMUSG00000024485,Slc4a9
ENSMUSG00000024137,E4f1
ENSMUSG00000049133,Flg2
ENSMUSG00000036526,Card11
ENSMUSG00000056145,AI504432
ENSMUSG00000102758,Naaladl2
ENSMUSG00000050619,Zscan29
ENSMUSG00000024176,Sox8
ENSMUSG00000010592,Dazl
ENSMUSG00000079215,Zfp664
ENSMUSG00000109903,RP24-388A6.3
ENSMUSG00000020598,Nrcam
ENSMUSG00000029553,Tfec
ENSMUSG00000048280,Zfp738
ENSMUSG00000019893,Ros1
ENSMUSG00000037709,Fam13a
ENSMUSG00000022227,Mcpt1
ENSMUSG00000061186,Sfmbt2
ENSMUSG00000078906,Gm14444
ENSMUSG00000052234,Epx
ENSMUSG00000031727,Pmfbp1
ENSMUSG00000073418,C4b
ENSMUSG00000017737,Mmp9
ENSMUSG00000079298,Klrb1b
ENSMUSG00000032652,Crebl2
ENSMUSG00000098008,A930001A20Rik
ENSMUSG00000043418,Lrit2
ENSMUSG00000097767,Miat
ENSMUSG00000074665,Bpifb4
ENSMUSG00000030235,Slco1c1
ENSMUSG00000047026,Acsm4
ENSMUSG00000074207,Adh1
ENSMUSG00000047412,Zbtb44
ENSMUSG00000069206,Zfp874a
ENSMUSG00000006221,Hspb7
ENSMUSG00000028977,Casz1
ENSMUSG00000058028,Zscan5b
ENSMUSG00000052520,Cyp2j5
ENSMUSG00000031698,Mylk3
ENSMUSG00000056222,Spock1
ENSMUSG00000048399,Tprg
ENSMUSG00000066687,Zbtb16
ENSMUSG00000043164,Tmem212
ENSMUSG00000042082,Arsb
ENSMUSG00000037685,Atp8a1
ENSMUSG00000027067,Ssrp1
ENSMUSG00000074625,Arhgap40
ENSMUSG00000054272,Zscan4c
ENSMUSG00000022335,Zfat
ENSMUSG00000078898,Zfp968
ENSMUSG00000015316,Slamf1
ENSMUSG00000015314,Slamf6
ENSMUSG00000037395,Rcor3
ENSMUSG00000022876,Samsn1
ENSMUSG00000031480,Thsd1
ENSMUSG00000052435,Cebpe
ENSMUSG00000040329,Il7
ENSMUSG00000026347,Tmem163
ENSMUSG00000024713,Pcsk5
ENSMUSG00000038560,Sp6
ENSMUSG00000026628,Atf3
ENSMUSG00000027562,Car2
ENSMUSG00000019990,Pde7b
ENSMUSG00000028883,Sema3a
ENSMUSG00000032093,Cd3e
ENSMUSG00000086250,Gm14095
ENSMUSG00000048521,Cxcr6
ENSMUSG00000024968,Rcor2
ENSMUSG00000021322,Aoah
ENSMUSG00000040693,Slco4c1
ENSMUSG00000047794,Olfr685
ENSMUSG00000028946,Hes3
ENSMUSG00000020871,Dlx4
ENSMUSG00000024738,Pga5
ENSMUSG00000002057,Foxn1
ENSMUSG00000052187,Hbb-y
ENSMUSG00000036944,Tmem71
ENSMUSG00000007872,Id3
ENSMUSG00000003555,Cyp17a1
ENSMUSG00000034533,Scn10a
ENSMUSG00000016283,H2-M2
ENSMUSG00000055114,Anxa13
ENSMUSG00000032915,Adgre4
ENSMUSG00000020542,Myocd
ENSMUSG00000101174,Hoxd4
ENSMUSG00000022231,Sema5a
ENSMUSG00000034377,Tulp4
ENSMUSG00000044322,Dsc1
ENSMUSG00000027483,Bpifa1
ENSMUSG00000004892,Bcan
ENSMUSG00000068428,Gmnc
ENSMUSG00000078876,Gm14408
ENSMUSG00000055775,Myh8
ENSMUSG00000021879,Dnah12
ENSMUSG00000021318,Gli3
ENSMUSG00000040452,Cdh12
ENSMUSG00000030361,Klrb1a
ENSMUSG00000022181,C6
ENSMUSG00000058192,Zfp846
ENSMUSG00000105560,Gm42744
ENSMUSG00000032232,Cgnl1
ENSMUSG00000038872,Zfhx3
ENSMUSG00000043342,Hoxd9
ENSMUSG00000028825,Rhd
ENSMUSG00000029661,Col1a2
ENSMUSG00000036814,Slc6a20a
ENSMUSG00000022346,Myc
ENSMUSG00000074733,Zfp950
ENSMUSG00000064141,Zfp69
ENSMUSG00000063905,Gm10139
ENSMUSG00000040721,Zfhx2
ENSMUSG00000072294,Klf12
ENSMUSG00000019230,Lhx9
ENSMUSG00000056752,Dnah9
ENSMUSG00000059173,Pde1a
ENSMUSG00000026414,Tnnt2
ENSMUSG00000046634,Pkd1l1
ENSMUSG00000048827,Pkd1l3
ENSMUSG00000006007,Pdc
ENSMUSG00000037640,Zfp60
ENSMUSG00000057914,Cacnb2
ENSMUSG00000025369,Smarcc2
ENSMUSG00000067919,Rex2
ENSMUSG00000027923,Lce1b
ENSMUSG00000025754,Agbl1
ENSMUSG00000018654,Ikzf1
ENSMUSG00000070605,Zfp992
ENSMUSG00000028712,Cyp4a31
ENSMUSG00000101517,4732465J04Rik
ENSMUSG00000049604,Hoxb13
ENSMUSG00000000392,Fap
ENSMUSG00000024622,Hmgxb3
ENSMUSG00000074282,Zfp94
ENSMUSG00000028610,Dmrtb1
ENSMUSG00000041247,Lamp3
ENSMUSG00000110670,RP23-60O19.3
ENSMUSG00000044988,Ucn3
ENSMUSG00000020364,Zfp354a
ENSMUSG00000022037,Clu
ENSMUSG00000079038,D130040H23Rik
ENSMUSG00000031870,Pgr
ENSMUSG00000027273,Snap25
ENSMUSG00000026413,Pkp1
ENSMUSG00000026436,Elk4
ENSMUSG00000062991,Nrg1
ENSMUSG00000031449,Atp4b
ENSMUSG00000023067,Cdkn1a
ENSMUSG00000023991,Foxp4
ENSMUSG00000025431,Crisp1
ENSMUSG00000071266,Zfp946
ENSMUSG00000104553,9330178D15Rik
ENSMUSG00000039656,Rxrb
ENSMUSG00000061601,Pclo
ENSMUSG00000042459,Bpifa2
ENSMUSG00000070870,Cryge
ENSMUSG00000070867,Trabd2b
ENSMUSG00000043932,Klri2
ENSMUSG00000041607,Mbp
ENSMUSG00000059481,Plg
ENSMUSG00000049606,Zfp644
ENSMUSG00000042097,Zfp239
ENSMUSG00000024526,Cidea
ENSMUSG00000025932,Eya1
ENSMUSG00000060470,Adgrg3
ENSMUSG00000030353,Tead4
ENSMUSG00000024050,Wiz
ENSMUSG00000067928,Zfp760
ENSMUSG00000037477,Tbx10
ENSMUSG00000055761,Nkain3
ENSMUSG00000016356,Col20a1
ENSMUSG00000050100,Hmx2
ENSMUSG00000074283,Zfp109
ENSMUSG00000060459,Kng2
ENSMUSG00000019894,Slc6a15
ENSMUSG00000029754,Dlx6
ENSMUSG00000063047,Zfp780b
ENSMUSG00000038700,Hoxb5
ENSMUSG00000075402,Krt76
ENSMUSG00000026042,Col5a2
ENSMUSG00000005836,Gata6
ENSMUSG00000058402,Zfp420
ENSMUSG00000026602,Nphs2
ENSMUSG00000035916,Ptprq
ENSMUSG00000038580,Sct
ENSMUSG00000075394,Hoxc4
ENSMUSG00000047730,Fcgbp
ENSMUSG00000025504,Eps8l2
ENSMUSG00000066829,Zfp810
ENSMUSG00000033027,Klrc3
ENSMUSG00000055560,Zfp459
ENSMUSG00000048120,Entpd1
ENSMUSG00000050714,Zbtb26
ENSMUSG00000066798,Zbtb6
ENSMUSG00000000204,Slfn4
ENSMUSG00000100265,Gm28363
ENSMUSG00000029238,Clock
ENSMUSG00000052512,Nav2
ENSMUSG00000025068,Gsto1
ENSMUSG00000097918,Ascl5
ENSMUSG00000039037,St6galnac5
ENSMUSG00000039717,Ralyl
ENSMUSG00000002617,Zfp40
ENSMUSG00000032323,Cyp11a1
ENSMUSG00000022311,Csmd3
ENSMUSG00000092008,Cyp2c69
ENSMUSG00000054716,Zfp771
ENSMUSG00000056501,Cebpb
ENSMUSG00000079557,March2
ENSMUSG00000045598,Zfp553
ENSMUSG00000051910,Sox6
ENSMUSG00000044378,Slc15a5
ENSMUSG00000052616,Terb1
ENSMUSG00000038295,Atg9b
ENSMUSG00000020651,Slc26a4
ENSMUSG00000028262,Clca3a2
ENSMUSG00000095253,Zfp799
ENSMUSG00000027200,Sema6d
ENSMUSG00000019338,Zfp687
ENSMUSG00000053641,Dennd4a
ENSMUSG00000049001,Ndnf
ENSMUSG00000024515,Smad4
ENSMUSG00000072774,Zfp951
ENSMUSG00000068859,Sp9
ENSMUSG00000019768,Esr1
ENSMUSG00000066009,Zfp987
ENSMUSG00000058145,Adamts17
ENSMUSG00000049134,Nrap
ENSMUSG00000078902,Gm14443
ENSMUSG00000031636,Pdlim3
ENSMUSG00000005672,Kit
ENSMUSG00000006469,Slc34a3
ENSMUSG00000035397,Klf16
ENSMUSG00000039087,Rreb1
ENSMUSG00000025407,Gli1
ENSMUSG00000025889,Snca
ENSMUSG00000094410,Gm38394
ENSMUSG00000035783,Acta2
ENSMUSG00000028465,Tln1
ENSMUSG00000026141,Col19a1
ENSMUSG00000026786,Apbb1ip
ENSMUSG00000071561,BC100530
ENSMUSG00000024588,Fech
ENSMUSG00000005917,Otx1
ENSMUSG00000091243,Vgll3
ENSMUSG00000074405,Zfp865
ENSMUSG00000031885,Cbfb
ENSMUSG00000055960,Skint4
ENSMUSG00000034000,Neu4
ENSMUSG00000028415,Spink4
ENSMUSG00000049672,Zbtb14
ENSMUSG00000025498,Irf7
ENSMUSG00000019936,Epyc
ENSMUSG00000006143,Upk3bl
ENSMUSG00000067594,Krt77
ENSMUSG00000079008,Gm14124
ENSMUSG00000072663,Spef2
ENSMUSG00000025330,Padi4
ENSMUSG00000063856,Gpx1
ENSMUSG00000035513,Ntng2
ENSMUSG00000029478,Ncor2
ENSMUSG00000024965,Fermt3
ENSMUSG00000024431,Nr3c1
ENSMUSG00000043913,Ccdc60
ENSMUSG00000079465,Col4a3
ENSMUSG00000021944,Gata4
ENSMUSG00000021365,Nedd9
ENSMUSG00000061603,Akap6
ENSMUSG00000068614,Actc1
ENSMUSG00000063383,Zfp947
ENSMUSG00000027583,Zbtb46
ENSMUSG00000038357,Camp
ENSMUSG00000049436,Upk1b
ENSMUSG00000110874,RP24-295B16.1
ENSMUSG00000037029,Zfp146
ENSMUSG00000057173,Rfx8
ENSMUSG00000047773,4932411E22Rik
ENSMUSG00000020241,Col6a2
ENSMUSG00000007670,Khsrp
ENSMUSG00000027676,Ccdc39
ENSMUSG00000044167,Foxo1
ENSMUSG00000024330,Col11a2
ENSMUSG00000036281,Snapc4
ENSMUSG00000037202,Prf1
ENSMUSG00000023041,Krt6b
ENSMUSG00000094504,Gm5294
ENSMUSG00000033740,St18
ENSMUSG00000092275,Gm20465
ENSMUSG00000028176,Lrrc7
ENSMUSG00000026483,Fam129a
ENSMUSG00000035125,Gcfc2
ENSMUSG00000047603,Zfp235
ENSMUSG00000074366,Obox5
ENSMUSG00000037188,Grhl3
ENSMUSG00000029838,Ptn
ENSMUSG00000026735,Ptf1a
ENSMUSG00000031772,Cntnap4
ENSMUSG00000062327,T
ENSMUSG00000049685,Cyp2g1
ENSMUSG00000045333,Zfp423
ENSMUSG00000024927,Rela
ENSMUSG00000005718,Tfap4
ENSMUSG00000030486,Zfp108
ENSMUSG00000075184,F930017D23Rik
ENSMUSG00000018830,Myh11
ENSMUSG00000100704,Gm28434
ENSMUSG00000046159,Chrm3
ENSMUSG00000015852,Fcrls
ENSMUSG00000020647,Ncoa1
ENSMUSG00000071713,Csf2rb
ENSMUSG00000062209,Erbb4
ENSMUSG00000020838,Slc6a4
ENSMUSG00000029780,Nt5c3
ENSMUSG00000035861,Tmprss11b
ENSMUSG00000018973,Hoxb1
ENSMUSG00000029134,Plb1
ENSMUSG00000058056,Palld
ENSMUSG00000055827,Gsdmc3
ENSMUSG00000047139,Cd24a
ENSMUSG00000025279,Dnase1l3
ENSMUSG00000037846,Rtkn2
ENSMUSG00000062960,Kdr
ENSMUSG00000022097,Sftpc
ENSMUSG00000035032,Nek11
ENSMUSG00000110375,Gm45323
ENSMUSG00000034664,Itga2b
ENSMUSG00000063590,Slc22a28
ENSMUSG00000074867,Zfp808
ENSMUSG00000059657,Stfa2l1
ENSMUSG00000000214,Th
ENSMUSG00000060261,Gtf2i
ENSMUSG00000001419,Mef2d
ENSMUSG00000068889,Lce1e
ENSMUSG00000108322,Gm45123
ENSMUSG00000024529,Lox
ENSMUSG00000055320,Tead1
ENSMUSG00000095975,Cphx1
ENSMUSG00000109561,Ankrd31
ENSMUSG00000090894,Olfr110
ENSMUSG00000015843,Rxrg
ENSMUSG00000095248,Olfr681
ENSMUSG00000031860,Pbx4
ENSMUSG00000062826,Ces2f
ENSMUSG00000035864,Syt1
ENSMUSG00000001506,Col1a1
ENSMUSG00000055541,Lair1
ENSMUSG00000030921,Trim30a
ENSMUSG00000024749,Tmc1
ENSMUSG00000023892,Zfp51
ENSMUSG00000022708,Zbtb20
ENSMUSG00000022949,Clic6
ENSMUSG00000000731,Aire
ENSMUSG00000025821,Zfp282
ENSMUSG00000052751,Repin1
ENSMUSG00000078768,Zfp566
ENSMUSG00000058427,Cxcl2
ENSMUSG00000032425,Zfp949
ENSMUSG00000055421,Pcdh9
ENSMUSG00000079262,Slco1a6
ENSMUSG00000031098,Syt8
ENSMUSG00000042581,Thsd7b
ENSMUSG00000024990,Rbp4
ENSMUSG00000020143,Dock2
ENSMUSG00000043639,Rbm20
ENSMUSG00000004709,Cd244
ENSMUSG00000030232,Aebp2
ENSMUSG00000031688,Pou4f2
ENSMUSG00000032735,Ablim3
ENSMUSG00000032656,March3
ENSMUSG00000071646,Mta2
ENSMUSG00000025467,Prap1
ENSMUSG00000042961,Egflam
ENSMUSG00000005413,Hmox1
ENSMUSG00000032318,Isl2
ENSMUSG00000027434,Nkx2-2
ENSMUSG00000046213,Cym
ENSMUSG00000025790,Slco3a1
ENSMUSG00000058287,Gm12253
ENSMUSG00000059043,Olfr15
ENSMUSG00000100147,1700047M11Rik
ENSMUSG00000109129,Gm44973
ENSMUSG00000024164,C3
ENSMUSG00000058794,Nfe2
ENSMUSG00000040856,Dlk1
ENSMUSG00000030678,Maz
ENSMUSG00000078949,R3hdml
ENSMUSG00000026234,Ncl
ENSMUSG00000001946,Esam
ENSMUSG00000059975,Zfp74
ENSMUSG00000029275,Gfi1
ENSMUSG00000063297,Luzp2
ENSMUSG00000026835,Fcnb
ENSMUSG00000033342,Plppr5
ENSMUSG00000058883,Zfp708
ENSMUSG00000067996,Bpifb9b
ENSMUSG00000020167,Tcf3
ENSMUSG00000079277,Hoxd3
ENSMUSG00000021506,Pitx1
ENSMUSG00000026380,Tfcp2l1
ENSMUSG00000078887,Gm6710
ENSMUSG00000000248,Clec2g
ENSMUSG00000036510,Cdh8
ENSMUSG00000069171,Nr2f1
ENSMUSG00000020908,Myh3
ENSMUSG00000028546,Elavl4
ENSMUSG00000021335,Slc17a1
ENSMUSG00000000215,Ins2
ENSMUSG00000045083,Lingo2
ENSMUSG00000032291,Crabp1
ENSMUSG00000031523,Dlc1
ENSMUSG00000009487,Otog
ENSMUSG00000111089,RP24-233B16.4
ENSMUSG00000042570,Mier2
ENSMUSG00000026740,Dnajc1
ENSMUSG00000030469,Zfp719
ENSMUSG00000059839,Zfp874b
ENSMUSG00000089756,Zfp966
ENSMUSG00000041261,Car8
ENSMUSG00000093411,Vmn1r17
ENSMUSG00000029268,Ugt2a2
ENSMUSG00000003154,Foxj2
ENSMUSG00000021604,Irx4
ENSMUSG00000023959,Clic5
ENSMUSG00000000439,Mkrn2
ENSMUSG00000046470,Sox18
ENSMUSG00000037214,Thap1
ENSMUSG00000051184,Zfp524
ENSMUSG00000039830,Olig2
ENSMUSG00000078639,Gm12695
ENSMUSG00000060924,Csmd1
ENSMUSG00000036461,Elf1
ENSMUSG00000001819,Hoxd13
ENSMUSG00000055373,Fut9
ENSMUSG00000039954,Stk32a
ENSMUSG00000050295,Foxc1
ENSMUSG00000030077,Chl1
ENSMUSG00000048138,Dmrt2
ENSMUSG00000029587,Zfp12
ENSMUSG00000035877,Zhx3
ENSMUSG00000070847,Vmn2r30
ENSMUSG00000063767,S100a7a
ENSMUSG00000027876,Reg4
ENSMUSG00000007805,Twist2
ENSMUSG00000052387,Trpm3
ENSMUSG00000034310,Tmem132d
ENSMUSG00000005893,Nr2c2
ENSMUSG00000055202,Zfp811
ENSMUSG00000038608,Dock10
ENSMUSG00000030350,Prmt8
ENSMUSG00000031502,Col4a1
ENSMUSG00000020469,Myl7
ENSMUSG00000054310,Obox1
ENSMUSG00000060301,2610008E11Rik
ENSMUSG00000021190,Lgmn
ENSMUSG00000027360,Hdc
ENSMUSG00000074731,Zfp345
ENSMUSG00000110246,C130073E24Rik
ENSMUSG00000048108,Tmem72
ENSMUSG00000021010,Npas3
ENSMUSG00000106466,Gm42562
ENSMUSG00000069421,Olfr810
ENSMUSG00000034107,Ano7
ENSMUSG00000040478,Prdm13
ENSMUSG00000048126,Col6a3
ENSMUSG00000022836,Mylk
ENSMUSG00000074158,Zfp976
ENSMUSG00000019866,Aim1
ENSMUSG00000090383,Vmn2r58
ENSMUSG00000025418,Bsnd
ENSMUSG00000026778,Prkcq
ENSMUSG00000025958,Creb1
ENSMUSG00000031972,Acta1
ENSMUSG00000024081,Cebpz
ENSMUSG00000005148,Klf5
ENSMUSG00000003882,Il7r
ENSMUSG00000059108,Ifitm6
ENSMUSG00000025955,Akr1cl
ENSMUSG00000019876,Pkib
ENSMUSG00000048001,Hes5
ENSMUSG00000047141,Zfp654
ENSMUSG00000070420,Zscan25
ENSMUSG00000078865,Gm14406
ENSMUSG00000035443,Thyn1
ENSMUSG00000023039,Krt7
ENSMUSG00000053600,Zfp472
ENSMUSG00000024912,Fosl1
ENSMUSG00000032481,Smarcc1
ENSMUSG00000001911,Nfix
ENSMUSG00000063626,Unc5d
ENSMUSG00000022438,Parvb
ENSMUSG00000069516,Lyz2
ENSMUSG00000004891,Nes
ENSMUSG00000078942,Naip6
ENSMUSG00000030043,Tacr1
ENSMUSG00000107252,Gm43786
ENSMUSG00000064057,Scgb3a1
ENSMUSG00000017667,Zfp334
ENSMUSG00000040118,Cacna2d1
ENSMUSG00000051506,Wdfy4
ENSMUSG00000006649,Nphs1
ENSMUSG00000019851,Perp
ENSMUSG00000021363,Mak
ENSMUSG00000026497,Mixl1
ENSMUSG00000070902,Zfp352
ENSMUSG00000044156,Hepacam2
ENSMUSG00000031906,Smpd3
ENSMUSG00000034848,Ttc21b
ENSMUSG00000037653,Kctd8
ENSMUSG00000049493,Pls1
ENSMUSG00000040666,Sh3bgr
ENSMUSG00000043059,Zfp513
ENSMUSG00000022868,Ahsg
ENSMUSG00000024029,Tff3
ENSMUSG00000069917,Hba-a2
ENSMUSG00000110028,Gm45385
ENSMUSG00000051401,Kctd16
ENSMUSG00000075327,Zbtb2
ENSMUSG00000025128,Bhlhe22
ENSMUSG00000034059,Ypel4
ENSMUSG00000007457,2310003L06Rik
ENSMUSG00000040605,Bace2
ENSMUSG00000025020,Slit1
ENSMUSG00000072915,Gm12258
ENSMUSG00000027667,Zfp639
ENSMUSG00000040632,Nrl
ENSMUSG00000071068,Treml2
ENSMUSG00000021356,Irf4
ENSMUSG00000022053,Ebf2
ENSMUSG00000020181,Nav3
ENSMUSG00000009114,2610028H24Rik
ENSMUSG00000021662,Arhgef28
ENSMUSG00000050675,Gp1ba
ENSMUSG00000058900,Rsl1
ENSMUSG00000052331,Ankrd44
ENSMUSG00000000782,Tcf7
ENSMUSG00000039092,Sptlc3
ENSMUSG00000029866,Kel
ENSMUSG00000079595,Gm4758
ENSMUSG00000051177,Plcb1
ENSMUSG00000060988,Galnt13
ENSMUSG00000054054,Olfr309
ENSMUSG00000034762,Glis1
ENSMUSG00000038415,Foxq1
ENSMUSG00000037446,Tulp1
ENSMUSG00000030364,Clec2h
ENSMUSG00000034518,Hmgxb4
ENSMUSG00000041420,Meis3
ENSMUSG00000078894,2210418O10Rik
ENSMUSG00000029563,Foxp2
ENSMUSG00000032036,Kirrel3
ENSMUSG00000020774,Aspa
ENSMUSG00000048377,Foxi2
ENSMUSG00000030278,Cidec
ENSMUSG00000034486,Gbx2
ENSMUSG00000040712,Camta2
ENSMUSG00000025993,Slc40a1
ENSMUSG00000019767,Ccdc170
ENSMUSG00000058124,H2-M10.3
ENSMUSG00000000282,Mnt
ENSMUSG00000039652,Cpeb3
ENSMUSG00000035923,Myf6
ENSMUSG00000022330,Osr2
ENSMUSG00000064065,Ipcef1
ENSMUSG00000016503,Gtf3a
ENSMUSG00000036983,Tfb1m
ENSMUSG00000064156,Prol1
ENSMUSG00000000560,Gabra2
ENSMUSG00000034330,Plcg2
ENSMUSG00000107011,Gm42906
ENSMUSG00000068078,2310034C09Rik
ENSMUSG00000096914,Galntl6
ENSMUSG00000057228,Aadat
ENSMUSG00000051951,Xkr4
ENSMUSG00000033961,Zfp446
ENSMUSG00000038766,Gabpb2
ENSMUSG00000030103,Bhlhe40
ENSMUSG00000016477,E2f3
ENSMUSG00000027400,Pdyn
ENSMUSG00000046782,Ttc6
ENSMUSG00000024402,Lta
ENSMUSG00000035946,Gsx2
ENSMUSG00000032369,Plscr1
ENSMUSG00000070390,Nlrp1b
ENSMUSG00000038210,Hoxa11
ENSMUSG00000067916,Zfp991
ENSMUSG00000028289,Epha7
ENSMUSG00000026394,Atp6v1g3
ENSMUSG00000001497,Pax9
ENSMUSG00000006179,Prss16
ENSMUSG00000027996,Sfrp2
ENSMUSG00000060961,Slc4a4
ENSMUSG00000024421,Lama3
ENSMUSG00000050321,Neto1
ENSMUSG00000046185,Zfp84
ENSMUSG00000025608,Podxl
ENSMUSG00000020140,Lgr5
ENSMUSG00000053347,Zfp943
ENSMUSG00000027869,Hsd3b6
ENSMUSG00000055150,Zfp78
ENSMUSG00000075045,Gm4981
ENSMUSG00000057156,Homez
ENSMUSG00000059049,Frem1
ENSMUSG00000085222,Gm13974
ENSMUSG00000054162,Spock3
ENSMUSG00000055102,Zfp819
ENSMUSG00000044542,Prop1
ENSMUSG00000037996,Slc24a2
ENSMUSG00000074622,Mafb
ENSMUSG00000067001,Serpinb7
ENSMUSG00000023403,Stk31
ENSMUSG00000050224,Krtap13
ENSMUSG00000022871,Fetub
ENSMUSG00000044296,Zfp879
ENSMUSG00000023034,Nr4a1
ENSMUSG00000006546,Cryba2
ENSMUSG00000024747,Aldh1a7
ENSMUSG00000044636,Csrnp2
ENSMUSG00000061311,Rag1
ENSMUSG00000000690,Hoxb6
ENSMUSG00000101415,Gm28168
ENSMUSG00000031635,Anxa10
ENSMUSG00000026834,Acvr1c
ENSMUSG00000075304,Sp5
ENSMUSG00000078994,Zfp429
ENSMUSG00000055540,Epha6
ENSMUSG00000090714,Zscan4d
ENSMUSG00000037674,Rfx7
ENSMUSG00000044033,Ccdc141
ENSMUSG00000063919,Srrm4
ENSMUSG00000038346,Zfp384
ENSMUSG00000031673,Cdh11
ENSMUSG00000020067,Mypn
ENSMUSG00000074968,Ano3
ENSMUSG00000030189,Ybx3
ENSMUSG00000005503,Evx1
ENSMUSG00000022315,Slc30a8
ENSMUSG00000055835,Zfp1
ENSMUSG00000039501,Znfx1
ENSMUSG00000039167,Adgrl4
ENSMUSG00000038168,P3h2
ENSMUSG00000045672,Col27a1
ENSMUSG00000043165,Lor
ENSMUSG00000052504,Epha3
ENSMUSG00000031453,Rasa3
ENSMUSG00000041287,Sox15
ENSMUSG00000032359,Ctsh
ENSMUSG00000016386,Mpped2
ENSMUSG00000058624,Gda
ENSMUSG00000038871,Bpgm
ENSMUSG00000066797,Zfp648
ENSMUSG00000004040,Stat3
ENSMUSG00000095993,Gm21060
ENSMUSG00000078580,E430018J23Rik
ENSMUSG00000078546,Zfp995
ENSMUSG00000053964,Lgals4
ENSMUSG00000051111,Sv2c
ENSMUSG00000045757,Zfp764
ENSMUSG00000061808,Ttr
ENSMUSG00000096433,Zfp994
ENSMUSG00000067028,Cntnap5b
ENSMUSG00000044186,Nkx2-6
ENSMUSG00000030322,Mbd4
ENSMUSG00000074502,Ubtfl1
ENSMUSG00000024669,Cd5
ENSMUSG00000096982,Redrum
ENSMUSG00000028329,Xpa
ENSMUSG00000095577,Gm6619
ENSMUSG00000036594,H2-Aa
ENSMUSG00000048921,Zfp689
ENSMUSG00000026832,Cytip
ENSMUSG00000070031,Sp140
ENSMUSG00000091381,Vmn2r83
ENSMUSG00000000552,Zfp385a
ENSMUSG00000026737,Pip4k2a
ENSMUSG00000108367,Gm4881
ENSMUSG00000074527,Gm14296
ENSMUSG00000057722,Lepr
ENSMUSG00000036292,Gramd1c
ENSMUSG00000042286,Stab1
ENSMUSG00000032292,Nr2e3
ENSMUSG00000090659,Zfp493
ENSMUSG00000042476,Abcb4
ENSMUSG00000020656,Grhl1
ENSMUSG00000015709,Arnt2
ENSMUSG00000050663,Trhde
ENSMUSG00000020524,Gria1
ENSMUSG00000037610,Kcnmb2
ENSMUSG00000087089,Gm12160
ENSMUSG00000062175,Tgif2
ENSMUSG00000027102,Hoxd8
ENSMUSG00000031517,Gpm6a
ENSMUSG00000020644,Id2
ENSMUSG00000035042,Ccl5
ENSMUSG00000022598,Psca
ENSMUSG00000050368,Hoxd10
ENSMUSG00000006705,Pknox1
ENSMUSG00000062524,Ncr1
ENSMUSG00000040283,Btnl9
ENSMUSG00000029484,Anxa3
ENSMUSG00000071477,Zfp777
ENSMUSG00000028244,1700025O08Rik
ENSMUSG00000022875,Kng1
ENSMUSG00000024041,Cryaa
ENSMUSG00000022435,Upk3a
ENSMUSG00000079852,Klra4
ENSMUSG00000024140,Epas1
ENSMUSG00000035000,Dpp4
ENSMUSG00000038641,Akr1d1
ENSMUSG00000027861,Casq2
ENSMUSG00000040613,Apobec1
ENSMUSG00000004661,Arid3b
ENSMUSG00000039967,Zfp292
ENSMUSG00000057135,Scimp
ENSMUSG00000022510,Trp63
ENSMUSG00000021823,Vcl
ENSMUSG00000024053,Emilin2
ENSMUSG00000030604,Zfp626
ENSMUSG00000015766,Eps8
ENSMUSG00000055368,Slc6a2
ENSMUSG00000029765,Plxna4
ENSMUSG00000003282,Plag1
ENSMUSG00000052056,Zfp217
ENSMUSG00000110190,Zscan4-ps2
ENSMUSG00000025408,Ddit3
ENSMUSG00000025880,Smad7
ENSMUSG00000038843,Gcnt1
ENSMUSG00000101303,B020011L13Rik
ENSMUSG00000032446,Eomes
ENSMUSG00000052253,Zfp622
ENSMUSG00000030789,Itgax
ENSMUSG00000060257,Scrt2
ENSMUSG00000030208,Emp1
ENSMUSG00000082361,Btc
ENSMUSG00000042846,Lrrtm3
ENSMUSG00000045648,Vwc2l
ENSMUSG00000061374,Fiz1
ENSMUSG00000020171,Yeats4
ENSMUSG00000027230,Creb3l1
ENSMUSG00000026921,Egfl7
ENSMUSG00000028042,Zbtb7b
ENSMUSG00000032357,Tinag
ENSMUSG00000056758,Hmga2
ENSMUSG00000008932,Slc1a7
ENSMUSG00000042745,Id1
ENSMUSG00000030889,Vwa3a
ENSMUSG00000020787,P2rx1
ENSMUSG00000059077,Pth
ENSMUSG00000018263,Tbx5
ENSMUSG00000040857,Erf
ENSMUSG00000096795,Zfp433
ENSMUSG00000037984,Neurod6
ENSMUSG00000027843,Ptpn22
ENSMUSG00000051390,Zbtb22
ENSMUSG00000079227,Ccr5
ENSMUSG00000029925,Tbxas1
ENSMUSG00000041482,Piezo2
ENSMUSG00000030017,Reg3g
ENSMUSG00000034071,Zfp551
ENSMUSG00000075595,Zfp652
ENSMUSG00000026017,Carf
ENSMUSG00000022651,Retnlg
ENSMUSG00000038624,Nepn
ENSMUSG00000020395,Itk
ENSMUSG00000055480,Zfp458
ENSMUSG00000002147,Stat6
ENSMUSG00000070780,Rbm47
ENSMUSG00000037106,Fer1l6
ENSMUSG00000078502,Gm13212
ENSMUSG00000051166,Eml5
ENSMUSG00000053965,Pde5a
ENSMUSG00000030560,Ctsc
ENSMUSG00000096351,Samd11
ENSMUSG00000028339,Col15a1
ENSMUSG00000001444,Tbx21
ENSMUSG00000062761,Zfp512
ENSMUSG00000038648,Creb3l2
ENSMUSG00000044349,Snhg11
ENSMUSG00000024697,Gna14
ENSMUSG00000019929,Dcn
ENSMUSG00000044471,Lncpint
ENSMUSG00000055972,2810407A14Rik
ENSMUSG00000074882,Cyp2c68
ENSMUSG00000042793,Lgr6
ENSMUSG00000054381,Zfp747
ENSMUSG00000030386,Zfp606
ENSMUSG00000049598,Vsig8
ENSMUSG00000098040,Gm20757
ENSMUSG00000021765,Fst
ENSMUSG00000023019,Gpd1
ENSMUSG00000032807,Alox12b
ENSMUSG00000042414,Prdm14
ENSMUSG00000108600,Gm44671
ENSMUSG00000025912,Mybl1
ENSMUSG00000029309,Sparcl1
ENSMUSG00000093931,Amy2a3
ENSMUSG00000017300,Tnnc2
ENSMUSG00000002250,Ppard
ENSMUSG00000092544,Gm20422
ENSMUSG00000031621,Isx
ENSMUSG00000042002,Foxn4
ENSMUSG00000092083,Kcnb2
ENSMUSG00000032083,Apoa1
ENSMUSG00000003123,Lipe
ENSMUSG00000045954,Sdpr
ENSMUSG00000040838,Gm11639
ENSMUSG00000027416,Otor
ENSMUSG00000048012,Zfp473
ENSMUSG00000058291,Zfp68
ENSMUSG00000020000,Moxd1
ENSMUSG00000028358,Zfp618
ENSMUSG00000039269,2300002M23Rik
ENSMUSG00000026104,Stat1
ENSMUSG00000053390,Zfp952
ENSMUSG00000020566,Atp6v1c2
ENSMUSG00000054555,Adam12
ENSMUSG00000059625,Sohlh1
ENSMUSG00000070828,Zscan4f
ENSMUSG00000043557,Mdga1
ENSMUSG00000048410,Zfp407
ENSMUSG00000052763,Zfp212
ENSMUSG00000028634,Hivep3
ENSMUSG00000047261,Gap43
ENSMUSG00000063549,Olfr322
ENSMUSG00000054360,Bsx
ENSMUSG00000050425,Mrgprb2
ENSMUSG00000051435,Fhad1
ENSMUSG00000046318,Ccbe1
ENSMUSG00000038602,Slc35f1
ENSMUSG00000029723,Tsc22d4
ENSMUSG00000068134,Zfp120
ENSMUSG00000025900,Rp1
ENSMUSG00000027048,Abcb11
ENSMUSG00000018659,Pnpo
ENSMUSG00000061232,H2-K1
ENSMUSG00000025423,Pias2
ENSMUSG00000111116,RP24-167A12.4
ENSMUSG00000030249,Abcc9
ENSMUSG00000009739,Pou6f1
ENSMUSG00000023914,Mep1a
ENSMUSG00000022361,Zhx1
ENSMUSG00000024276,Zfp397
ENSMUSG00000099869,1700030F04Rik
ENSMUSG00000051341,Zfp52
ENSMUSG00000057842,Zfp595
ENSMUSG00000030167,Klrc1
ENSMUSG00000026686,Lmx1a
ENSMUSG00000039809,Gabbr2
ENSMUSG00000020653,Klf11
ENSMUSG00000060510,Zfp266
ENSMUSG00000100235,Gm28557
ENSMUSG00000026069,Il1rl1
ENSMUSG00000054966,Lmntd1
ENSMUSG00000032035,Ets1
ENSMUSG00000038115,Ano2
ENSMUSG00000009741,Ubp1
ENSMUSG00000059832,Kprp
ENSMUSG00000062518,Zfp534
ENSMUSG00000058354,Krt6a
ENSMUSG00000074406,Zfp628
ENSMUSG00000048450,Msx1
ENSMUSG00000037849,Ifi206
ENSMUSG00000067818,Myl9
ENSMUSG00000056073,Grik2
ENSMUSG00000078899,Gm4631
ENSMUSG00000059588,Calcrl
ENSMUSG00000043419,Chd3os
ENSMUSG00000042066,Tmcc2
ENSMUSG00000030125,Lrrc23
ENSMUSG00000004500,Zfp324
ENSMUSG00000003929,Zfp81
ENSMUSG00000020709,Adap2
ENSMUSG00000021069,Pygl
ENSMUSG00000074865,Zfp934
ENSMUSG00000025094,Slc18a2
ENSMUSG00000069919,Hba-a1
ENSMUSG00000042472,Zfp410
ENSMUSG00000046160,Olig1
ENSMUSG00000029844,Hoxa1
ENSMUSG00000030543,Mesp2
ENSMUSG00000085931,Gm12648
ENSMUSG00000032515,Csrnp1
ENSMUSG00000037921,Ddx60
ENSMUSG00000022025,Lect1
ENSMUSG00000025576,Rbfox3
ENSMUSG00000002997,Prkar2b
ENSMUSG00000054106,Try4
ENSMUSG00000039997,Ifi203
ENSMUSG00000037139,Myom3
ENSMUSG00000034042,Gpbp1l1
ENSMUSG00000032080,Apoa4
ENSMUSG00000028677,Rnf220
ENSMUSG00000004366,Sst
ENSMUSG00000000938,Hoxa10
ENSMUSG00000023216,Epb42
ENSMUSG00000036908,Unc93b1
ENSMUSG00000022938,Fam3b
ENSMUSG00000018927,Ccl6
ENSMUSG00000068794,Col28a1
ENSMUSG00000054717,Hmgb2
ENSMUSG00000024661,Fth1
ENSMUSG00000055409,Nell1
ENSMUSG00000029286,Enam
ENSMUSG00000030059,Tmf1
ENSMUSG00000051497,Kcnj16
ENSMUSG00000031706,Rfx1
ENSMUSG00000026712,Mrc1
ENSMUSG00000030380,Mzf1
ENSMUSG00000055561,Spink5
ENSMUSG00000020275,Rel
ENSMUSG00000079679,Vwde
ENSMUSG00000032502,Stac
ENSMUSG00000052562,Slc22a30
ENSMUSG00000018698,Lhx1
ENSMUSG00000026494,Kif26b
ENSMUSG00000051680,Olfr693
ENSMUSG00000051817,Sox12
ENSMUSG00000039354,Smarcal1
ENSMUSG00000046748,Tmem45a2
ENSMUSG00000046768,Rhoj
ENSMUSG00000058297,Spock2
ENSMUSG00000034855,Cxcl10
ENSMUSG00000049755,Zfp672
ENSMUSG00000020357,Flt4
ENSMUSG00000048387,Osr1
ENSMUSG00000059842,Zfp341
ENSMUSG00000084773,Gm12159
ENSMUSG00000065987,Cd209b
ENSMUSG00000049690,Nckap5
ENSMUSG00000014859,E2f4
ENSMUSG00000036180,Gatad2a
ENSMUSG00000052560,Cpne8
ENSMUSG00000063531,Sema3e
ENSMUSG00000034923,Ly6g6f
ENSMUSG00000060962,Dmkn
ENSMUSG00000046486,Olfr231
ENSMUSG00000035638,Muc20
ENSMUSG00000067071,Hes6
ENSMUSG00000062980,Cped1
ENSMUSG00000031665,Sall1
ENSMUSG00000018899,Irf1
ENSMUSG00000078302,Foxd1
ENSMUSG00000042372,Dmrt3
ENSMUSG00000026638,Irf6
ENSMUSG00000047407,Tgif1
ENSMUSG00000094483,Purb
ENSMUSG00000079015,Serpina1c
ENSMUSG00000029361,Nos1
ENSMUSG00000055639,Dach1
ENSMUSG00000020377,Ltc4s
ENSMUSG00000078503,Zfp990
ENSMUSG00000071519,Prss3
ENSMUSG00000038173,Enpp6
ENSMUSG00000005968,Tuft1
ENSMUSG00000031722,Hp
ENSMUSG00000047534,Mis18bp1
ENSMUSG00000024220,Zfp523
ENSMUSG00000056492,Adgrf5
ENSMUSG00000061259,Tmprss11d
ENSMUSG00000054519,Zfp867
ENSMUSG00000056829,Foxb2
ENSMUSG00000048583,Igf2
ENSMUSG00000086353,Gm13481
ENSMUSG00000051504,Siglech
ENSMUSG00000067424,Zfp563
ENSMUSG00000047591,Mafa
ENSMUSG00000030173,Klra5
ENSMUSG00000000567,Sox9
ENSMUSG00000068806,Olfr1259
ENSMUSG00000014453,Blk
ENSMUSG00000026365,Cfh
ENSMUSG00000030669,Calca
ENSMUSG00000073975,Olfr550
ENSMUSG00000056069,Fam105a
ENSMUSG00000026468,Lhx4
ENSMUSG00000043747,1520401A03Rik
ENSMUSG00000100305,Gm28360
ENSMUSG00000028332,Hemgn
ENSMUSG00000057101,Zfp180
ENSMUSG00000000305,Cdh4
ENSMUSG00000034041,Lyl1
ENSMUSG00000039634,Zfp189
ENSMUSG00000038242,Aox4
ENSMUSG00000090059,Olfr1062
ENSMUSG00000024768,Lipf
ENSMUSG00000021575,Ahrr
ENSMUSG00000060913,Trim55
ENSMUSG00000037994,Slc9b2
ENSMUSG00000045903,Npas4
ENSMUSG00000066189,Cacng3
ENSMUSG00000022112,Gpc5
ENSMUSG00000049737,Olfr1361
ENSMUSG00000019256,Ahr
ENSMUSG00000026678,Rgs5
ENSMUSG00000068887,Lce1j
ENSMUSG00000020182,Ddc
ENSMUSG00000073658,Crygb
ENSMUSG00000023079,Gtf2ird1
ENSMUSG00000094076,Gm4767
ENSMUSG00000041534,Rbp3
ENSMUSG00000042323,Pbrm1
ENSMUSG00000025945,Crygf
ENSMUSG00000024225,Clps
ENSMUSG00000109473,B930025P03Rik
ENSMUSG00000022504,Ciita
ENSMUSG00000075010,AW112010
ENSMUSG00000053080,2700081O15Rik
ENSMUSG00000052013,Btla
ENSMUSG00000039031,Arhgap18
ENSMUSG00000073608,Gm6086
ENSMUSG00000026068,Il18rap
ENSMUSG00000085187,Gm13860
ENSMUSG00000026135,Zfp142
ENSMUSG00000014603,Alx3
ENSMUSG00000020889,Nr1d1
ENSMUSG00000023828,Slc22a3
ENSMUSG00000029249,Rest
ENSMUSG00000053519,Kcnip1
ENSMUSG00000030054,Gp9
ENSMUSG00000056423,Uts2b
ENSMUSG00000017344,Vtn
ENSMUSG00000048728,Zfp454
ENSMUSG00000028197,Col24a1
ENSMUSG00000058669,Nkx2-9
ENSMUSG00000022129,Dct
ENSMUSG00000099689,Zfp383
ENSMUSG00000039488,Cntn5
ENSMUSG00000025389,Mip
ENSMUSG00000025470,Zfp511
ENSMUSG00000036264,Fstl4
ENSMUSG00000090314,2310050C09Rik
ENSMUSG00000040747,Cd53
ENSMUSG00000032556,Bfsp2
ENSMUSG00000057058,Skap1
ENSMUSG00000041836,Ptpre
ENSMUSG00000013643,Lypd8
ENSMUSG00000050945,Zfp438
ENSMUSG00000029658,Wdr95
ENSMUSG00000079055,Slc8a3
ENSMUSG00000054932,Afp
ENSMUSG00000028488,Sh3gl2
ENSMUSG00000017801,Mlx
ENSMUSG00000048485,Zbtb8b
ENSMUSG00000000594,Gm2a
ENSMUSG00000086338,Gm13723
ENSMUSG00000054640,Slc8a1
ENSMUSG00000089773,Skint1
ENSMUSG00000090963,Gm17655
ENSMUSG00000024677,Ms4a6b
ENSMUSG00000035448,Ccr3
ENSMUSG00000053465,Hs6st3
ENSMUSG00000029375,Cxcl15
ENSMUSG00000022526,Zfp251
ENSMUSG00000042942,Greb1l
ENSMUSG00000053950,Adnp2
ENSMUSG00000039126,Prune2
ENSMUSG00000069743,Zfp820
ENSMUSG00000020963,Tshr
ENSMUSG00000025885,Myo5b
ENSMUSG00000047161,Chst9
ENSMUSG00000052040,Klf13
ENSMUSG00000048349,Pou4f1
ENSMUSG00000085452,4930554G24Rik
ENSMUSG00000021301,Hecw1
ENSMUSG00000018593,Sparc
ENSMUSG00000008658,Rbfox1
ENSMUSG00000031022,BC051019
ENSMUSG00000042109,Csdc2
ENSMUSG00000006642,Tcf23
ENSMUSG00000022150,Dab2
ENSMUSG00000024066,Xdh
ENSMUSG00000037143,Cfap61
ENSMUSG00000051920,Rspo2
ENSMUSG00000038156,Spon1
ENSMUSG00000022824,Muc13
ENSMUSG00000023439,Gnb3
ENSMUSG00000056220,Pla2g4a
ENSMUSG00000052613,Pcdh15
ENSMUSG00000074151,Nlrc5
ENSMUSG00000028640,Tfap2c
ENSMUSG00000003484,Cyp4f18
ENSMUSG00000075046,Duxf3
ENSMUSG00000024565,Sall3
ENSMUSG00000033249,Hsf4
ENSMUSG00000021403,Serpinb9b
ENSMUSG00000021708,Rasgrf2
ENSMUSG00000000320,Alox12
ENSMUSG00000062743,Zfp677
ENSMUSG00000037145,2210407C18Rik
ENSMUSG00000013974,Mcemp1
ENSMUSG00000041991,Hrnr
ENSMUSG00000035041,Creb3l3
ENSMUSG00000037034,Pax1
ENSMUSG00000091002,Tcerg1l
ENSMUSG00000031974,Abcb10
ENSMUSG00000023800,Tiam2
ENSMUSG00000057469,E2f6
ENSMUSG00000015854,Cd5l
ENSMUSG00000024653,Scgb1a1
ENSMUSG00000059741,Myl3
ENSMUSG00000020641,Rsad2
ENSMUSG00000032988,Slc16a8
ENSMUSG00000053279,Aldh1a1
ENSMUSG00000018845,Unc45b
ENSMUSG00000079033,Mef2b
ENSMUSG00000004934,Pias4
ENSMUSG00000087085,Gm12068
ENSMUSG00000054728,Phactr1
ENSMUSG00000057894,Zfp329
ENSMUSG00000041361,Myzap
ENSMUSG00000028637,Ccdc30
ENSMUSG00000021362,Gcm2
ENSMUSG00000096014,Sox1
ENSMUSG00000034271,Jdp2
ENSMUSG00000037370,Enpp1
ENSMUSG00000061527,Krt5
ENSMUSG00000036381,P2ry14
ENSMUSG00000061723,Tnnt3
ENSMUSG00000028807,Zbtb8a
ENSMUSG00000051354,Samd3
ENSMUSG00000029413,Naaa
ENSMUSG00000015053,Gata2
ENSMUSG00000026098,Pms1
ENSMUSG00000020014,Cfap54
ENSMUSG00000026288,Inpp5d
ENSMUSG00000027912,Lce1m
ENSMUSG00000034687,Fras1
ENSMUSG00000070547,Mrgprb1
ENSMUSG00000056216,Cebpg
ENSMUSG00000048756,Foxo3
ENSMUSG00000061086,Myl4
ENSMUSG00000091971,Hspa1a
ENSMUSG00000028890,Mtf1
ENSMUSG00000022026,Olfm4
ENSMUSG00000047861,Foxi1
ENSMUSG00000032946,Rasgrp2
ENSMUSG00000109838,Gm45341
ENSMUSG00000001280,Sp1
ENSMUSG00000074166,AW146154
ENSMUSG00000022811,Zfp148
ENSMUSG00000100150,Gm19585
ENSMUSG00000028970,Abcb1b
ENSMUSG00000048424,Ranbp3l
ENSMUSG00000094733,Gm5416
ENSMUSG00000033765,Calm4
ENSMUSG00000026058,Khdrbs2
ENSMUSG00000033825,Tpsb2
ENSMUSG00000065999,Zfp985
ENSMUSG00000046556,Zfp319
ENSMUSG00000032625,Thsd7a
ENSMUSG00000017897,Eya2
ENSMUSG00000022902,Stfa2
ENSMUSG00000009628,Tex15
ENSMUSG00000073043,Atoh1
ENSMUSG00000024512,Dynap
ENSMUSG00000090176,Cd200r2
ENSMUSG00000110013,1190028D05Rik
ENSMUSG00000026442,Nfasc
ENSMUSG00000079186,Gzmc
ENSMUSG00000026803,Ttf1
ENSMUSG00000026532,Spta1
ENSMUSG00000059878,Zfp422
ENSMUSG00000018554,Ybx2
ENSMUSG00000024955,Esrra
ENSMUSG00000051251,Nhlh1
ENSMUSG00000102692,Dchs2
ENSMUSG00000001156,Mxd1
ENSMUSG00000022099,Dmtn
ENSMUSG00000014303,Glis2
ENSMUSG00000001517,Foxm1
ENSMUSG00000099032,Tcf24
ENSMUSG00000038094,Atp13a4
ENSMUSG00000036469,March1
ENSMUSG00000033508,Asprv1
ENSMUSG00000054641,Mmrn1
ENSMUSG00000061171,Slc38a11
ENSMUSG00000022237,Ankrd33b
ENSMUSG00000039706,Ldb2
ENSMUSG00000078435,AU041133
ENSMUSG00000027350,Chgb
ENSMUSG00000022500,Litaf
ENSMUSG00000015001,Oc90
ENSMUSG00000005125,Ndrg1
ENSMUSG00000056091,St3gal5
ENSMUSG00000040891,Foxa3
ENSMUSG00000029306,Ibsp
ENSMUSG00000067261,Foxd3
ENSMUSG00000051855,Mest
ENSMUSG00000056399,Prss34
ENSMUSG00000000617,Grm6
ENSMUSG00000098905,Zfp953
ENSMUSG00000044041,Krt13
ENSMUSG00000040167,Ikzf5
ENSMUSG00000024451,Arap3
ENSMUSG00000085940,4930405D11Rik
ENSMUSG00000059762,Olfr767
ENSMUSG00000022483,Col2a1
ENSMUSG00000034981,Parm1
ENSMUSG00000004655,Aqp1
ENSMUSG00000027913,Crct1
ENSMUSG00000058665,En1
ENSMUSG00000000724,Cryba1
ENSMUSG00000029245,Epha5
ENSMUSG00000062527,Olfr1408
ENSMUSG00000019935,Slc17a8
ENSMUSG00000038203,Hoxa13
ENSMUSG00000030730,Atp2a1
ENSMUSG00000033066,Gas7
ENSMUSG00000030228,Pik3c2g
ENSMUSG00000078872,Gm14401
ENSMUSG00000053025,Sv2b
ENSMUSG00000021200,Asb2
ENSMUSG00000001988,Npas1
ENSMUSG00000020052,Ascl1
ENSMUSG00000059146,Ntrk3
ENSMUSG00000029630,Cyp3a25
ENSMUSG00000005583,Mef2c
ENSMUSG00000055942,Obox7
ENSMUSG00000033726,Emx1
ENSMUSG00000079594,BC117090
ENSMUSG00000027547,Sall4
ENSMUSG00000021187,Tc2n
ENSMUSG00000069727,Zfp975
ENSMUSG00000028370,Pappa
ENSMUSG00000031613,Hpgd
ENSMUSG00000009350,Mpo
ENSMUSG00000063903,Klk1
ENSMUSG00000061898,Rbak
ENSMUSG00000034968,Lbx2
ENSMUSG00000037992,Rara
ENSMUSG00000027806,Tsc22d2
ENSMUSG00000047517,Dmbt1
ENSMUSG00000063142,Kcnma1
ENSMUSG00000110737,RP23-440F7.2
ENSMUSG00000024298,Zfp871
ENSMUSG00000030589,Rasgrp4
ENSMUSG00000026872,Zeb2
ENSMUSG00000094942,Gm3604
ENSMUSG00000005360,Slc1a3
ENSMUSG00000027536,Chmp4c
ENSMUSG00000061068,Mcpt4
ENSMUSG00000025329,Padi1
ENSMUSG00000067591,Klra3
ENSMUSG00000020248,Nfyb
ENSMUSG00000004668,Abca13
ENSMUSG00000016763,Scube1
ENSMUSG00000090326,Dthd1
ENSMUSG00000110408,RP23-357C16.1
ENSMUSG00000050410,Tcf19
ENSMUSG00000030022,Adamts9
ENSMUSG00000052212,Cd177
ENSMUSG00000031965,Tbx20
ENSMUSG00000094441,Zfp955a
ENSMUSG00000090125,Pou3f1
ENSMUSG00000079009,Gm14139
ENSMUSG00000063245,Zfp993
ENSMUSG00000026576,Atp1b1
ENSMUSG00000020472,Zkscan17
ENSMUSG00000071858,Gm94
ENSMUSG00000021381,Barx1
ENSMUSG00000060621,Nkpd1
ENSMUSG00000052160,Pld4
ENSMUSG00000054905,Stfa3
ENSMUSG00000026565,Pou2f1
ENSMUSG00000043013,Onecut1
ENSMUSG00000014361,Mertk
ENSMUSG00000035472,Slc25a21
ENSMUSG00000028222,Calb1
ENSMUSG00000007216,Zfp775
ENSMUSG00000022205,Sub1
ENSMUSG00000044499,Hs3st5
ENSMUSG00000032355,Mlip
ENSMUSG00000014725,Adam28
ENSMUSG00000001827,Folr1
ENSMUSG00000095432,Zfp748
ENSMUSG00000059423,Zfp933
ENSMUSG00000028487,Bnc2
ENSMUSG00000032294,Pkm
ENSMUSG00000029771,Irf5
ENSMUSG00000036181,Hist1h1c
ENSMUSG00000026586,Prrx1
ENSMUSG00000095139,Pou3f2
ENSMUSG00000026163,Sphkap
ENSMUSG00000027690,Slc2a2
ENSMUSG00000030544,Mesp1
ENSMUSG00000026463,Atp2b4
ENSMUSG00000054986,Sec14l3
ENSMUSG00000021972,Hmbox1
ENSMUSG00000026107,Nabp1
ENSMUSG00000054459,Vsnl1
ENSMUSG00000002265,Peg3
ENSMUSG00000000394,Gcg
ENSMUSG00000032978,Guca2b
ENSMUSG00000024837,Dmrt1
ENSMUSG00000085510,Gm12082
ENSMUSG00000047104,Pbp2
ENSMUSG00000027485,Bpifb1
ENSMUSG00000021127,Zfp36l1
ENSMUSG00000000159,Igsf5
ENSMUSG00000033964,Zbtb41
ENSMUSG00000024109,Nrxn1
ENSMUSG00000061462,Obscn
ENSMUSG00000061048,Cdh3
ENSMUSG00000020689,Itgb3
ENSMUSG00000068885,Lce3f
ENSMUSG00000072849,Serpina1e
ENSMUSG00000039462,Col10a1
ENSMUSG00000048528,Nkx1-2
ENSMUSG00000054648,Zfp869
ENSMUSG00000051860,Samd7
ENSMUSG00000024680,Ms4a2
ENSMUSG00000030263,Lrmp
ENSMUSG00000074268,Amy2a5
ENSMUSG00000072845,Tmprss11a
ENSMUSG00000022010,Tsc22d1
ENSMUSG00000021239,Vsx2
ENSMUSG00000020453,Patz1
ENSMUSG00000033308,Dpyd
ENSMUSG00000028341,Nr4a3
ENSMUSG00000021061,Sptb
ENSMUSG00000074500,Zfp558
ENSMUSG00000000157,Itgb2l
ENSMUSG00000038651,Sycp2l
ENSMUSG00000036641,Ccdc148
ENSMUSG00000022286,Grhl2
ENSMUSG00000053297,AI854703
ENSMUSG00000022529,Zfp263
ENSMUSG00000038591,Colec10
ENSMUSG00000030108,Slc6a13
ENSMUSG00000049972,Skint9
ENSMUSG00000027022,Xirp2
ENSMUSG00000005087,Cd44
ENSMUSG00000043668,Tox3
ENSMUSG00000031963,Bmper
ENSMUSG00000084787,Gm12436
ENSMUSG00000050189,Etos1
ENSMUSG00000063600,Egfem1
ENSMUSG00000013523,Bcas1
ENSMUSG00000056290,Ms4a4b
ENSMUSG00000078881,Gm14434
ENSMUSG00000030707,Coro1a
ENSMUSG00000003279,Dlgap1
ENSMUSG00000052942,Glis3
ENSMUSG00000041309,Nkx6-2
ENSMUSG00000032897,Nfyc
ENSMUSG00000030223,Ptpro
ENSMUSG00000040270,Bach2
ENSMUSG00000033207,Mamdc2
ENSMUSG00000021998,Lcp1
ENSMUSG00000036192,Rorb
ENSMUSG00000043991,Pura
ENSMUSG00000039852,Rere
ENSMUSG00000037940,Inpp4b
ENSMUSG00000047094,Ofcc1
ENSMUSG00000045569,Mc2r
ENSMUSG00000026663,Atf6
ENSMUSG00000008398,Elk3
ENSMUSG00000015619,Gata3
ENSMUSG00000022206,Npr3
ENSMUSG00000095648,Gm2004
ENSMUSG00000017491,Rarb
ENSMUSG00000090588,Gm9573
ENSMUSG00000030110,Ret
ENSMUSG00000025925,Terf1
ENSMUSG00000021596,Mctp1
ENSMUSG00000002325,Irf9
ENSMUSG00000004071,Cdip1
ENSMUSG00000022762,Ncam2
ENSMUSG00000046351,Zfp322a
ENSMUSG00000039158,Akna
ENSMUSG00000048562,Sp8
ENSMUSG00000053626,Tll1
ENSMUSG00000039109,F13a1
ENSMUSG00000031997,Trpc6
ENSMUSG00000027552,E2f5
ENSMUSG00000096278,Dcpp2
ENSMUSG00000040569,Slc26a7
ENSMUSG00000037243,Zfp692
ENSMUSG00000025215,Tlx1
ENSMUSG00000060843,Ctnna3
ENSMUSG00000021732,Fgf10
ENSMUSG00000039699,Batf2
ENSMUSG00000026941,Mamdc4
ENSMUSG00000110784,RP23-246D7.2
ENSMUSG00000032332,Col12a1
ENSMUSG00000039789,Zfp597
ENSMUSG00000031026,Trim66
ENSMUSG00000051176,Zfp42
ENSMUSG00000040809,Chil3
ENSMUSG00000022783,Spag6l
ENSMUSG00000078500,Zfp986
ENSMUSG00000073400,Trim10
ENSMUSG00000042596,Tfap2d
ENSMUSG00000022484,Hoxc10
ENSMUSG00000006522,Itih3
ENSMUSG00000063796,Slc22a8
ENSMUSG00000037536,Fbxo34
ENSMUSG00000062939,Stat4
ENSMUSG00000048763,Hoxb3
ENSMUSG00000025959,Klf7
ENSMUSG00000003153,Slc2a3
ENSMUSG00000096054,Syne1
ENSMUSG00000025400,Tac2
ENSMUSG00000067942,Zfp160
ENSMUSG00000040610,Tlx3
ENSMUSG00000001496,Nkx2-1
ENSMUSG00000037326,Capn15
ENSMUSG00000024211,Grm8
ENSMUSG00000031073,Fgf15
ENSMUSG00000040265,Dnm3
ENSMUSG00000031129,Slc9a9
ENSMUSG00000053825,Ppfia2
ENSMUSG00000062478,Ctrc
ENSMUSG00000046982,Tshz1
ENSMUSG00000047342,Zfp286
ENSMUSG00000028150,Rorc
ENSMUSG00000034903,Cobll1
ENSMUSG00000028639,Ybx1
ENSMUSG00000052581,Lrrtm4
ENSMUSG00000020173,Cobl
ENSMUSG00000072720,Myo18b
ENSMUSG00000096630,Vmn2r26
ENSMUSG00000027716,Trpc3
ENSMUSG00000017421,Zfp207
ENSMUSG00000002249,Tead3
ENSMUSG00000005442,Cic
ENSMUSG00000022742,Cpox
ENSMUSG00000044375,BC027072
ENSMUSG00000078497,Zfp978
ENSMUSG00000028901,Gmeb1
ENSMUSG00000024497,Pou4f3
ENSMUSG00000039205,Ciz1
ENSMUSG00000042451,Mybph
ENSMUSG00000050397,Foxl2
ENSMUSG00000062519,Zfp398
ENSMUSG00000038665,Dgki
ENSMUSG00000005763,Cd247
ENSMUSG00000052407,Ccdc171
ENSMUSG00000036242,3632451O06Rik
ENSMUSG00000027347,Rasgrp1
ENSMUSG00000062397,Zfp706
ENSMUSG00000046844,Vat1l
ENSMUSG00000006574,Slc4a1
ENSMUSG00000094878,Olfr130
ENSMUSG00000038805,Six3
ENSMUSG00000045680,Tcf21
ENSMUSG00000087598,Zfp111
ENSMUSG00000069814,Ccdc92b
ENSMUSG00000063108,Zfp26
ENSMUSG00000052726,Kcnt2
ENSMUSG00000040732,Erg
ENSMUSG00000066704,Cyp2b19
ENSMUSG00000040054,Baz2a
ENSMUSG00000038236,Hoxa7
ENSMUSG00000053441,Adamts19
ENSMUSG00000030786,Itgam
ENSMUSG00000055799,Tcf7l1
ENSMUSG00000063415,Cyp26b1
ENSMUSG00000052305,Hbb-bs
ENSMUSG00000100000,1700023F02Rik
ENSMUSG00000069114,Zbtb10
ENSMUSG00000044519,Zfp488
ENSMUSG00000004654,Ghrhr
ENSMUSG00000016200,Syt14
ENSMUSG00000028940,Hes2
ENSMUSG00000021624,Cd180
ENSMUSG00000057609,Lce1a1
ENSMUSG00000020189,Osbpl8
ENSMUSG00000001815,Evx2
ENSMUSG00000040489,Sox30
ENSMUSG00000062151,Unc13c
ENSMUSG00000026980,Ly75
ENSMUSG00000070645,Ren1
ENSMUSG00000026765,Lypd6b
ENSMUSG00000022584,Ly6c2
ENSMUSG00000086243,Gm12121
ENSMUSG00000021255,Esrrb
ENSMUSG00000025017,Pik3ap1
ENSMUSG00000044258,Ctla2a
ENSMUSG00000109808,5430402P08Rik
ENSMUSG00000059742,Kcnh7
ENSMUSG00000085601,Gm4969
ENSMUSG00000061544,Zfp229
ENSMUSG00000047414,Flrt2
ENSMUSG00000035109,Shc4
ENSMUSG00000026971,Itgb6
ENSMUSG00000064177,Ghrl
ENSMUSG00000030057,Cnbp
ENSMUSG00000020125,Elane
ENSMUSG00000040969,Arhgef38
ENSMUSG00000108986,Gm45009
ENSMUSG00000096225,Lhx8
ENSMUSG00000052736,Klrc2
ENSMUSG00000056427,Slit3
ENSMUSG00000108532,Gm44905
ENSMUSG00000074194,Zfp791
ENSMUSG00000003545,Fosb
ENSMUSG00000063894,Zkscan8
ENSMUSG00000054169,Ceacam10
ENSMUSG00000036915,Kirrel2
ENSMUSG00000038342,Mlxip
ENSMUSG00000038725,Pkhd1l1
ENSMUSG00000057123,Gja5
ENSMUSG00000032494,Tdgf1
ENSMUSG00000059336,Slc14a1
ENSMUSG00000022780,Mfi2
ENSMUSG00000031558,Slit2
ENSMUSG00000057729,Prtn3
ENSMUSG00000033220,Rac2
ENSMUSG00000031871,Cdh5
ENSMUSG00000078862,Gm14326
ENSMUSG00000046886,Zfp474
ENSMUSG00000024184,Pdia2
ENSMUSG00000091350,Vmn2r92
ENSMUSG00000067438,Hmx1
ENSMUSG00000043430,Psapl1
ENSMUSG00000097736,9530059O14Rik
ENSMUSG00000041992,Rapgef5
ENSMUSG00000068079,Tcf15
ENSMUSG00000026743,Mllt10
ENSMUSG00000008496,Pou2f2
ENSMUSG00000029816,Gpnmb
ENSMUSG00000036356,Csgalnact1
ENSMUSG00000032419,Tbx18
ENSMUSG00000071847,Apcdd1
ENSMUSG00000034266,Batf
ENSMUSG00000046182,Gsg1l
ENSMUSG00000006764,Tph2
ENSMUSG00000046572,Zfp518b
ENSMUSG00000003923,Tfam
ENSMUSG00000078779,Zfp59
ENSMUSG00000038331,Satb2
ENSMUSG00000048938,Nr1h5
ENSMUSG00000042985,Upk3b
ENSMUSG00000057163,Prss2
ENSMUSG00000028163,Nfkb1
ENSMUSG00000028019,Pdgfc
ENSMUSG00000020538,Srebf1
ENSMUSG00000068130,Zfp442
ENSMUSG00000018339,Gpx3
ENSMUSG00000057425,Ugt2b37
ENSMUSG00000030963,Umod
ENSMUSG00000029705,Cux1
ENSMUSG00000037583,Nr0b2
ENSMUSG00000029865,Sval1
ENSMUSG00000042638,Gucy2c
ENSMUSG00000008193,Spib
ENSMUSG00000043310,Olfr571
ENSMUSG00000035189,Ano4
ENSMUSG00000064232,Gm5414
ENSMUSG00000056498,Tmem154
ENSMUSG00000030446,Zfp273
ENSMUSG00000046676,Lce1l
ENSMUSG00000027674,Pex5l
ENSMUSG00000021612,Slc6a18
ENSMUSG00000058488,Kl
ENSMUSG00000097003,D930007P13Rik
ENSMUSG00000027863,Cd2
ENSMUSG00000102343,Gm37381
ENSMUSG00000028524,Sgip1
ENSMUSG00000047638,Nr1h4
ENSMUSG00000097156,Gm3764
ENSMUSG00000040310,Alx4
ENSMUSG00000051451,Crebzf
ENSMUSG00000032473,Cldn18
ENSMUSG00000025909,Sntg1
ENSMUSG00000039070,Cpa4
ENSMUSG00000030359,Pzp
ENSMUSG00000001493,Meox1
ENSMUSG00000061371,Zfp873
ENSMUSG00000052446,Zfp961
ENSMUSG00000002111,Spi1
ENSMUSG00000061397,Krt79
ENSMUSG00000034833,Tespa1
ENSMUSG00000031461,Myom2
ENSMUSG00000061911,Myt1l
ENSMUSG00000053007,9430076C15Rik
ENSMUSG00000052135,Foxo6
ENSMUSG00000100851,Gm28928
ENSMUSG00000026009,Icos
ENSMUSG00000020137,Thap2
ENSMUSG00000098358,Gm27164
ENSMUSG00000053310,Nrgn
ENSMUSG00000019880,Rspo3
ENSMUSG00000102761,Gm37184
ENSMUSG00000053268,Dspp
ENSMUSG00000032185,Carm1
ENSMUSG00000049321,Zfp2
ENSMUSG00000057378,Ryr3
ENSMUSG00000021939,Ctsb
ENSMUSG00000031883,Car7
ENSMUSG00000032057,4833427G06Rik
ENSMUSG00000041731,Pgm5
ENSMUSG00000042684,Npl
ENSMUSG00000026357,Rgs18
ENSMUSG00000042622,Maff
ENSMUSG00000063632,Sox11
ENSMUSG00000026950,Neb
ENSMUSG00000005553,Atp4a
ENSMUSG00000074651,Mcidas
ENSMUSG00000051747,Ttn
ENSMUSG00000103243,Lce1d
ENSMUSG00000028298,Cga
ENSMUSG00000022553,Maf1
ENSMUSG00000027559,Car3
ENSMUSG00000044429,Cryga
ENSMUSG00000032402,Smad3
ENSMUSG00000024695,Zfp91
ENSMUSG00000050711,Scg2
ENSMUSG00000022935,Grik1
ENSMUSG00000046805,Mpeg1
ENSMUSG00000032503,Arpp21
ENSMUSG00000075063,Olfr142
ENSMUSG00000031495,Cd209d
ENSMUSG00000032532,Cck
ENSMUSG00000020491,2810021J22Rik
ENSMUSG00000022667,Cd200r1
ENSMUSG00000097636,Mirt1
ENSMUSG00000033501,Crygs
ENSMUSG00000038583,Pln
ENSMUSG00000051037,Zfp455
ENSMUSG00000061132,Blnk
ENSMUSG00000091347,Gm10772
ENSMUSG00000047907,Tshz2
ENSMUSG00000037169,Mycn
ENSMUSG00000021379,Id4
ENSMUSG00000042320,Prox2
ENSMUSG00000111598,RP23-241P13.4
ENSMUSG00000056883,Olfr533
ENSMUSG00000079554,Aox2
ENSMUSG00000032281,Acsbg1
ENSMUSG00000000794,Kcnn3
ENSMUSG00000038756,Ttll6
ENSMUSG00000030945,Acsm2
ENSMUSG00000037681,Esyt3
ENSMUSG00000053747,Sox14
ENSMUSG00000035451,Foxa1
ENSMUSG00000026459,Myog
ENSMUSG00000022463,Srebf2
ENSMUSG00000061080,Lsamp
ENSMUSG00000064367,mt-Nd5
ENSMUSG00000004231,Pax2
ENSMUSG00000074832,2410141K09Rik
ENSMUSG00000026321,Tnfrsf11a
ENSMUSG00000064310,Zpld1
ENSMUSG00000021510,Zfp729a
ENSMUSG00000027551,Zfp64
ENSMUSG00000021514,Zfp369
ENSMUSG00000005268,Prlr
ENSMUSG00000022148,Fyb
ENSMUSG00000029675,Eln
ENSMUSG00000020805,Slc13a5
ENSMUSG00000090744,Gm6871
ENSMUSG00000074863,Platr25
ENSMUSG00000029135,Fosl2
ENSMUSG00000071550,Cfap44
ENSMUSG00000020120,Plek
ENSMUSG00000090272,Mndal
ENSMUSG00000042869,Olfr1370
ENSMUSG00000042589,Cux2
ENSMUSG00000030303,Far2
ENSMUSG00000040003,Magi2
ENSMUSG00000068327,Tlx2
ENSMUSG00000056755,Grm7
ENSMUSG00000069833,Ahnak
ENSMUSG00000035551,Igfbpl1
ENSMUSG00000070034,Sp110
ENSMUSG00000060985,Tdrd5
ENSMUSG00000024621,Csf1r
ENSMUSG00000041258,Zfp236
ENSMUSG00000093910,Zfp853
ENSMUSG00000108379,A730082K24Rik
ENSMUSG00000037730,Mynn
ENSMUSG00000055633,Zfp580
ENSMUSG00000028389,Zfp37
ENSMUSG00000027168,Pax6
ENSMUSG00000041842,Fhdc1
ENSMUSG00000040600,Eps8l3
ENSMUSG00000043008,Klhl6
ENSMUSG00000110231,Gm6329
ENSMUSG00000058831,Opn1sw
ENSMUSG00000052131,Akr1b7
ENSMUSG00000021536,Adcy2
ENSMUSG00000041797,Abca9
ENSMUSG00000030772,Dkk3
ENSMUSG00000033579,Fa2h
ENSMUSG00000051351,Zfp46
ENSMUSG00000102439,Flg
ENSMUSG00000009471,Myod1
ENSMUSG00000029546,Uncx
ENSMUSG00000024986,Hhex
ENSMUSG00000038765,Lmx1b
ENSMUSG00000022324,Matn2
ENSMUSG00000030724,Cd19
ENSMUSG00000001065,Zfp276
ENSMUSG00000107180,Gm43638
ENSMUSG00000059456,Ptk2b
ENSMUSG00000021366,Hivep1
ENSMUSG00000001225,Slc26a3
ENSMUSG00000022479,Vdr
ENSMUSG00000090629,Olfr180
ENSMUSG00000024406,Pou5f1
ENSMUSG00000036972,Zic4
ENSMUSG00000111225,RP23-268C22.3
ENSMUSG00000067599,Klra7
ENSMUSG00000019947,Arid5b
ENSMUSG00000004552,Ctse
ENSMUSG00000041523,Upk2
ENSMUSG00000071158,Gm156
ENSMUSG00000018796,Acsl1
ENSMUSG00000030165,Klrd1
ENSMUSG00000061894,Zscan20
ENSMUSG00000017311,Pyy
ENSMUSG00000030699,Tbx6
ENSMUSG00000029088,Kcnip4
ENSMUSG00000030092,Cntn6
ENSMUSG00000032128,Robo3
ENSMUSG00000038253,Hoxa5
ENSMUSG00000001348,Acp5
ENSMUSG00000046259,Sprr2h
ENSMUSG00000030237,Slco1a4
ENSMUSG00000030796,Tead2
ENSMUSG00000007379,Dennd2c
ENSMUSG00000052353,Cemip
ENSMUSG00000037138,Aff3
ENSMUSG00000079466,Prdm12
ENSMUSG00000022797,Tfrc
ENSMUSG00000029830,Svopl
ENSMUSG00000047295,Smgc
ENSMUSG00000030428,Ttyh1
ENSMUSG00000048960,Prex2
ENSMUSG00000057835,Zfp119a
ENSMUSG00000050069,Grem2
ENSMUSG00000015942,Gtf2ird2
ENSMUSG00000002996,Hbp1
ENSMUSG00000035681,Kcnc2
ENSMUSG00000047371,Zfp768
ENSMUSG00000055874,Foxi3
ENSMUSG00000025461,Cd163l1
ENSMUSG00000095670,Vmn1r30
ENSMUSG00000066838,Zfp772
ENSMUSG00000022303,Dcstamp
ENSMUSG00000022123,Scel
ENSMUSG00000052270,Fpr2
ENSMUSG00000007812,Zfp655
ENSMUSG00000039191,Rbpj
ENSMUSG00000020057,Dram1
ENSMUSG00000051437,Ubqlnl
ENSMUSG00000076431,Sox4
ENSMUSG00000030616,Sytl2
ENSMUSG00000023132,Gzma
ENSMUSG00000093451,Vmn1r24
ENSMUSG00000002699,Lcp2
ENSMUSG00000042496,Prdm10
ENSMUSG00000028399,Ptprd
ENSMUSG00000061079,Zfp143
ENSMUSG00000037017,Zscan21
ENSMUSG00000034957,Cebpa
ENSMUSG00000041616,Nppa
ENSMUSG00000023284,Zfp605
ENSMUSG00000050994,Adgb
ENSMUSG00000049583,Grm5
ENSMUSG00000057406,Whsc1
ENSMUSG00000032238,Rora
ENSMUSG00000026185,Igfbp5
ENSMUSG00000026768,Itga8
ENSMUSG00000026430,Rassf5
ENSMUSG00000022321,Cdh10
ENSMUSG00000027104,Atf2
ENSMUSG00000031097,Tnni2
ENSMUSG00000063564,Col23a1
ENSMUSG00000074272,Ceacam1
ENSMUSG00000046709,Mapk10
ENSMUSG00000056296,Synpr
ENSMUSG00000045268,Zfp691
ENSMUSG00000027570,Col9a3
ENSMUSG00000055991,Zkscan5
ENSMUSG00000057551,Zfp317
ENSMUSG00000054690,Emcn
ENSMUSG00000078591,Hs3st4
ENSMUSG00000029646,Cdx2
ENSMUSG00000025991,Cps1
ENSMUSG00000095909,Gm10324
ENSMUSG00000071661,Zbtb3
ENSMUSG00000008136,Fhl2
ENSMUSG00000029644,Pdx1
ENSMUSG00000026573,Xcl1
ENSMUSG00000046711,Hmga1
ENSMUSG00000044312,Neurog3
ENSMUSG00000024014,Pim1
ENSMUSG00000031825,Crispld2
ENSMUSG00000064213,Defa24
ENSMUSG00000030607,Acan
ENSMUSG00000033016,Nfatc1
ENSMUSG00000071076,Jund
ENSMUSG00000018651,Tada2a
ENSMUSG00000040929,Rfx3
ENSMUSG00000040187,Arntl2
ENSMUSG00000043099,Hic1
ENSMUSG00000052374,Actn2
ENSMUSG00000024899,Papss2
ENSMUSG00000078249,Hmga1-rs1
ENSMUSG00000026641,Usf1
ENSMUSG00000021219,Rgs6
ENSMUSG00000053153,Spag16
ENSMUSG00000051839,Gypa
ENSMUSG00000095990,Zfp97
ENSMUSG00000027684,Mecom
ENSMUSG00000031626,Sorbs2
ENSMUSG00000022157,Mcpt8
ENSMUSG00000031734,Irx3
ENSMUSG00000036466,Megf11
ENSMUSG00000079110,Capn3
ENSMUSG00000021991,Cacna2d3
ENSMUSG00000029299,Abcg3
ENSMUSG00000071256,Zfp213
ENSMUSG00000034810,Scn7a
ENSMUSG00000020892,Aloxe3
ENSMUSG00000058388,Phtf1
ENSMUSG00000029697,Fezf1
ENSMUSG00000038630,Zkscan16
ENSMUSG00000091594,Gm17067
ENSMUSG00000018347,Zkscan6
ENSMUSG00000110103,Zscan4-ps1
ENSMUSG00000042351,Grap2
ENSMUSG00000055137,Sugct
ENSMUSG00000042507,Elmsan1
ENSMUSG00000085354,Gm2044
ENSMUSG00000071637,Cebpd
ENSMUSG00000021108,Prkch
ENSMUSG00000036330,Slc18a1
ENSMUSG00000038518,Jarid2
ENSMUSG00000022389,Tef
ENSMUSG00000019817,Plagl1
ENSMUSG00000045545,Krt14
ENSMUSG00000029373,Pf4
ENSMUSG00000051469,Zfp24
ENSMUSG00000100832,Gm29260
ENSMUSG00000039264,Gimap3
ENSMUSG00000021665,Hexb
ENSMUSG00000097333,Zfp87
ENSMUSG00000027790,Sis
ENSMUSG00000037001,Zfp39
ENSMUSG00000090164,BC035044
ENSMUSG00000059430,Actg2
ENSMUSG00000026822,Lcn2
ENSMUSG00000040136,Abcc8
ENSMUSG00000033191,Tie1
ENSMUSG00000040713,Creg1
ENSMUSG00000041737,Tmem45b
ENSMUSG00000056300,Zfp981
ENSMUSG00000039783,Kmo
ENSMUSG00000024365,Cyp21a1
ENSMUSG00000041445,Mmrn2
ENSMUSG00000072423,Psmb11
ENSMUSG00000039068,Zzz3
ENSMUSG00000010505,Myt1
ENSMUSG00000058881,Zfp516
ENSMUSG00000028186,Uox
ENSMUSG00000029193,Cckar
ENSMUSG00000030209,Grin2b
ENSMUSG00000067614,Krt86
ENSMUSG00000028525,Pde4b
ENSMUSG00000066897,Olfr872
ENSMUSG00000009394,Syn2
ENSMUSG00000069890,1700024J04Rik
ENSMUSG00000029919,Hpgds
ENSMUSG00000000942,Hoxa4
ENSMUSG00000045776,Lrtm1
ENSMUSG00000071521,Try10
ENSMUSG00000040433,Zbtb38
ENSMUSG00000027871,Hsd3b1
ENSMUSG00000095362,Gm14325
ENSMUSG00000026235,Epha4
ENSMUSG00000030287,Itpr2
ENSMUSG00000109446,Gm9195
ENSMUSG00000098590,Gm1113
ENSMUSG00000032087,Dscaml1
ENSMUSG00000034201,Gas2l1
ENSMUSG00000036617,Etl4
ENSMUSG00000060024,Vmn1r213
ENSMUSG00000074165,Zfp788
ENSMUSG00000032484,Ngp
ENSMUSG00000107614,Gm44196
ENSMUSG00000085484,Gm13539
ENSMUSG00000028717,Tal1
ENSMUSG00000020042,Btbd11
ENSMUSG00000027985,Lef1
ENSMUSG00000021743,Fezf2
ENSMUSG00000006720,Zfp184
ENSMUSG00000026395,Ptprc
ENSMUSG00000030413,Pglyrp1
ENSMUSG00000033972,Zfp944
ENSMUSG00000033278,Ptprm
ENSMUSG00000042124,Lce1f
ENSMUSG00000030199,Etv6
ENSMUSG00000031618,Nr3c2
ENSMUSG00000034998,Foxn2
ENSMUSG00000039153,Runx2
ENSMUSG00000026824,Kcnj3
ENSMUSG00000055210,Foxd2
ENSMUSG00000049744,Arhgap15
ENSMUSG00000027596,a
ENSMUSG00000055305,Zfp93
ENSMUSG00000001656,Hoxc11
ENSMUSG00000074529,Zfp972
ENSMUSG00000056508,1700001K19Rik
ENSMUSG00000028661,Epha8
ENSMUSG00000089857,Zfp882
ENSMUSG00000074472,Zfp872
ENSMUSG00000021109,Hif1a
ENSMUSG00000023802,Nox3
ENSMUSG00000006270,Vax1
ENSMUSG00000027855,Sycp1
ENSMUSG00000000263,Glra1
ENSMUSG00000023990,Tfeb
ENSMUSG00000022100,Xpo7
ENSMUSG00000050578,Mmp13
ENSMUSG00000096445,Dcpp1
ENSMUSG00000095339,Zscan4b
ENSMUSG00000022623,Shank3
ENSMUSG00000020581,Agr2
ENSMUSG00000022528,Hes1
ENSMUSG00000063060,Sox7
ENSMUSG00000029127,Zbtb49
ENSMUSG00000021186,Fbln5
ENSMUSG00000039759,Thap3
ENSMUSG00000015568,Lpl
ENSMUSG00000049577,Zfpm1
ENSMUSG00000019906,Lin7a
ENSMUSG00000020034,Tcp11l2
ENSMUSG00000002108,Nr1h3
ENSMUSG00000036480,Prss56
ENSMUSG00000024992,Pde6c
ENSMUSG00000025083,Afap1l2
ENSMUSG00000025969,Nrp2
ENSMUSG00000048939,Atp13a5
ENSMUSG00000032366,Tpm1
ENSMUSG00000048385,Scrt1
ENSMUSG00000040972,Igsf21
ENSMUSG00000106515,Gm30382
ENSMUSG00000024619,Cdx1
ENSMUSG00000032925,Itgbl1
ENSMUSG00000015243,Abca1
ENSMUSG00000041164,Zmiz2
ENSMUSG00000028644,Ermap
ENSMUSG00000071267,Zfp942
ENSMUSG00000071042,Rasgrp3
ENSMUSG00000090675,Olfr111
ENSMUSG00000021144,Mta1
ENSMUSG00000007891,Ctsd
ENSMUSG00000037953,A4gnt
ENSMUSG00000058886,Deaf1
ENSMUSG00000036731,Cysrt1
ENSMUSG00000100106,Gm28856
ENSMUSG00000027544,Nfatc2
ENSMUSG00000073197,5730507C01Rik
ENSMUSG00000040033,Stat2
ENSMUSG00000079157,Fam155a
ENSMUSG00000003283,Hck
ENSMUSG00000015597,Zfp318
ENSMUSG00000030064,Frmd4b
ENSMUSG00000034663,Bmp2k
ENSMUSG00000017817,Jph2
ENSMUSG00000045493,Bhlhe23
ENSMUSG00000034384,Barhl2
ENSMUSG00000109449,Olfr1280
ENSMUSG00000027249,F2
ENSMUSG00000043467,Zbtb37
ENSMUSG00000029212,Gabrb1
ENSMUSG00000046523,Kctd4
ENSMUSG00000094559,Cyp2d34
ENSMUSG00000043102,Qrfp
ENSMUSG00000090641,Zfp712
ENSMUSG00000035420,Fam170a
ENSMUSG00000041771,Slc24a4
ENSMUSG00000034035,Ccdc17
ENSMUSG00000089901,Gm8113
ENSMUSG00000059668,Krt4
ENSMUSG00000025105,Bnc1
ENSMUSG00000027398,Il1b
ENSMUSG00000018924,Alox15
ENSMUSG00000017688,Hnf4g
ENSMUSG00000015839,Nfe2l2
ENSMUSG00000008489,Elavl2
ENSMUSG00000063446,Plppr1
ENSMUSG00000024998,Plce1
ENSMUSG00000024561,Mbd1
ENSMUSG00000030838,Ush1c
ENSMUSG00000090523,Gypc
ENSMUSG00000029843,Slc13a4
ENSMUSG00000024979,Tectb
ENSMUSG00000068888,Lce1i
ENSMUSG00000000078,Klf6
ENSMUSG00000032878,Ccdc85a
ENSMUSG00000066392,Nrxn3
ENSMUSG00000026028,Trak2
ENSMUSG00000033788,Dysf
ENSMUSG00000024610,Cd74
ENSMUSG00000033227,Wnt6
ENSMUSG00000022974,Paxbp1
ENSMUSG00000035258,Abi3bp
ENSMUSG00000094786,Gm14403
ENSMUSG00000006587,Snai3
ENSMUSG00000016831,Tox4
ENSMUSG00000000247,Lhx2
ENSMUSG00000041134,Cyyr1
ENSMUSG00000086892,4933430M04Rik
ENSMUSG00000030513,Pcsk6
ENSMUSG00000024659,Anxa1
ENSMUSG00000053702,Nebl
ENSMUSG00000023927,Satb1
ENSMUSG00000079346,1700013D24Rik
ENSMUSG00000045519,Zfp560
ENSMUSG00000026077,Npas2
ENSMUSG00000036961,Wnt8b
ENSMUSG00000030159,Clec1b
ENSMUSG00000058331,Zfp85
ENSMUSG00000062257,Opcml
ENSMUSG00000037447,Arid5a
ENSMUSG00000053399,Adamts18
ENSMUSG00000044103,Il1f9
ENSMUSG00000001418,Glmp
ENSMUSG00000074637,Sox2
ENSMUSG00000030549,Rhcg
ENSMUSG00000001103,Sebox
ENSMUSG00000055435,Maf
ENSMUSG00000027777,Schip1
ENSMUSG00000039131,Gipc2
ENSMUSG00000031027,Stk33
ENSMUSG00000042453,Reln
ENSMUSG00000027965,Olfm3
ENSMUSG00000033860,Fgg
ENSMUSG00000025025,Mxi1
ENSMUSG00000025429,Pstpip2
ENSMUSG00000005611,Mrvi1
ENSMUSG00000022523,Fgf12
ENSMUSG00000014329,Bicc1
ENSMUSG00000038128,Camk4
ENSMUSG00000070990,Foxe1
ENSMUSG00000024032,Tff1
ENSMUSG00000097023,Mir9-3hg
ENSMUSG00000029282,Amtn
ENSMUSG00000070821,Olfr1340
ENSMUSG00000074677,Sirpb1c
ENSMUSG00000099957,2610027F03Rik
ENSMUSG00000075604,Cyp11b1
ENSMUSG00000035799,Twist1
ENSMUSG00000000184,Ccnd2
ENSMUSG00000063672,Nkx6-3
ENSMUSG00000048391,Olfr843
ENSMUSG00000020101,Vsir
ENSMUSG00000027217,Tspan18
ENSMUSG00000086147,Zfp989
ENSMUSG00000070023,Gm10283
ENSMUSG00000051331,Cacna1c
ENSMUSG00000030256,Bhlhe41
ENSMUSG00000029178,Klf3
ENSMUSG00000003198,Zfp959
ENSMUSG00000038797,Zscan2
ENSMUSG00000045302,Preb
ENSMUSG00000037509,Arhgef4
ENSMUSG00000034488,Edil3
ENSMUSG00000039159,Ube2h
ENSMUSG00000015484,Fam163a
ENSMUSG00000069441,Dsg1a
ENSMUSG00000027938,Creb3l4
ENSMUSG00000020953,Coch
ENSMUSG00000040127,Sdr9c7
ENSMUSG00000035158,Mitf
ENSMUSG00000028356,Ambp
ENSMUSG00000056025,Clca3a1
ENSMUSG00000067929,Gm10226
ENSMUSG00000050605,Zfp61
ENSMUSG00000050028,Olfr745
ENSMUSG00000046962,Zbtb21
ENSMUSG00000058638,Zfp110
ENSMUSG00000036098,Myrf
ENSMUSG00000056293,Gsdmc2
ENSMUSG00000032289,Thsd4
ENSMUSG00000026874,Hc
ENSMUSG00000026222,Sp100
ENSMUSG00000066952,Myo1h
ENSMUSG00000009734,Pou6f2
ENSMUSG00000014030,Pax5
ENSMUSG00000056370,Sftpb
ENSMUSG00000028864,Hgf
ENSMUSG00000071562,Stfa1
ENSMUSG00000035566,Pcdh17
ENSMUSG00000026938,Fcna
ENSMUSG00000044772,Sntn
ENSMUSG00000026788,Zbtb43
ENSMUSG00000025716,Myo3a
ENSMUSG00000059898,Dsc3
ENSMUSG00000060314,Zfp941
ENSMUSG00000049728,Zfp668
ENSMUSG00000020620,Abca8b
ENSMUSG00000024985,Tcf7l2
ENSMUSG00000030325,Klrb1c
ENSMUSG00000030823,9130019O22Rik
ENSMUSG00000041272,Tox
ENSMUSG00000074397,Foxr1
ENSMUSG00000021779,Thrb
ENSMUSG00000030393,Zik1
ENSMUSG00000050840,Cdh20
ENSMUSG00000038349,Plcl1
ENSMUSG00000055917,Zfp277
ENSMUSG00000022425,Enpp2
ENSMUSG00000104818,Gm43661
ENSMUSG00000041911,Dlx1
ENSMUSG00000092109,Gm9376
ENSMUSG00000048118,Arid4a
ENSMUSG00000045515,Pou3f3
ENSMUSG00000038692,Hoxb4
ENSMUSG00000055978,Fut2
ENSMUSG00000000435,Myf5
ENSMUSG00000019913,Sim1
ENSMUSG00000074652,Myh7b
ENSMUSG00000043635,Adamts3
ENSMUSG00000049265,Kcnk3
ENSMUSG00000029167,Ppargc1a
ENSMUSG00000032204,Aqp9
ENSMUSG00000054715,Zscan22
ENSMUSG00000049657,Zbtb5
ENSMUSG00000078864,Gm14322
ENSMUSG00000109398,Gm3854
ENSMUSG00000085047,Gm13026
ENSMUSG00000030592,Ryr1
ENSMUSG00000106245,Gm43824
ENSMUSG00000022057,Adamdec1
ENSMUSG00000027947,Il6ra
ENSMUSG00000095028,Sirpb1b
ENSMUSG00000049214,Skint7
ENSMUSG00000032122,Slc37a2
ENSMUSG00000006777,Krt23
ENSMUSG00000033590,Myo5c
ENSMUSG00000045404,Kcnk13
ENSMUSG00000068890,Lce1a2
ENSMUSG00000039841,Zfp800
ENSMUSG00000071392,Ect2l
ENSMUSG00000030695,Aldoa
ENSMUSG00000058756,Thra
ENSMUSG00000025323,Sp4
ENSMUSG00000052217,Hbb-bh1
ENSMUSG00000015090,Ptgds
ENSMUSG00000042757,Tmem108
ENSMUSG00000067610,Klri1
ENSMUSG00000027361,Gabpb1
ENSMUSG00000001870,Ltbp1
ENSMUSG00000004415,Col26a1
ENSMUSG00000108419,Gm45020
ENSMUSG00000002985,Apoe
ENSMUSG00000073408,Dpcr1
ENSMUSG00000095325,Zfp870
ENSMUSG00000063296,Tmem117
ENSMUSG00000015968,Cacna1d
ENSMUSG00000024300,Myo1f
ENSMUSG00000030753,Prkrir
ENSMUSG00000047143,Dmrta2
ENSMUSG00000029468,P2rx7
ENSMUSG00000021221,Dpf3
ENSMUSG00000002393,Nr2f6
ENSMUSG00000015882,Lcorl
ENSMUSG00000026987,Baz2b
ENSMUSG00000097207,6030443J06Rik
ENSMUSG00000026491,Ahctf1
ENSMUSG00000026818,Cel
ENSMUSG00000092586,Ly6g6c
ENSMUSG00000027204,Fbn1
ENSMUSG00000073530,Pappa2
ENSMUSG00000034359,Skint2
ENSMUSG00000022372,Sla
ENSMUSG00000036898,Zfp157
ENSMUSG00000026976,Pax8
ENSMUSG00000068874,Selenbp1
ENSMUSG00000040321,Zfp770
ENSMUSG00000034898,Filip1
ENSMUSG00000029313,Aff1
ENSMUSG00000020865,Abcc3
ENSMUSG00000064246,Chil1
ENSMUSG00000014599,Csf1
ENSMUSG00000104301,Wdr49
ENSMUSG00000096696,Zfp960
ENSMUSG00000019826,Zbtb24
ENSMUSG00000032572,Col6a4
ENSMUSG00000036158,Prickle1
ENSMUSG00000004698,Hdac9
ENSMUSG00000006386,Tek
ENSMUSG00000040264,Gbp2b
ENSMUSG00000000049,Apoh
ENSMUSG00000046500,Fam19a4
ENSMUSG00000037171,Nodal
ENSMUSG00000038059,Smim3
ENSMUSG00000037469,Acp7
ENSMUSG00000091415,Ak9
ENSMUSG00000028031,Dkk2
ENSMUSG00000045331,2310079G19Rik
ENSMUSG00000037990,Sh3rf3
ENSMUSG00000059654,Reg1
ENSMUSG00000066772,Obox3
ENSMUSG00000075104,Olfr1219
ENSMUSG00000015437,Gzmb
ENSMUSG00000070495,Ctcfl
ENSMUSG00000039977,Ccdc67
ENSMUSG00000096141,Dnah7a
ENSMUSG00000037287,Tbcel
ENSMUSG00000026787,Gad2
ENSMUSG00000020673,Tpo
ENSMUSG00000022895,Ets2
ENSMUSG00000048251,Bcl11b
ENSMUSG00000064293,Cntn4
ENSMUSG00000012396,Nanog
ENSMUSG00000056632,Dsg3
ENSMUSG00000039115,Itga9
ENSMUSG00000022961,Son
ENSMUSG00000031981,Capn9
ENSMUSG00000016756,Cmah
ENSMUSG00000058579,Cela2a
ENSMUSG00000022676,Snai2
ENSMUSG00000012350,Ehf
ENSMUSG00000062751,Prss1
ENSMUSG00000036523,Greb1
ENSMUSG00000044748,Defb1
ENSMUSG00000056493,Foxk1
ENSMUSG00000023993,Treml1
ENSMUSG00000020875,Hoxb9
ENSMUSG00000036442,Thap11
ENSMUSG00000111840,RP24-216P6.3
ENSMUSG00000058662,Olfr69
ENSMUSG00000072763,5430403G16Rik
ENSMUSG00000022738,Gsc2
ENSMUSG00000045440,Insm2
ENSMUSG00000064280,Ccdc146
ENSMUSG00000089844,A530032D15Rik
ENSMUSG00000035653,Lrfn5
ENSMUSG00000026577,Blzf1
ENSMUSG00000052516,Robo2
ENSMUSG00000031681,Smad1
ENSMUSG00000071302,2610044O15Rik8
ENSMUSG00000036856,Wnt4
ENSMUSG00000005220,Corin
ENSMUSG00000071281,Zfp65
ENSMUSG00000039519,Cyp7b1
ENSMUSG00000052544,St6galnac3
ENSMUSG00000022799,Arhgap31
ENSMUSG00000037235,Mxd4
ENSMUSG00000074220,Zfp382
ENSMUSG00000002578,Ikzf4
ENSMUSG00000022508,Bcl6
ENSMUSG00000015829,Tnr
ENSMUSG00000029736,Nobox
ENSMUSG00000052675,Zfp112
ENSMUSG00000073423,Zfp414
ENSMUSG00000013936,Myl2
ENSMUSG00000030160,Tmem52b
ENSMUSG00000095620,2010005H15Rik
ENSMUSG00000021469,Msx2
ENSMUSG00000046714,Foxc2
ENSMUSG00000040412,5330417C22Rik
ENSMUSG00000002603,Tgfb1
ENSMUSG00000024076,Vit
ENSMUSG00000090093,Gm14399
ENSMUSG00000063873,Slc24a3
ENSMUSG00000036721,Zscan12
ENSMUSG00000086254,3100003L05Rik
ENSMUSG00000066097,Cyp2j11
ENSMUSG00000036353,P2ry12
ENSMUSG00000029188,Slc34a2
ENSMUSG00000000093,Tbx2
ENSMUSG00000094870,Zfp131
ENSMUSG00000074221,Zfp568
ENSMUSG00000038507,Parp12
ENSMUSG00000039579,Grin3a
ENSMUSG00000029112,Nkx1-1
ENSMUSG00000034098,Fstl5
ENSMUSG00000021314,Amph
ENSMUSG00000045761,Fam179a
ENSMUSG00000033910,Gucy1a3
ENSMUSG00000022076,Klhl1
ENSMUSG00000058239,Usf2
ENSMUSG00000039476,Prrx2
ENSMUSG00000027375,Mal
ENSMUSG00000014351,Gip
ENSMUSG00000038418,Egr1
ENSMUSG00000060862,Zbtb40
ENSMUSG00000072762,4930522L14Rik
ENSMUSG00000026193,Fn1
ENSMUSG00000032033,Barx2
ENSMUSG00000042228,Lyn
ENSMUSG00000047129,1700113H08Rik
ENSMUSG00000052713,Zfp608
ENSMUSG00000042508,Dmtf1
ENSMUSG00000000440,Pparg
ENSMUSG00000021540,Smad5
ENSMUSG00000019122,Ccl9
ENSMUSG00000001763,Tspan33
ENSMUSG00000027210,Meis2
ENSMUSG00000026390,Marco
ENSMUSG00000056459,Zbtb25
ENSMUSG00000052861,Dnah6
