,Gli2_Gli3,Gli2_Gli1_Gli3,Gli3,Gli1_Gli3,Gli2_Gli1,Gli2,Gli1
Col11a1,0.6341109991693304,0.6999219257609948,0.17710660168190553,0.24680803699743287,0.5137101707441696,0.4478992441525052,0.06940110485697802
Fmod,0.0,0.0,0.0,0.0,0.0,0.0,0.0
Slc7a1,0.01727871361443681,0.08457406618225237,0.16541750618182194,0.23403493356662056,0.07547656332097391,0.14266064913330412,0.0687090673566311
Pitx2,0.40969995766608236,0.3592080622260331,0.17065625009147561,0.12057696596585613,0.18391877584012575,0.23819490896467188,0.053179770890514656
Itga2,1.876990098468917,1.6590267483098453,1.2547615077082828,1.0239304814041053,0.39974759604186744,0.619677929810641,0.22652912894660296
Tgfb2,0.16761696294949438,0.13578757989845727,0.05345468760927033,0.020891679371162424,0.06891086339286963,0.10413326433276922,0.034697195686532296
Mybl2,0.04485326413842548,0.05556827767846509,0.06299636720918077,0.07405183478347672,0.007217624363090154,0.019746330663598405,0.011464013744711484
Col4a2,1.348211991963224,1.2932673810840691,0.11964720617482663,0.18583430916199853,1.3818226430981235,1.4445902823696108,0.07362648267468956
C3ar1,0.029027189753690064,0.029027189753690064,0.004256369541138848,0.004256369541138848,0.02614499590726212,0.02614499590726212,0.0
Sgms2,0.5601374391593962,0.5699998850772717,0.09979578953207978,0.11146823833626066,0.5051261854565228,0.4889764133434794,0.018391250878542143
Timp3,0.12528372429897391,0.2600963820153488,0.17047695931293655,0.037285410074117106,0.4029433880238216,0.2593846798669699,0.1424437116622939
Lgals3,0.2785098383297102,0.27419802584127523,0.02158413651071473,0.02941926048296728,0.27891035818909987,0.2862823796040276,0.009174353222667086
Nrp1,1.6439058030333944,1.4410000630630626,1.4825800572790286,1.6797292232279635,2.7688332249864605,2.9831921122309835,0.19809188133402675
Comp,0.04264190385705096,0.07446262279120001,0.03481395429600144,0.06852302416562597,0.0306555655026247,0.0017544251136085757,0.03332738114968003
Xbp1,0.0,0.0,0.0,0.0,0.0,0.0,0.0
Sgcd,19.109661901758734,19.872473942818015,10.162964310319365,10.93598642688857,9.722139946001587,8.929434742865165,0.7991261404466491
Cd38,0.17716116228340248,0.2297013195955352,0.12164448728855745,0.17294833714038824,0.11553912254187013,0.0621493715017129,0.053055771427600755
Nkx6-1,1.583019675812162,1.4546583879926898,1.2945690847493847,1.1693960684684135,0.1764364079421119,0.2997158214879154,0.12975255008557124
E2f1,0.033026887268946585,0.020519059006754728,0.04188396343565003,0.027689306765931496,0.022317697361349188,0.008132761487282552,0.015570373944385535
Hey2,0.32280242417363425,0.24475561567186208,0.1335178526480008,0.05283941898491524,0.12494289849340921,0.19883529892555607,0.07753674701837418
Il15,1.4249274850018356,1.1228191231510314,3.105643903127002,2.7996885406650445,1.9169060712734256,1.5854176712326302,0.32237769556571205
Ereg,0.03406234310515424,0.20023921849424367,0.4826470266672586,0.6863744032495068,0.21645070634096233,0.4511165778944587,0.2070152569021997
Lyar,0.09442943270828387,0.09727314028008545,0.046072283408497505,0.04845618561595063,0.053372542131497745,0.05081886541656776,0.0024617156420602897
Sntb1,2.3746486373201483,1.4787142221689964,2.5765885100340453,1.6102284392054886,0.9815924235684592,0.11166119912405263,0.9085856101692016
Tpm2,0.012148060778996318,0.012134607922496524,0.005065055092521454,0.005313935646214701,0.018477698376141546,0.018544962658640515,0.00012780351805604284
Junb,0.0018580715090071368,0.002324971599394905,0.002143928644563569,0.002601300138188057,0.0009528571952556371,0.0005050143111834617,0.0004573714552573898
Ptch1,2.163659612324587,1.1579136023571244,1.4502442585937916,0.4240220772938715,0.3512002842659079,0.6846840070599617,1.0556647633473348
Msr1,0.1133939101236785,0.12199966369777088,0.05504596234133806,0.06452066427223534,0.06445629791926645,0.05791025727327866,0.007974970399045472
Fbn2,0.2121040679070788,0.5656081182793623,0.25135490480756667,0.6087454239974149,0.3535204685650196,0.0032373519260980063,0.3551309402565263
Sele,2.9988044877613014,3.98996339966623,4.3746002730664335,5.425389308635556,0.2311130513263388,1.2396081449016354,1.0606690269769534
Lama1,0.6670307663800262,0.2793311966838468,0.1650641777216545,0.24101038356747262,0.12105742462820242,0.5172572558008661,0.40962521703920773
Nfya,0.3271265058211166,0.33868766673356765,0.2283851766991258,0.2389159552945278,0.11142891674638625,0.09979790536492035,0.010417262793344867
Hey1,0.0,0.0,0.0,0.0,0.0,0.0,0.0
Vav3,1.6011014731051803,1.4672724310346117,1.1054579481162043,0.9664970291257784,0.37177895798922267,0.4997062638734221,0.1346558344980157
Has2,0.38992816907759714,0.5259405044802674,0.03588793596231344,0.1526507276569445,0.4655183104679997,0.34263309317925006,0.10603294584051556
E2f2,0.014438518767004648,0.03638948731636591,0.006253166271806674,0.01748098882188723,0.04585815682903503,0.023440962114406716,0.02367647822517825
Ccr7,9.4618151677131e-05,0.004753746595675957,0.027360960294388642,0.031126110105666294,0.01693338630310903,0.019687101369156596,0.002900535793485138
Vcan,2.293082742855069,2.7623483050487976,1.6235864828003106,2.0924924456194782,1.107483694325066,0.6272415009056586,0.48534419113361593
Igfbp1,0.0,0.0,0.0,0.0,0.0,0.0,0.0
Atf4,0.0,0.0,0.0,0.0,0.0,0.0,0.0
Egfr,2.7185175685896423,2.662721268149224,0.35749518563884136,0.2874722513715997,2.2272880667032187,2.2672336745627066,0.05929128243985394
Arid4b,0.036191704591978395,0.04811515487334616,0.016522494831238004,0.028777649830926656,0.03263259871184795,0.01948991019755455,0.013106829804918153
Prkcb,1.1286600723466524,1.044346735052553,0.43380492917754876,0.356642797716374,0.5384251739626906,0.61984046519006,0.07051128337392915
Postn,0.22428340091449017,0.26722622203201624,0.5245856111322243,0.5709324186833583,0.2876145409153944,0.33358049458128675,0.04664437710557117
Cap2,0.03847415394362078,0.11888430891879502,0.07087633060501865,0.23737480951846537,0.06144324925574376,0.09564046047209304,0.16628783525333968
Cdh1,0.1788681314083613,0.2727823221004276,0.12162755241081466,0.21489251836048917,0.17847661302944695,0.07990883461953706,0.09923681853202958
Thbs1,0.014043420351155913,0.015962825964694623,0.02180389440950793,0.023978760487402603,0.006400319669032831,0.007870943636185209,0.00175370147846001
Lama2,2.102935792409177,2.2605816187142835,2.000397238465583,2.182350377848742,0.22871277512573535,0.054787442542485014,0.19253963302849764
Klf10,0.08018796060595583,0.0693068587704542,0.02537665269688694,0.03764502370454644,0.09145598316077255,0.10111968500167007,0.01100378484892587
Slc1a2,0.12393747248130635,0.40016008440750017,0.02844669557972041,0.2452011048297626,0.38490928292368154,0.10883522690190628,0.27608644433395
Vcam1,0.6064593544873942,0.6058087608916416,0.15722412940779312,0.16053848179472388,0.4482721540440623,0.4491634930533449,0.0014343397222713057
Sell,0.00609571559108946,0.00229773087812299,0.01800304575053285,0.02191068331612023,0.014553957645384539,0.018596169154298084,0.004156849275406684
Mxd3,0.023199636977344822,0.027711816829445884,0.011995366576904629,0.016712645656194357,0.015821929821387755,0.011151530419388852,0.004559059686694365
Unc5c,6.323297262852111,5.1116149303075105,3.5410110869560056,2.332087143497939,1.5308709365825641,2.727735308566966,1.1972887509463606
Vip,1.0451921092110674,1.1013415164700253,1.084175783571638,1.1371261608443628,0.1021971429453766,0.15982999836922396,0.04594683345008823
Igfbp2,0.014931365530729664,0.04151064515019679,0.00036241177480912965,0.026811223324619427,0.041931042887775556,0.015699678218010812,0.026296598570827428
Ecm1,0.0006744843053535869,0.0008415584161032421,1.8563788053111053e-05,0.0001980137381258115,0.0006992360039323925,0.000680672209235043,3.0939646478341816e-05
Thy1,0.07955562269139088,0.07570395834188827,0.11304602454825076,0.10955857780880365,0.03290763754861645,0.02982994509201194,0.0029228975891717065
Smad2,0.00594777304536231,0.0021538241085151707,0.012186436102111354,0.0042828916777581565,0.01257016298001372,0.005465019179677579,0.006709038445124276
Adgre1,1.1428893353815714,1.1295241597201096,0.422156559656048,0.4109495667284059,0.6978015116328156,0.713919392084759,0.013924044269326537
Il2rb,0.045169188394553764,0.05911009510882188,0.02455982876170281,0.1288799249590151,0.03415032192848951,0.07069215019625255,0.10492409137780627
Pmp22,0.008305172741346277,0.004746880754890652,0.0022276700899170744,0.0004111471697344618,0.0011960644919487406,0.0048664874147851655,0.0026836697596203073
Shh,0.1608972155546282,0.19780481286788093,0.1612074289316239,0.1952726494592713,0.0510184774388951,0.015856704232198166,0.033242809407294724
Il18r1,0.04616485777560188,0.09705447886913514,0.009533893823448257,0.06303900493313339,0.10500642262333683,0.05759709334300658,0.05365979309451919
Olr1,1.9959734380600187,2.06136915413764,0.48272100944369367,0.5361206054506175,1.5724722793226547,1.5148038486080615,0.04653196835536113
Ctcf,0.046417415720793276,0.07397044408827662,0.038096367822649725,0.06663522632476798,0.03226495040048136,0.0039600172368930734,0.029207215611027505
Dapp1,0.3996049921812218,0.48257135309405064,0.163808304457952,0.08275965417974036,0.6469480717841827,0.568856356113366,0.07528406994454263
Slc7a5,0.24698695783443148,0.2698288254596193,0.07860814713944983,0.10072488572418994,0.1804978861511841,0.15711601174213202,0.023243018480025083
Tgfbr3,0.4490089049599512,0.38784036560525254,0.3128404022934527,0.3833232822951551,0.6655965024404991,0.7326625323956807,0.07351021601278511
Foxn3,0.6615672633087036,0.9281440348689863,0.22551479790992376,0.4879541157146121,0.675480989793697,0.40550842909051216,0.26382443107911907
Eng,0.30214440434385376,0.31075909732536033,0.05242412220119768,0.05604340227411484,0.26109229065543177,0.252906050955414,0.002908530555711916
Aplnr,0.00828638654371198,0.0061476820617549395,0.008166759833934919,0.005715856237793236,0.0014442822245467654,0.00011087419135505287,0.0019198741338036526
Zbtb17,0.008580801604177362,0.010330084464342108,0.009450267610355572,0.011365163167166672,0.0007763089663383412,0.0012420943391950512,0.002111560362738997
Cdkn1c,0.0,0.0,0.0,0.0,0.0,0.0,0.0
Heyl,0.006412746486943014,0.006134481221962389,0.008670488623679553,0.008670488623679553,0.004970827133404918,0.005192174466622245,0.00044269453062333156
Cxcl12,0.047855232826187186,0.05000908792610038,0.04735390328087423,0.049625355646102536,0.0025066436976395484,0.004456255425550031,0.0023581018362761105
Atf1,0.0215154485812447,0.021437154489753158,0.0073597242026130875,0.00786081177380043,0.027442375934852128,0.026847334797089388,1.5658987748979195e-05
Ccl22,0.10626584008362375,0.5209274068148205,0.0910230926014495,0.5094384174210292,0.39872830684092214,0.014691807805087082,0.38751845975411564
Tnc,6.8049732328174795,7.032727318413022,3.6031657117444356,3.887486308398362,3.1777718367199164,2.927290300320925,0.29440588310627924
Prkca,1.6217747644026166,1.8528803888803826,0.7086991882448984,0.9346535918923302,1.1680773197586451,0.9364565371879133,0.2251244707320152
Atf5,0.018572131091344875,0.03037226457221876,0.09083341773208613,0.10410130151897762,0.05624681858962297,0.06655740421196668,0.011160717477007658
Spp1,0.441982407924594,0.03660092117976695,0.18311451422089597,0.2910330556148923,0.18124599687724813,0.29794183642829475,0.46657144875488654
Smad6,0.041241896121784305,0.005071299802188713,0.000330736933385979,0.03623574144358824,0.0007616972094723023,0.03676191321088231,0.03777416717971065
Ntm,7.344312071900417,5.950710584462346,9.803760993089384,8.465322794269294,3.652881121418329,2.2854096893536084,1.3181147697998736
Trp53,0.015240872095965908,0.01804548833711955,0.0011716651619303202,0.003782540961822932,0.01779639423586661,0.014309075889635056,0.002952227084604156
Cav1,0.05374191884662901,0.04156216330681768,0.10723731365938778,0.09371709066484353,0.06733917930926948,0.05972009047831164,0.010361651646919514
Cdh6,4.551038626145791,2.7689886930588545,3.392627842848851,1.6359333910264646,0.6806133520008727,1.1170673730687743,1.7814455332459778
Ifitm1,0.010168343028190238,0.12099977947354834,0.01665383671356341,0.12822534747022304,0.10438535422237624,0.005587771643683797,0.11102849728385704
Vegfc,0.11187613510922699,0.0737273117100208,0.09518646124352897,0.06009822943229611,0.021494169701360127,0.016913789309768282,0.0346049807552404
Slc2a1,0.029041305145706776,0.05482732254994268,0.030110041668145626,0.000588896154579416,0.08334516498382785,0.05883508862577088,0.02837607120653195
Krt18,0.03333229177992307,0.019292786413991472,0.0055828458276541105,0.008285286079364424,0.015515960405282232,0.026332313277443904,0.009616731936265778
Meis1,0.37775297368426236,0.5425575505966224,0.35533626988430783,0.5283555614523131,0.17119037964576428,0.007356435595194109,0.169984749853631
Wnt2,0.0971666353635624,0.12435072119972301,0.10165823843123123,0.12854191477794277,0.022809723367691614,0.008975878671646134,0.028568939889641168
Fbln2,0.18582159668792642,0.25423418497551836,0.02293764339387541,0.04413309190466868,0.2770532236771569,0.2100417939585951,0.067945538748032
Tfdp1,0.007688019774033128,0.025209349293174452,0.008756286810448774,0.026619111786239377,0.01716232211909837,0.0008055783806850426,0.018020438342578184
Egr3,0.0,0.0,0.0,0.0,0.0,0.0,0.0
Ly6e,0.0,0.0017089602046339446,0.0,0.0016911585196581259,0.0016822576921033383,0.0,0.001673356834682307
E2f8,0.03489277217821355,0.06147774219883085,0.007611253460442397,0.0345227304089562,0.04563849818431158,0.020214444444336236,0.02472024842438913
Jun,0.0,0.0,0.0,0.0,0.0,0.0,0.0
Col3a1,0.5592602848822589,0.5231068738902598,0.15595654568069084,0.11720437602863665,0.37561007880507036,0.4114554553947526,0.03486589292128356
Nrcam,5.688247205923093,6.018175151994013,1.7179250774947037,2.0529922046385365,4.314702160496051,3.9763130364103607,0.344607171152343
Ros1,0.6894662556302997,0.617677212385541,0.12947112349638246,0.056365623581381925,0.4976548720585533,0.5727545242612313,0.0745855256678522
Spock1,2.6189521870792674,2.3822138386243323,2.121334000980123,1.8776017955777966,0.2273850990029759,0.4842624346681721,0.2557819034309331
Ssrp1,0.03201168378418794,0.03396926660217104,0.0095798629249681,0.012067034204500336,0.02361393692676335,0.02174146612928241,0.0022602045693528344
Slamf1,0.0455579019886974,0.045636562262220404,0.016348403688964997,0.016453285813281912,0.01766597690752703,0.017606982142289663,6.555093706252558e-05
Atf3,0.04263234546002579,0.03977285874975811,0.040457613251931604,0.043215655859339834,0.08559438936024893,0.08681807033927542,0.0016865264210965067
Cxcr6,0.0,0.0,0.0,0.0,0.0,0.0,0.0
Id3,0.02790308790888523,0.08537671788302682,0.019640653635343945,0.07740822469215274,0.062443917092146625,0.008722053410667285,0.05432043488081815
Col1a2,0.5411865488021682,0.6143263380181114,0.01491549867109374,0.0896467594211178,0.6062996533987929,0.5311378174236762,0.07490809206705498
Myc,0.002313830492577901,0.018999030503151885,0.003434717142685822,0.018750834151993294,0.021368905478678056,0.0019695580998549517,0.019239220069766805
Fap,0.1153580707702716,0.13250858721918557,0.30490629150131693,0.324154830261625,0.1656973401253952,0.1880762805379965,0.025689149817027686
Lamp3,0.0,0.0,0.0,0.0,0.0,0.0,0.0
Clu,0.07330053228612202,0.08308552619243549,0.03578104061416027,0.04528043166217018,0.04228781283528297,0.03327891334465266,0.008779176050249476
Cdkn1a,0.00861492120246111,0.0029957416534944262,0.0008744794728035943,0.010692892382273174,0.004294473422985914,0.0074633791962039776,0.01179248567555174
Plg,0.15378520092256787,0.15744931010661056,0.029387126826718582,0.03227549791050985,0.13048016127990728,0.12753401838822218,0.002335455406285074
Col5a2,0.237933760042216,0.22348657379607137,0.1772809932581816,0.16266433750943946,0.039528526205293374,0.05344612629764082,0.015214033968392607
Cebpb,0.1689665340695788,0.25277867792708314,0.1146021065415359,0.039876457783308145,0.3596771970451189,0.28354423613194074,0.06409355702533681
Gli1,0.06115266128513271,0.0,0.005417089776297263,0.0,0.0,0.060441445729154844,0.0
Acta2,0.019090158650363252,0.016011671598301445,0.011553173170521609,0.009607002840248813,0.0071300592692600155,0.008881612329041427,0.0010703935035519584
Irf7,0.01345423324864095,0.021301449993455082,0.013962184767006443,0.003978962417615121,0.046432081631374446,0.0380899360807453,0.01013951622692636
Gpx1,0.0,0.0,0.0,0.0,0.0,0.0,0.0
Ncor2,0.19514708096622013,0.23209385100957225,0.12298753846975184,0.08506900499247629,0.3448776688265459,0.31132263058776444,0.03484122985562834
Nedd9,0.042973125679570505,0.0692547515447174,0.0007752883516921118,0.1157981142256008,0.0683687046287154,0.04391128875882777,0.11553751154851767
Col6a2,0.014084445709787393,0.05746795097226969,0.03404363005204133,0.008454932305782002,0.08036983233196258,0.03635727481285966,0.04362872834440791
Khsrp,0.05657647636986981,0.02228879285328334,0.00918355825147941,0.02461841198916631,0.011423231356308981,0.04539610029338147,0.034719427242304444
Prf1,0.0,0.0,0.0,0.0,0.0,0.0,0.0
Rela,0.0445848189540716,0.04195656876315251,0.06265954808619893,0.060692031513787006,0.02062222192442543,0.01772233737624501,0.0024740795059459276
Lox,0.002011750172481602,0.002483992027657904,0.0020306398948599057,0.0024367678484785962,0.0009917078261486862,0.0004061279726336586,0.0006044695315250733
Col1a1,0.02292040826684051,0.016908215799640483,0.010060517245744503,0.0037468535876182133,0.007364505566576196,0.013066614057383812,0.005788242703901338
Hmox1,0.06474122491228983,0.3203293945239238,0.032639584324728105,0.2888758686288431,0.2839954922535155,0.027966602284869482,0.2558927821078638
Ncl,0.00021737990103785343,0.0025650827921293454,0.0027172487173852985,6.521397031135602e-05,0.00591273333011179,0.0030759255021275862,0.002978104693453491
Col4a1,0.14432085586996737,0.16049098759616615,1.024909697147024,1.0114128150373527,1.1639014385403863,1.1460594191691513,0.014019342250807632
Col6a3,0.02575830434052967,0.07055574618905619,0.1976562886989759,0.29291460009444614,0.12206340500252326,0.2184490298556079,0.09582196812427743
Mylk,0.285879213684917,0.4870478795388122,0.17930252782939474,0.009439171449178423,0.6840436589053853,0.47703283995295875,0.19460883844858012
Il7r,0.0,0.006165226599250999,0.0,0.0053968781973172866,0.005667336836909972,0.0,0.0048989886989787195
Smarcc1,0.007069239785584515,0.00027996989540502733,0.009653128797446491,0.0018314696549714365,0.008095796297068275,0.0020064509007599344,0.006730942775631131
Tacr1,0.27949322962344597,0.27786507560279056,1.2130427380483897,1.1929031933569332,0.9464508217402878,0.9390179472713062,0.02125444023246245
Slit1,0.9627523001395959,0.9192173505211558,0.5349168934518637,0.5013954557546326,0.39555603922676413,0.43576336952120154,0.033766792781361576
Gp1ba,0.08008489346030155,0.12317733054408231,0.025265595640381167,0.015400940426504658,0.14067199261579832,0.09942162851261621,0.03870367161919049
Tcf7,0.015258385773406498,0.004714121658787014,0.02023474108464188,0.0019759059418258972,0.024826893736003247,0.004769007753054729,0.019929817338292494
Plcb1,4.6698476131316315,5.136499233785327,3.314550579365832,3.76821387082031,1.8098880251188234,1.3501522524447414,0.4471691445421885
E2f3,0.08953252653765473,0.07253497748337154,0.023562223600711477,0.007197117179315299,0.043114064488160846,0.06251392134140238,0.01758096882468378
Lta,0.41532947881512267,0.5671634179633915,0.22151908246420218,0.3509665797273199,0.3244456153664791,0.17879088362937184,0.14373782851163408
Slc4a4,2.381037496733205,3.046043042886828,0.942470298252549,1.616817165072907,2.1009037847475636,1.416472995169037,0.7010826135481896
Lama3,3.0336259252804214,1.862080781480741,2.728963424668271,1.5686679117403863,0.7209135175172328,0.44633396175136253,1.161538475458389
Cdh11,2.035024143305142,1.4597104758966213,0.3464800859152917,0.23346366933694315,1.1669945890097306,1.732675650761075,0.5740832796000614
Stab1,0.013478638157172337,0.026045810896946124,0.12200376687376835,0.13505153668446154,0.09115205051285342,0.10476326474354881,0.014307242879873828
Kcnmb2,20.40168350077119,19.967051685277927,13.645740905941583,13.171683320664787,6.161042219969209,6.592254563983915,0.4897331221572475
Id2,0.09655285458852701,0.12008023342657008,0.02838213689943465,0.051201401484153565,0.09284001970194916,0.06976557805762841,0.02267891623867443
Ccl5,0.0,0.0,0.0,0.0,0.0,0.0,0.0
Ddit3,0.10927495700068435,0.07542200703047404,0.006526712229647619,0.041039326619900805,0.07662140161084147,0.11058429601438224,0.03356309341529013
Smad7,0.010494212270228325,0.015541117848987554,0.015033634252747063,0.010168304678438073,0.03153385071575895,0.026738359207870356,0.004879296562699849
Emp1,0.39232613905179764,0.31699796183113177,0.13290002192250094,0.05589087014464154,0.1633353602855608,0.24629388456166973,0.08583855414060756
Id1,0.06219085509926796,0.06534415031679529,0.02769984467707129,0.03088930506360902,0.03707295052312891,0.033644823706388896,0.0031749952896412002
Gna14,1.2878872495795277,1.3387220199697685,0.5011277256179344,0.5523559132230526,0.8317062868578483,0.7848813949032382,0.04615232632901152
Dcn,0.1976799797947023,0.3102545824316817,0.026536861646180385,0.08340629761422745,0.3433179782048563,0.22955071797792537,0.1104543041260656
Ppard,0.23441103032051444,0.2590027705233505,0.02417494006184224,0.04851407765038904,0.23086183697588186,0.20450180430590137,0.027768341247918583
Adam12,4.99457889173573,5.34180574622398,1.3280460163041556,1.6803415180598869,4.1074054926257615,3.7424560741562494,0.35722040235316566
Mep1a,0.29011964864830425,0.2552230580625323,0.07518590567684212,0.10808041345677956,0.33818050018834656,0.36886302361723944,0.028481303593048107
Msx1,0.0011731357271899468,0.0012793455626449457,0.0007241578570900479,0.005122209852561288,0.0005551876861159337,0.0010572704933822963,0.0036207892206536925
Myl9,0.10584471891133751,0.11002813230984208,0.045025622977266665,0.047794440800879405,0.05996515877100011,0.05662705182075667,0.002699812335496897
Calcrl,0.37670941164178945,0.13042115161567025,2.6262834591888917,2.902626507816874,2.7311855646103385,2.9852737722281715,0.27231597041915045
Hmgb2,0.1002308343572531,0.12089903572551731,0.04838387824664475,0.06857783224867288,0.0670723833869428,0.047666998717414207,0.018159118945196232
Cxcl10,0.0,0.0,0.0,0.0,0.0,0.0,0.0
E2f4,0.04142281319278858,0.049035454925078194,0.0079603702738424,0.014738454602881944,0.03695580422035265,0.02980324128819407,0.0067406360379119925
Irf1,0.05796995046698573,0.020797128927974876,0.0698387673809862,0.008358723154486743,0.08381506288396857,0.007169705096339381,0.07668807422859587
Tgif1,0.0026982189336926996,0.0026982189336926996,0.0020671101659777143,0.0020671101659777143,0.00022866262430834948,0.00022866262430834948,0.0
Ahr,0.2530011263006053,0.2049132002304458,0.2351530877142169,0.1817409027985503,0.06294873213713167,0.014370779929968259,0.05659731622992216
Il18rap,0.0,0.0,0.0,0.0,0.0,0.0,0.0
Ptpre,2.2937722637004563,2.1620640189081604,0.6593547188878587,0.5173599497500223,1.5552986136900748,1.6862394408975072,0.13858121761796438
Sparc,0.25194814143682587,0.19666618214539489,0.1983607155407139,0.14462229239961766,0.0031877303563685854,0.057186204452138734,0.053285429154301706
Dab2,0.3146652331681681,0.201761438797992,0.43563229992208025,0.32939103168807404,0.2419251671121041,0.13232568841642303,0.10313448442652155
Cebpg,0.01723518561118938,0.008395031170712,0.013157853741810254,0.003997210039282233,0.0030535479008426732,0.005546240153191839,0.008697715233126374
Mxd1,0.16171635026626496,0.20043569885674234,0.023391429590168784,0.014788281928660224,0.21930244272477156,0.18096705806101124,0.03808631215872014
Mest,0.2623696809907028,0.21944667586275524,0.1285746051826042,0.07724473085694275,0.08078520244400596,0.1289217063578565,0.0556200923711676
Rara,0.1297416372831029,0.12413025424515171,0.02314839666264576,0.02621334207107729,0.14633382048189045,0.15093123472827935,0.002915153993071665
Nfyb,0.005421541437243253,0.006586988453212177,0.04135861561903001,0.03975059412523268,0.0430182730047087,0.04194871517030699,0.001998962926060769
Tcf19,0.532616208924658,0.5619494865538284,0.2300110293225618,0.26140343937374727,0.30732353020318326,0.2751921017917168,0.03302835756179012
Prrx1,0.028158197619623272,0.014453930690818859,0.144949191508706,0.13595324011807783,0.12653121837589454,0.11532942274199362,0.0057923587474718805
Nabp1,0.015752711611721096,0.021395474424926713,0.004162408106333404,0.0010449560213279475,0.024974448638000423,0.01870471315285268,0.005773382071161745
Itgb3,0.3530297833605891,0.31204151967268473,0.39856290442585085,0.44351732267541116,0.7197646580764875,0.7613598606854619,0.04444629811966103
Dpyd,4.774567581317928,4.489200600773052,4.862644535917739,4.597053605137534,0.3321913788474475,0.06084550830638197,0.25379326038315575
Cd44,0.5540663514340829,0.5037482405515814,0.31178784521788144,0.26020648542115415,0.17963592582010052,0.22744383051606032,0.05271501462280828
Pura,0.10542058277238986,0.10653471398485578,0.00750686264633602,0.009940644140997825,0.0945821411805002,0.09465786198952038,0.0009194284678628817
Atf6,0.08686898610343387,0.08058674155382735,0.03348018407992839,0.02723904497353634,0.04732578650437601,0.053361398394695836,0.006001359078384769
Col12a1,1.389012949266408,1.4623575402443723,0.8375306761011941,0.907172506424023,0.6512448362244966,0.5753158789637036,0.07263425283836816
Hoxc10,0.059548461763394754,0.05339654369138065,0.017331771282109817,0.01136718445337468,0.035158095457438046,0.04167717937700154,0.006346740422840008
Rasgrp1,0.6813676709172988,0.6592586897313106,0.09490024575756145,0.07635030567568392,0.5387909393029714,0.5601956641712246,0.017556420050218294
Slit3,1.317382587313869,3.5486251982982804,2.8187623412537883,2.0498489342539314,6.391047740732408,1.569986237787851,4.838442702860955
Slit2,0.7895801196834279,0.8003915000736394,0.6596120462455525,0.6392366790174177,1.5275749571728665,1.516301441007077,0.020537075507530596
Nfkb1,0.05670321348226713,0.05456189937090987,0.022079717980914175,0.02073827066908857,0.03254883614119775,0.037914625388500205,0.004970019410577024
Gpx3,0.0,0.0,0.0,0.0,0.0,0.0,0.0
Cd2,0.008907278150046926,0.04629119159120912,0.008973916315167474,0.04445864652239399,0.030675689373693426,6.663799220321722e-05,0.028987527294106138
Smad3,0.005658713679383284,0.03337658131239237,0.02468490975181345,0.0030750825514204725,0.055239154413942934,0.030519142772678465,0.023477342939339653
Scg2,0.8741526627026831,0.836261703125194,0.15163495702607654,0.11575024229825746,0.6686764260744436,0.7024979780628171,0.03145959324448586
Eln,1.400105514504429,1.6048743567010355,1.4356992736170564,1.6419506699407973,0.147787068948281,0.056909823637972826,0.20445222141162064
Adcy2,0.26302315906513046,0.7785058354725092,0.386094953286371,0.12009174079159456,1.196247183004,0.6742928966927347,0.5145486276938691
Matn2,0.8597796980773257,0.694113623623718,0.5652816213858319,0.40827066470706985,0.18847280049624723,0.3577824498693412,0.1689614651477371
Tfrc,0.007581971748525646,0.011737403142187642,0.0040126589156463536,0.007844973794511604,0.007814916244931837,0.0034716263010240523,0.003824800365400561
Rbpj,0.02730855001473188,0.023620580436063642,0.010251683117265762,0.006695424830583382,0.014817742707719508,0.017270902695934003,0.002535480443429582
Lcp2,0.3936989713057394,0.329410716607478,0.0316329901054327,0.03729510642445763,0.2860107536806056,0.3532362536847025,0.06677915377107761
Mapk10,1.8559387385313475,1.1187193859611362,1.6762151212005811,0.9389508392331032,0.5654230893962195,0.17547923042064936,0.7395549276952246
Pde4b,8.567370112603239,7.238848104880459,3.2611141045986565,1.9026086971755465,4.15368209812972,5.453861653157599,1.3300136070902027
Itpr2,0.25269587346072697,0.45833740650861843,0.18366567894861846,0.03761777887781286,0.6106315776389166,0.40733897762692556,0.220804332423334
Lef1,0.009594044991225306,0.017936048196829972,0.06040173620512608,0.03144920616091006,0.07652269950533776,0.04829620093387921,0.02873027558276467
Hif1a,0.002924404587012852,0.0008706243013854036,0.0006027398707086642,0.0014845260319552335,0.0003683410383418979,0.0020314565471786414,0.0025114161279527676
Hes1,0.0,0.0,0.0,0.0,0.0,0.0,0.0
Fbln5,0.16644883655692871,0.08376207702022315,0.00534095379893383,0.0884911098554928,0.0904694582538538,0.17633464599138535,0.08573448648214181
Nrp2,2.4897722665154047,2.250374478723516,1.735515078939905,1.5030796541980485,0.5944498786751962,0.8228532652653916,0.222818517001229
Tpm1,0.005002530627834108,0.008056611926609968,0.0034347084638888348,0.0008428176634295389,0.011527570828386822,0.008337550995708697,0.0027731419255882296
Abca1,0.14199452447159117,0.16091141344983137,0.21146866536253914,0.22948095706544205,0.05341834962739752,0.07065224634456524,0.01712870964790816
Stat2,0.001075199661907988,0.0243175997355335,0.0017786012862514224,0.024679349624017115,0.018831066897067265,0.0045419650151711,0.023825218177024474
F2,0.2421517286351917,0.3120090878052541,0.05708879914205154,0.016321391065489736,0.3471316372609214,0.27342387008485686,0.07546614517807623
Il1b,0.4058656489955363,0.35035144068314045,0.1556502558707589,0.0984757135827816,0.1790163448405791,0.2371578934651656,0.058792286099849184
Klf6,0.15811891782643359,0.1409342412196149,0.04247673859894693,0.02518015183435075,0.09911653740374543,0.11566704657520711,0.01714737266457636
Wnt6,0.24256161025236425,0.15935849871257282,0.050108602532554024,0.13517911100390806,0.2050752449795093,0.2907682240455988,0.08982200480096864
Abi3bp,0.5679743617291814,0.7383250955110485,0.45272197483408494,0.6317642701883839,0.215626421646935,0.03777877254601808,0.18037546467739185
Anxa1,0.12097970360203877,0.14614765602285112,0.03039007158160747,0.06518445900710788,0.12301799050326655,0.09561510662668218,0.0335895189042308
Satb1,0.05260644969121574,0.05216293360541428,0.03175451676182059,0.031648601544415525,0.019580959205293808,0.019819266223265342,0.0001323932332339314
Camk4,1.719123493599755,2.859284800278851,0.05547259357533573,1.179526488713619,2.7734289373680605,1.6382102720228215,1.1231757809547573
Ccnd2,0.241370431277089,0.2708480022641205,0.06413115757423647,0.09501281303836318,0.19549244159950008,0.16727771936921654,0.02845565719695275
Preb,0.032486676101291745,0.029954830657082925,0.006003785679156791,0.0037603782668106235,0.028277618144303882,0.03135428988674148,0.0027455034978370618
Edil3,3.538662882887774,2.796621400994285,1.7349764615602368,0.9917491985132075,1.0173096003027797,1.7579676017731594,0.7423049427649562
Hgf,0.20872168025228618,0.23470783147228627,0.016244158006448236,0.044669184809681343,0.21196151350452935,0.1928870089717753,0.024042253684448033
Tcf7l2,4.261010649611684,4.567257096631592,1.1451830488302572,1.4471279795651868,3.3601880674940863,3.057800175432242,0.2949159304382137
Arid4a,0.023129448868187626,0.02666511858430142,0.007438682869513,0.01095467396422422,0.019337951571177958,0.014641216779532692,0.004158840184028841
Aqp9,0.00640873638256611,0.02025098276763452,0.04960008283287308,0.076998471529621,0.008250207780369449,0.034353324094926585,0.026592094738911682
P2rx7,0.10458080746178333,0.1111855468365498,0.020632607274950983,0.012183612337091703,0.1316510210472783,0.13091908120693552,0.002386005412359501
Fbn1,1.8514088923528664,1.9837460501592024,1.719215868239957,1.8507319183387407,0.2777250367040655,0.14229086537009178,0.1364569067082344
Sla,0.08478532563634943,0.046623075609359715,0.002987079413213266,0.035229060330129125,0.03748476714375204,0.07635529642133895,0.03932474779713597
Csf1,0.06796984351422641,0.06040958881616006,0.020996014953023792,0.01408792195795005,0.039178069168595474,0.04617070288191945,0.0074757168164946205
Ets2,0.10871934356698511,0.10161220443831254,0.07587552889447494,0.06956909557253659,0.018370266560768362,0.024867347534077485,0.005620127364544675
Snai2,0.042826485288811854,0.03268164159478899,0.01604514863999767,0.005348382997582811,0.016951876824515103,0.027214989028745938,0.010059427567358815
Smad1,0.3105176199152221,0.2603640012017775,0.14156125531951433,0.0889393006621478,0.11417745639871292,0.1628025168637133,0.05108773173311118
Foxc2,0.007152782347122211,0.007037752204420182,0.044401628907350915,0.044375486331079045,0.020041385160740492,0.019936812048547213,4.705777697432173e-05
Tgfb1,0.048470951722823105,0.05287198699042199,0.031911575905891845,0.03710295960343514,0.014172096164043212,0.009273033156492314,0.004059996957146775
Fn1,0.01834804527946396,0.020547366392714324,0.014994757908292664,0.015761804728154895,0.006781241807452267,0.004283246739551064,0.0010657206834056763
Lyn,0.36457443942362217,0.39486429909511717,0.08201515381411338,0.09934825863955282,0.36314175377216656,0.3360147494770308,0.01976787604924843
Meis2,0.7522875917289663,0.842045521654802,0.17011422962083578,0.07950268147815409,1.0101198190368441,0.9295084429477334,0.08480212304806387
Marco,0.022868260994508345,0.016116040474238272,0.011450871730516236,0.004374991761204104,0.005848203211488631,0.00897319736943336,0.003593743296616066
