,Gli2_Gli1_Gli3,Gli2_Gli1,Gli1_Gli3,Gli2_Gli3,Gli1,Gli2,Gli3
Col11a1,0.8064450573817543,0.52351472658148,0.37170924558548146,0.7138091122663387,0.09096183503755943,0.43094438775699867,0.28138751591451655
Fmod,0.004670175842284951,0.003491197763864987,0.002444346602563926,0.0035775884824161396,0.0012653686332748236,0.0022156656097251748,0.0013466774549799046
Slc7a1,0.3559284806118813,0.2562251561851062,0.2729677642184689,0.17975858159828742,0.17449977173012815,0.0814424293888863,0.09732925986721559
Pitx2,0.010881068476829264,0.008694685327385711,0.014046238975261072,0.0029999207084222624,0.013410662597360908,0.004779534737153964,0.0012584413647313195
Itga2,0.7978332018270118,0.4283576039110418,0.8142237978284786,0.35524907229951525,0.4504877436445066,0.01567552052761481,0.3645640641212027
Tgfb2,0.1219223157096384,0.053683318405017985,0.11020894478002015,0.07756696905448432,0.04231411041781907,0.01030705513125814,0.06679114119401489
Mybl2,0.010197298962766603,0.02050193740451317,0.03415363156112827,0.005396273713313902,0.0055328880719141505,0.02482481108914418,0.028474370400833508
Col4a2,0.021962260514869596,0.08127272733873096,0.03864647056898606,0.09048420630982154,0.06725459011924127,0.013840397301846547,0.10578514831115964
C3ar1,0.00165392611211043,0.0010970345430318968,0.0016497389914286573,0.0006741319147916457,0.0010970345430318968,4.18715462599247e-06,0.0006699447491506415
Sgms2,0.021848189533700497,0.013691839352861836,0.008242752421503217,0.03821273015741955,0.015857650029757087,0.029509168878153972,0.008669002393091346
Timp3,0.16889661415601373,0.226529148434847,0.09799214790618362,0.011523917847585751,0.15655695539937023,0.06960964499610194,0.058266999864792855
Lgals3,0.030773764628323274,0.018307794425580164,0.0063024434724121906,0.050616957206701965,0.019550735039695462,0.03772692435792586,0.013628485582513783
Nrp1,0.054668964987971184,0.026729877175947707,0.07417541049793624,0.0033253241774191928,0.04615677167272278,0.02270448619772637,0.02754132073394128
Comp,0.015203116766512387,0.019115468994233543,0.009951889001379475,0.025822357887680572,0.00845868887967109,0.02759501167596155,0.0012804820253966382
Xbp1,0.0038590256346905816,0.005697035968961145,0.0038590256346905816,0.001758442639624212,0.005681122365955627,7.95675397954211e-06,0.0017504859182167621
Sgcd,1.8406882066190944,1.3493261116966024,0.9037354853549244,1.4226034109492198,0.4151482505453493,0.9304870157297177,0.490823220214014
Cd38,0.2090612996561582,0.17474310797605433,0.13131327560400854,0.10905952924391248,0.0975931939799041,0.07375527869239434,0.03335368005642177
Nkx6-1,0.1248374830785095,0.14444040345383452,0.010846901442418707,0.09494929808083925,0.030612214315675196,0.11450484441310749,0.019772081015358
E2f1,0.3082484191313704,0.22324634791835832,0.038869128067031376,0.35289380713532364,0.04134191604109361,0.26856790088628624,0.07867521295274596
Hey2,0.0011117162383051148,0.05000382453984974,0.03504831721031938,0.0178693763361348,0.01492040166621144,0.031958916745814483,0.051981512158659815
Il15,0.06807414912298229,0.029648696184012772,0.0021709295433203018,0.10755405186403727,0.04094786678565958,0.06994528213086113,0.039986455121246225
Ereg,0.11996762210135155,0.067514008294888,0.0787392092691095,0.1065986880040745,0.014192052598715588,0.05335813984567736,0.06461047213341672
Lyar,0.024490524517665025,0.01241300568651944,0.01130835469612847,0.025316967338261255,0.0009573643106492701,0.013337639480510123,0.011864771310280476
Sntb1,0.916256871255168,0.32939832933987095,1.287199110858129,0.8288161026790762,0.0430203388127988,0.422923043650429,1.241785909643315
Tpm2,0.010613958969614621,0.012466964480105334,0.010216379248702232,0.0012779348512504452,0.012069384759192944,0.00040467937750345175,0.0016968135419360192
Junb,0.0004207694203347116,0.0030109604955693018,0.0006338863992747767,0.0016994713379813735,0.002027343590706462,0.000967223248220313,0.0027377334716108203
Ptch1,0.33457934532113864,0.4268031301808908,0.2770369680095098,0.03912930765475698,0.3717954518490711,0.05532453103785699,0.09567243972515144
Msr1,0.002979568401322537,0.0003378891933494956,0.005518856898002521,0.001689445966747478,0.0020785305432287873,0.0023345071840350077,0.0042082562771923945
Fbn2,0.38167738844102866,0.22627176508665603,0.27665702078703674,0.2587143924596076,0.12067762425409415,0.10405758531238818,0.15469570414771736
Sele,0.005904434128173447,0.0012898917883948063,0.005783317604032839,0.007266996000114962,0.0014049525643571581,0.00012111659566698412,0.007145879085830482
Lama1,0.3427051153362634,0.2519480404881152,0.25248990155883483,0.18233052914411113,0.16028787193615893,0.09122667484694581,0.09192747488232
Nfya,0.01311602011649026,0.018137480592559055,0.01322229415913996,0.03050072482874931,0.017756664307279724,0.0006819267562651262,0.030952391070124072
Hey1,0.0005354877372280507,0.0001508416205403961,0.0005430298379945498,0.0003771040564123952,0.0001508416205403961,0.0,0.0003695619758915159
Vav3,0.7139851806366168,0.6682684839186738,0.5288109897088284,0.21646661829221667,0.48379900892766053,0.17671740898563354,0.03799873374632782
Has2,0.5870158527075872,0.4642974363477101,0.5369394166504649,0.17217185282047742,0.41344218873146976,0.051711911586086075,0.12417867954032792
E2f2,0.1449520912994586,0.00021228034198310716,0.02453606943752134,0.3186504951088863,0.1698596580102448,0.17331806221095974,0.14642036799895683
Ccr7,0.04892961661415448,0.03430953093952866,0.05774139606470047,0.006181754086010771,0.046379048364955815,0.011791417863014447,0.013555363025111145
Vcan,0.2748857291297312,0.1538071188954045,0.22446572038645665,0.1682150256534429,0.10308023058726105,0.04885493583382816,0.12025004055773462
Igfbp1,0.07933625272243362,0.05002064405236247,0.06347466861613632,0.04384595489481747,0.03648164825986643,0.015323424543017017,0.02635100312657728
Atf4,0.0011881276701285082,0.0018648096448235037,0.0011015752830830596,0.0005035772798099566,0.0017074417547836248,0.00017310469488503877,0.0005901296404534524
Egfr,0.23796256098262059,0.2626492121924744,0.13151450994851788,0.5980924443711911,0.36721937941094757,0.10697553813525362,0.4913701113723118
Arid4b,0.00851686005320217,0.005455665289032791,0.021944535537643757,0.000939148687094249,0.008065208110357127,0.01418042852205482,0.013205434191616697
Prkcb,0.5462749839805117,0.41872626889730225,0.002691774710053938,0.6767742854802328,0.1288169496336605,0.546818516485412,0.12892048656168315
Postn,0.34383767149941713,0.34052780325042886,0.3351411596205721,0.02034600074781074,0.3313120594171998,0.011519665092286248,0.010043201640392756
Cap2,0.2538446038805421,0.058958890028880793,0.06581081367028141,0.39009480259541973,0.13358221071861268,0.19367297933419528,0.20149508869058697
Cdh1,0.08386137710705355,0.009135811172071613,0.18101446704514357,0.02025104873923605,0.10326153947355958,0.11144794464709135,0.08322545204376904
Thbs1,0.021555810835430667,0.0717795516456279,0.03091129242527882,0.007583548630270738,0.013793442798216532,0.05957109053598955,0.044859171693171045
Lama2,1.55011521701507,0.5922305938835875,1.2797174245943819,1.218711470694162,0.3269405035239436,0.2600630588213435,0.9539941618253469
Klf10,0.031800511871418836,0.02218940393956759,0.02164111912525084,0.01993176086659717,0.012229973844551392,0.010165843084450387,0.00957240546927737
Slc1a2,0.10440453529267203,0.08682900618344042,0.17269676511558055,0.05278119937962175,0.15832174965285611,0.07246491496372057,0.017225983571301992
Vcam1,0.08782125420324981,0.07901058194319191,0.03602577002583899,0.06718715359075814,0.026817769827850172,0.055193995388475914,0.013254582555797485
Sell,0.012052724206634276,0.014835266312189017,0.0017483889313149527,0.007521792370905703,0.0041738136376474385,0.010564732912917874,0.002775102492595477
Mxd3,0.0,0.0,0.0,0.0,0.0,0.0,0.0
Unc5c,1.1585977300925465,0.3404937200806401,0.6895620383134707,1.26888661149781,0.12404928748078281,0.4513473621700575,0.8123790472483273
Vip,0.12262858321955553,0.032117347954269855,0.0948101307278492,0.11818047589443907,0.0032117347954269846,0.02863560049544259,0.09057518456880627
Igfbp2,0.0724887140418602,0.01909253131642588,0.08063967707301296,0.0466639412374344,0.02678174202532386,0.007789592087854092,0.05500897770400985
Ecm1,0.0005342369813457171,2.3227695434133887e-05,0.0005110093034479061,0.000540043920304973,5.806923761109456e-06,2.3227695434133887e-05,0.0005168162034375558
Thy1,0.0,0.0,0.0,0.0,0.0,0.0,0.0
Smad2,0.046985233182288796,0.026793042487405928,0.012116842529255333,0.055114058870520934,0.00837330315219631,0.035372621577184446,0.019978274195672593
Adgre1,0.023247163548897942,0.03356741358181782,0.015945851500104878,0.00011969363209701379,0.024018523096384525,0.009562191240597531,0.008332006690968499
Il2rb,0.0,0.0,0.0,0.0,0.0,0.0,0.0
Pmp22,0.1491835405438648,0.1261623069212318,0.12454840520012371,0.04676594090279621,0.10073877231308104,0.025655413376171398,0.02192675294034458
Shh,0.29080767197996193,0.20612004371309364,0.24074408344994835,0.13858813143866053,0.1561790303279372,0.05099523366960548,0.08713320313384994
Il18r1,0.411562674910219,0.2872698116956849,0.25830738421164373,0.2834469929781745,0.13864749598564483,0.1595845023463624,0.11519147529557533
Olr1,0.2705927735788517,0.10239920090813702,0.2324020336587225,0.2056556521274893,0.0650514209814848,0.037340630932485804,0.1673220320417612
Ctcf,0.09286391714907168,0.05401135023101808,0.054121999811865676,0.07502442556673272,0.016873831564829033,0.0369564570964798,0.0364032176302723
Dapp1,0.4491812737336555,0.26797167185784826,0.38196259149215117,0.2566466356876602,0.19877515912943305,0.06874495750730192,0.1902046185354274
Slc7a5,0.03165896634923193,0.021964543562860005,0.02674459684481135,0.017445220305677956,0.015264567502357496,0.006707876890007421,0.011100785284446564
Tgfbr3,0.18667978479710615,0.027909718483371947,0.06976758991542822,0.2757225169629367,0.08870728244438819,0.11708663954253672,0.1572135624972029
Foxn3,1.249808887615885,0.975263002034109,0.6214128076043635,0.8904608866902604,0.3520175221413649,0.6182105343217452,0.26642449928069895
Eng,0.2089551669708466,0.13555591371476028,0.13350081572862157,0.15123107821935622,0.06106866533925414,0.07446710192024114,0.07402384474952278
Aplnr,0.01170084561599604,0.049104339774854594,0.016939036127254302,0.011874712272494183,0.02048665281999767,0.027922221123280237,0.039486191661572474
Zbtb17,0.017424841570397573,0.016949834344902628,0.01618190688249645,0.0017179421790392642,0.015603981513358664,0.001227101556456617,0.0006254259588656824
Cdkn1c,0.000899642442860848,0.0005843038720947899,0.0007976211778989144,0.00041735990419333415,0.00047300788104557537,0.00011129597237684844,0.00032461325950860684
Heyl,0.576607919918461,0.4152234830365799,0.5825725557266175,0.1560255693616304,0.4285495889619096,0.011255499325790348,0.15917785413345184
Cxcl12,0.005569336097803028,0.011026726323385106,0.007491083483387076,0.0069966536377321815,0.012967131249997654,0.0017631567217169096,0.005261483540583
Atf1,0.024664924596841404,0.013571340348011282,0.012651567118574812,0.022938004455404046,0.0019521706768221342,0.011950787955087031,0.010705653541034681
Ccl22,0.03565091473276769,0.028082615501383062,0.0008450043156703807,0.04314114135674578,0.007471858397095326,0.03526974419199132,0.008532706588064135
Tnc,3.6348054968470147,2.9693080334995487,2.833321115627512,1.4737653560803672,2.1747814411959094,0.8020408782647247,0.6603487509107833
Prkca,0.3104287389551611,0.32497167955334555,0.1589509095420715,0.13138382645652424,0.1737761120200734,0.1485477286681574,0.017311750773214264
Atf5,0.017772381686220196,0.01525428820683564,0.01064943990775844,0.009635207572845476,0.008597659021516902,0.007187060395673916,0.0020576093535869832
Spp1,0.00816396899358607,0.021020382028061415,0.0234842820814408,0.026183540411931633,0.0364510176103942,0.00019122810262361332,0.025139140821302013
Smad6,0.208652118542749,0.16036523846395437,0.14060230447319955,0.13988328095099245,0.09065396847764899,0.07868870497810886,0.0628281010957941
Ntm,1.5406946189717896,1.434955259954451,0.7019094066651901,0.9414828776087911,0.5973147467506361,0.8360378658698809,0.10305748039772233
Trp53,0.03995929645195072,0.021334293677762767,0.03047129395450067,0.02808009852590602,0.011341726845228798,0.010025472842163005,0.018120438807155494
Cav1,0.08040533942784439,0.04900993755867822,0.05101389917276991,0.06180334326238121,0.020918167312025542,0.028578238370043134,0.03205612858347641
Cdh6,0.04480370438371132,0.25563318065921325,0.019650435381084463,0.13473062987120607,0.18592472077373154,0.07173207918088167,0.19969955079292115
Ifitm1,0.04878073318653709,0.03219897890475119,0.04738091304752059,0.016190305630852567,0.03007889437782273,0.0045470645487074735,0.01174658330541044
Vegfc,0.04866710960089739,0.003640487962567092,0.06052977218184337,0.15103585532735173,0.10190702552284363,0.10558303303683553,0.04193664650124165
Slc2a1,0.30640107624626106,0.20422175793586667,0.16808048080905613,0.2347344071876809,0.06525105189179788,0.13816662126814855,0.09821874010644781
Krt18,0.0005986446999957695,0.0007100204511816795,0.0028888087892993126,0.004100020195560594,0.00313940422946761,0.0043436547447085316,0.0001044147742110913
Meis1,0.4148932390868531,0.3030958503416883,0.2753444826692168,0.24454024225154083,0.1637077977861724,0.13480873381011124,0.10838869924125866
Wnt2,0.004397443897876885,3.634251131082669e-05,0.004397443897876885,0.004385329696005172,3.634251131082669e-05,0.0,0.004385329696005172
Fbln2,0.05047874288567437,0.046625080306628125,0.027326519616740663,0.030859548427026175,0.022934433788355375,0.02551765732470582,0.005983158639841802
Tfdp1,0.11045207663154016,0.0817099708085962,0.024948633582789488,0.11439267466304422,0.0030961893192239225,0.08504285230248686,0.02879967939791375
Egr3,0.05730693563859957,0.0,0.05730693563859957,0.05730693563859957,0.0,0.0,0.05730693563859957
Ly6e,0.0029312720065768384,0.0008303603397048413,0.002871245936892296,0.0020208768961029414,0.0007803386037780567,4.0017365243128514e-05,0.0019508465933676387
E2f8,0.06679477027196497,0.1089621761114316,0.07631082532947253,0.09877469302796978,0.029302494804992866,0.13967384246821202,0.04173636955358674
Jun,5.8661133747397936e-05,8.799170226138112e-05,5.8661133747397936e-05,4.888427866959302e-05,8.799170226138112e-05,0.0,4.888427866959302e-05
Col3a1,0.4040644718820775,0.5086716671350913,0.46270572290793704,0.1587009497247243,0.5650319570177119,0.05744301423981574,0.09787977581113742
Nrcam,1.0413936734639229,0.937239034430936,0.4706786541942714,0.6862656357714628,0.35887586129433535,0.5756830881013638,0.11805643431982091
Ros1,0.20086344500197398,0.09605056490315758,0.18460571478293303,0.11919534529290517,0.07887196810855422,0.01609586454405401,0.10315529209734846
Spock1,0.8413195683472868,0.7894484556103356,0.5600711718651014,0.32689994051446186,0.5095061688169991,0.27807643444263525,0.04701985749505389
Ssrp1,0.019004012172827985,0.01884925700935914,0.01744871711987629,0.0014082777774748678,0.017317174555871187,0.0014392289399872103,5.416453050204218e-05
Slamf1,0.14803641674839202,0.31607272375369266,0.19370401390345202,0.21548090919158253,0.36057888483061157,0.045203023222635814,0.17006882388328923
Atf3,0.0,0.0,0.0,0.0,0.0,0.0,0.0
Cxcr6,0.039464808594720444,0.032247874663403446,0.03911560192808967,0.008980874278062405,0.03189866799677267,0.00034920647434482407,0.008636144605186953
Id3,6.415273381822276e-05,0.0,6.415273381822276e-05,6.415273381822276e-05,0.0,0.0,6.415273381822276e-05
Col1a2,0.09557261712508217,0.013621606995960989,0.006227863531301196,0.17069068654473107,0.07653483312809137,0.09121901835253271,0.08001771610769348
Myc,0.0012258572125255197,8.454187588744828e-05,0.0013103990640979286,0.0010748895104353258,0.00016304504693329404,9.058058072905079e-05,0.0011533927220062372
Fap,0.37589400472084705,0.023543443636771983,0.20479570834726316,0.5179141375101352,0.15140421336200066,0.16890313963613882,0.3517159520265513
Lamp3,0.07545981177463307,0.04997595602229443,0.0014013965126538342,0.09784981614705457,0.022691843249122982,0.07289417842894352,0.024696918267548794
Clu,0.15483106201944707,0.11387506279079179,0.11770637637018831,0.07880201914553735,0.07625963684900927,0.03784010468703006,0.041754190218999995
Cdkn1a,0.008271632906351514,0.0018559358752659452,0.007762899162021719,0.007065745549850207,0.0011964662619520655,0.0006594695880245912,0.006557011805520413
Plg,0.0004946392600437536,0.0022258768012285244,0.0005467065749419613,0.0026228898949750014,0.002173809547478412,5.2067293059602086e-05,0.0026814655772824836
Col5a2,0.5338094753075066,0.6035391901716403,0.7384887170385125,0.27410267800090965,0.8064546241504261,0.20327451091715093,0.06792364150229116
Cebpb,0.010994641784699534,0.013120773154245171,0.010359113268191228,0.0011959489031238917,0.012606572950060648,0.0005257553211334207,0.0018199222034260738
Gli1,0.0,0.0,0.0,0.09054691029157133,0.0,0.05668576431695811,0.031775715423963506
Acta2,0.10398119504401945,0.07672533557826607,0.08578346858506372,0.044793780151478294,0.05835654524532542,0.017847457914344517,0.026962613670219016
Irf7,0.00605569898233892,0.004792442953487144,0.006803456159699824,0.010870801299526948,0.004849091058611313,1.6994478372968517e-05,0.011618558476887851
Gpx1,0.0008339754897325359,0.0005848659306962437,0.0007689904347782475,0.00029243296534812183,0.00048738827558020303,6.498510219928361e-05,0.0002491095590362922
Ncor2,0.046283852819239586,0.04163134940479413,0.043420000756283675,0.009616510228955863,0.03793346446858419,0.004702744859610164,0.0056372646692943945
Nedd9,0.22757743749506992,0.3227949207865058,0.12271753449035892,0.27574314944782646,0.03494943454196276,0.3605059683927829,0.08236091588682726
Col6a2,0.019745521135858347,0.05500168434253523,0.016515000793531014,0.11293361744800982,0.09206983878951917,0.03834172308241354,0.07481968362710657
Khsrp,0.06253266830477971,0.041660791691000745,0.023704575322477408,0.06077853121432537,0.00324752687286847,0.03910662389835507,0.020919288035272526
Prf1,0.003645246855914958,0.008538317593458295,0.003721644348029721,0.004816673636052735,0.008614715476197219,5.82075351009988e-05,0.004754828065799078
Rela,0.05812837131755331,0.04672675772499895,0.030607018028649312,0.03842362007222045,0.019717551704920684,0.027220464083358206,0.010921475420625808
Lox,0.0,0.0,0.0,0.0,0.0,0.0,0.0
Col1a1,0.0675739647591316,0.07994935300978985,0.042293434098126075,0.012384073222789057,0.055511215689785044,0.024420767375743176,0.012444864530869883
Hmox1,7.14139492555093e-05,0.01180115490520002,0.010146731927432723,0.019496007935883644,0.02264417352639775,0.00793289950690195,0.012670024639247084
Ncl,0.017135117822145173,0.0019081594523261906,0.004513678396948006,0.03174135127439083,0.014200078025765063,0.013119554119677598,0.017916774300086206
Col4a1,0.05141554459123922,0.07720256195180361,0.0018255775801760215,0.024513222815030995,0.02729561428703058,0.050218058357442225,0.025405466347546053
Col6a3,0.05671159125990048,0.17306057562869573,0.00958332992860415,0.2789852805768244,0.22145026413742022,0.04954599214974287,0.2307707999216726
Mylk,1.4078350334107108,0.854341610920662,1.0635869730629435,0.8969747623979714,0.514173114941709,0.34005272337692516,0.5531173192948656
Il7r,0.002216952035960914,0.00015916578844923018,0.002199898666749351,0.002216952035960914,0.0,0.00015916578844923018,0.002199898666749351
Smarcc1,0.03620464213154856,0.02842920183155909,0.007153727124137409,0.034073057002820054,0.0005005994208172551,0.02648332336782114,0.006418976457459544
Tacr1,0.8731671718926168,0.5416342568983338,0.8410250800206838,0.359407138036318,0.5090848269755123,0.028423180143722887,0.33162148353766
Slit1,2.469388126652027,1.0607895608126825,2.641928509398301,1.246072729646594,1.235841246202434,0.17644687751063293,1.4216825054091176
Gp1ba,0.015313836336228643,0.04652776908781427,0.012129375812045297,0.06490170837391335,0.04968114107681823,0.0031444885148525126,0.06171280630340957
Tcf7,0.011681151434196207,0.015182131613908776,0.013270057357727552,0.024890615124894974,0.012987286309165689,0.0007136611406591773,0.024466458552052178
Plcb1,0.7770231639329306,0.6248210396213726,0.5702360968593417,0.3580758952197866,0.42118902822760745,0.20210192440924543,0.15232073639988183
E2f3,0.19720656913637058,0.11850920348758871,0.008473663330989948,0.2661807516809625,0.06885928713813357,0.18795734795677352,0.07638504830604514
Lta,0.009062282766187322,0.0069208044988956045,0.006403162353270813,0.005672790391879329,0.00403477225711499,0.0029994879658654062,0.0028576682155857856
Slc4a4,0.2967365814403067,0.1539733595973912,0.26837078373546264,0.17284898332726437,0.1265504548507897,0.028304696858419874,0.14432601726596198
Lama3,0.1433810608510946,0.10541519363107435,0.140036337838081,0.04300708263021825,0.10177297905173222,0.003513571801587289,0.03944527197897341
Cdh11,0.23601114989142852,0.1267920146284349,0.0732665758415332,0.27106868346782537,0.034742374247721405,0.16134530173875253,0.10921913526299361
Stab1,0.012113327541777522,0.012211650264809939,0.009350466414672843,0.0026891194807289126,0.009040751024816373,0.0026743712042402315,0.0003146318955134006
Kcnmb2,1.0090786210692562,0.603420040883514,0.22321730968423342,1.1740978505515265,0.17522488597016536,0.7687194962453965,0.3960834515177101
Id2,0.00525244354118861,0.005575119370634101,0.004902878059289326,0.010038799572674468,0.004938731129731423,0.010074652643116563,9.859535724241798e-05
Ccl5,0.002525992804154712,0.00015266989614859988,0.002553750889868516,0.0028035744064202565,0.00012491172847077037,5.5516327904384054e-05,0.0028452116840164635
Ddit3,0.09827580192697744,0.13111430530066104,0.06775437449581075,0.0036931105982389092,0.1003709355467949,0.029562639337648758,0.033175852367872814
Smad7,0.018850539009443227,0.023631687762111765,0.011625116372957836,0.0026553707448145176,0.016284051245035003,0.006973588560892717,0.004025645531754362
Emp1,0.06429135527549501,0.042390048466714465,0.020796934463074294,0.06329613300424687,0.00369837433125586,0.04670481840494181,0.021740790979537808
Id1,0.0018880462186066462,0.0012385582675077421,0.0018628722041524523,0.0007099053560312352,0.0012133843341445134,2.013915885422791e-05,0.0006897661985285233
Gna14,0.3121436314510189,0.5355529408516381,0.0661157518633314,0.021966089109539923,0.2925570936611257,0.2446717757105117,0.22709380055319053
Dcn,0.20815840304333552,0.18039587394900986,0.22895934220623082,0.4570996899977978,0.261030960622088,0.43170111975288766,0.02482153419174268
Ppard,0.18426726695807347,0.15004523276789158,0.2058390827745667,0.013326089362441357,0.17110451260265724,0.021735155737247623,0.034988024107814174
Adam12,0.253157178593181,0.0975175900598227,0.03607089269406592,0.3671379840118408,0.12063019984291812,0.21448261531463053,0.1548584868539853
Mep1a,0.12955188450082256,0.09940866227078245,0.09726337779475375,0.06432738280713393,0.06829811307004935,0.031079347469183578,0.03214808844371626
Msx1,0.009494427003105894,0.009691142626662479,0.0014117246796959521,0.010721007540932788,0.0013307240593869035,0.01096400933973584,0.00011571513681433253
Myl9,0.019733456288394492,0.017999490261681114,0.006053536940324059,0.01512233359232159,0.005194226260997346,0.013066126447026089,0.001442414450206032
Calcrl,0.044661181489550394,0.05659664003972924,0.0803110502711596,0.05279936620710196,0.022108190552673865,0.0444882040537185,0.09642268750388325
Hmgb2,0.11461631860066818,0.11426058980445541,0.11740738473667651,0.0012952026511696805,0.11538249513066708,0.0007205705229987991,0.0030464628014793466
Cxcl10,0.07378250452721496,0.03295276208432023,0.06304945777790606,0.051937199597672526,0.021086887221773102,0.011861073837091387,0.04121375489927511
E2f4,0.006893488346488144,0.0021945892909752173,0.0004513066533832862,0.011061437891496136,0.004176798896519745,0.006335991672232586,0.0046104073219646645
Irf1,0.0037229948597124196,0.010801281284107057,0.010838051823357304,0.007372449134447231,0.0035207581893336374,0.0139727216331067,0.006885242604744679
Tgif1,0.013929422719938706,0.003830822126308223,0.003249275616932035,0.020381819598726408,0.0070062503786540815,0.010763225388166119,0.009793981205872476
Ahr,0.011137630213581438,0.006187572190428958,0.0005178728957382783,0.029693623040925925,0.017890155318620475,0.012099394149913989,0.017648032383016807
Il18rap,0.038366524971623,0.03405028915291393,0.030680429385966476,0.01099840387097164,0.026357801361272106,0.00741752818406697,0.003516931312691337
Ptpre,0.06513773772310315,0.059369574050594856,0.05771806031410588,0.013552146241341503,0.052484209789441585,0.0080025668871396,0.005003122429384526
Cxcl15,0.5669034353827812,0.5726801553007027,0.31089576795981744,0.256485480320952,0.3207952340001876,0.252975349243065,0.007632876674124395
Sparc,0.0009877499027542886,0.007555645487482625,0.029093725065788546,0.033391078583530825,0.03265988639049445,0.0250144455668718,0.005349242847926044
Dab2,0.027845195022638807,0.09689013964491734,0.001943594590604754,0.03785832721347378,0.06722943960773102,0.031576451154177475,0.0698134741555061
Cebpg,0.016662628330542464,0.006310446113992985,0.008674480333523419,0.018435654421662468,0.0019382537802440476,0.007950018185839815,0.01075254278171638
Mxd1,0.035173748328011976,0.024465391013329518,0.005379514750205138,0.03948918401600563,0.004746133681341661,0.028704819556210605,0.010058087689744765
Mest,0.014988242601587511,0.02973004216388002,0.0038086716451430722,0.0005376948094356128,0.017251040941343623,0.01259101976073619,0.011762074308787698
Rara,0.016492857057717383,0.014914053301653773,0.017067992803608864,0.0005864127155667839,0.015224175832908107,0.0006427985477805293,0.0008457875588859706
Nfyb,0.01323027404717723,0.006194326812933301,0.00626165610022629,0.013589365524835433,0.0006396315804416163,0.0065421966171977965,0.007114498571465256
Tcf19,0.0034840705965102246,0.0013965377388426463,0.005535235657921467,0.002669423611472866,0.000581890714755263,0.001294706909644255,0.004240528553027084
Prrx1,0.31712787791752883,0.3291422042143277,0.2917859330261799,0.004560395446235808,0.30459399528228975,0.012353476124969348,0.01184115344102688
Nabp1,0.0105956271697574,0.008569003427819542,0.011058134783324907,0.0016650271831095366,0.009014692485236042,0.00032795989799329133,0.0020602608542398763
Itgb3,0.03580582526863957,0.15855267364705708,0.0910437679424001,0.0026854368951479677,0.030758198020687532,0.12780690389848595,0.12763284801664934
Dpyd,2.2201508433491197,0.8701299529489549,0.9886609106895079,2.5665687994177078,0.35126757084227894,1.2177275569300055,1.3424624870717743
Cd44,0.09789687837228098,0.03712865510896928,0.10454718354755844,0.05353095771532349,0.04413436775425991,0.006968017179927331,0.06096745719744087
Pura,0.0378438528421449,0.02780101631446478,0.029137913275924042,0.018660183972247953,0.01899843571069286,0.008697884705177615,0.010034782207104619
Atf6,0.002821145906353666,0.008282489609264176,0.00599596320603187,0.008743085261990054,0.01179452837374635,0.003347540445214742,0.005551817757808921
Col12a1,0.052614676988258315,0.17163536031276813,0.21882152992526915,0.2861981279050304,0.3384742327538609,0.1669178673052905,0.12046527444845602
Hoxc10,0.011993324630502556,0.006186720463851773,0.008956763358553011,0.008275175838836914,0.0033904626419915354,0.0025865384045882737,0.00553571668374413
Rasgrp1,0.19087247472131852,0.17758381329017722,0.11712600881884387,0.08422431580360329,0.10605839515635587,0.07235360663631389,0.008934403006780785
Slit3,0.1815628124579465,0.022828727225533193,0.25934177902359973,0.08424296594618837,0.09851091760003572,0.07585588824154302,0.1634487208081602
Slit2,0.9317912399414211,0.9308415402945573,0.9940964233734114,0.06338156281362861,0.9912049208039196,0.05510797743277099,0.0051287777848893126
Nfkb1,0.10596956986388255,0.06663216114383903,0.04392370317778166,0.10158689562296244,0.00450872454147426,0.062191311092470364,0.03925983880377962
Gpx3,0.001467924480367165,0.0005697864695362976,0.0023274328961983863,0.0012264895521254373,0.00028006453944379926,0.0008401936021289728,0.002057025763605711
Cd2,0.018761391258348463,0.00141944732570434,0.017280228292342867,0.018761391258348463,0.0,0.00141944732570434,0.017280228292342867
Smad3,0.12105550811711693,0.013709984923617358,0.08703314185454471,0.14056654043781366,0.02188022985404341,0.030851820880041746,0.10913984069725463
Scg2,0.01356468429485571,0.008130963936925285,0.001961631858368053,0.021038501100945902,0.007385543998590104,0.015545932094979684,0.005453336464239952
Eln,0.05429106203083092,0.02041781985220034,0.06657304685712445,0.015854450435035056,0.0326737276868388,0.013872644568145052,0.02915341343647116
Adcy2,0.40038931891320134,0.24040723576288356,0.2595217355253368,0.30206518864795573,0.0974959661876888,0.1412415850193175,0.16150482488772555
Matn2,0.12766789152525115,0.12113516394016328,0.1141947334262317,0.01964558955466051,0.1078421523151418,0.012714641036898466,0.006997319309497903
Tfrc,0.002552182936358792,3.06261948937573e-05,0.0009494120708230733,0.005563758633413549,0.0034505513861349917,0.0034199251792520475,0.0018886153489271324
Rbpj,0.04789687208290925,0.049726381004527705,0.0036829047388263767,0.03948016742529158,0.006424782156497008,0.04227936601938356,0.003921744363030035
Lcp2,0.015498639081803161,0.01924935296284782,0.0041243480946003405,0.030429642050647184,0.017963188210490248,0.0384340377000788,0.0059278521711828265
Mapk10,1.2262888586356662,0.831016108077222,0.4402360019374653,1.1727522009491795,0.04833274254440016,0.7741849554496361,0.3959466173860657
Pde4b,0.5310784691402578,0.46497006978273175,0.24957306503441812,0.3423134418894018,0.18531816442548912,0.27509943266964415,0.06503532644664535
Itpr2,0.12304031657640567,0.07124666748258525,0.14631554630847843,0.02598801109649257,0.09498542055502861,0.02596521535150792,0.05159608206101031
Lef1,0.5598324842800978,0.3341141912659907,0.46852861950569424,0.322817041052311,0.2392299716097688,0.09906942185380013,0.22727920578583535
Hif1a,0.016212208008975423,0.013929528594437855,0.012105114810478462,0.006061204112691233,0.00965815288654181,0.00416329491109802,0.0018417067636702505
Hes1,0.04049091250870325,0.013957706427098865,0.03742293125580542,0.04185374579158876,0.0003294044598973098,0.014248357319137619,0.03666078018190829
Fbln5,0.33981037403307257,0.32046734658065296,0.23386862900727526,0.12787822662041798,0.21624992361708853,0.1053576961816458,0.020796202777303187
Nrp2,0.06550655246347925,0.00891283974312564,0.03285904513945575,0.09086301745509644,0.025285952780810233,0.03359238088613232,0.0578065383619835
Tpm1,0.006168264488143921,0.003891649512124914,0.007948694134228102,0.00047672706441916394,0.00580828688623664,0.0018582626102102624,0.002189052830166813
Abca1,0.5192234417597055,0.49648471637730746,0.3618644602522123,0.18267280944750974,0.3387998727807096,0.15786763998775596,0.025385352788447686
Stat2,0.0014692382218019183,0.0033554225987708773,0.0020350935515478278,0.007782991787476706,0.006681063329315539,0.0033256407305446607,0.004298514703979249
F2,0.0019384980724937641,0.0008436056789442569,0.0017829396545922958,0.0036376755638335167,0.0009931811746650052,0.00015555849820419023,0.003482117145932049
Il1b,0.0018576329371850814,0.0018917179426885802,0.002130313072709323,0.003459628333093918,0.0016360804014123361,0.000255637559575494,0.0037323085143662832
Klf6,0.021499494798287062,0.002924867251048015,0.02593841030553764,0.013839783569761887,0.007370665417219487,0.004741725943629165,0.018574628009084975
Wnt6,0.08380703743073842,0.03472863115366898,0.04532650099788833,0.09013250803610305,5.060374931852782e-05,0.03921067756623685,0.04780247031067292
Abi3bp,1.004238038657319,0.4688385383983734,0.96433827439843,0.5592823918832905,0.4354660477877524,0.03166538869204174,0.5192655039737017
Anxa1,0.14635175495450248,0.15358984948915685,0.0326822706848029,0.10698169327417043,0.042809492652955965,0.1105281348936941,0.006244484151726683
Satb1,0.1507512427249936,0.17271680327856687,0.0011636030452250772,0.1285066908127798,0.022278575025874665,0.15049266386458318,0.021815856570188388
Camk4,0.806104604992364,0.618570480289675,0.5277473617755339,0.4660891174961638,0.34057571038817047,0.2771379410741647,0.18717163295776643
Ccnd2,1.0980949304080112,0.7899899130601854,0.7387109509424677,0.660468868334839,0.43052743575251,0.3557366459905237,0.30325171224651876
Preb,0.014587473278085558,0.0028264725176119845,0.009766899891019618,0.015617459148632485,0.001275505627920357,0.0039043645862244752,0.010940604556696874
Edil3,0.48147371039698816,0.3028338914221302,0.13365840957157352,0.5174280257354013,0.042126701095179846,0.34089708955922066,0.17563079840696996
Hgf,0.1504543211988992,0.16221487787141206,0.2799903780068729,0.13781199754744694,0.28888250274486316,0.1289942393520697,0.005248159587058505
Tcf7l2,3.2681144672405793,2.4215550262502314,2.4920889979407153,1.558485298823934,1.67157070562147,0.7293520244611365,0.8042478984336802
Arid4a,0.01208986070949395,0.004350458366957224,0.00849600420583467,0.011144109206782066,0.0008905829790896976,0.0032313186590146783,0.007676352242355934
Aqp9,0.06816898137724745,0.04335048727927696,0.025425576533401953,0.0676577573359922,0.0003354929936852036,0.04292712789338823,0.025002217147513214
P2rx7,0.09151759511305335,0.32565847580253326,0.0879662092744109,0.24933659280984904,0.33175788818242485,0.015050499322930936,0.24413494459586899
Fbn1,0.17576166153412962,0.10366495633669134,0.02062540627750149,0.26872968612492554,0.09446651654543772,0.19565703822831165,0.07409470220584348
Sla,0.1729547510300871,0.17178438827552972,0.19053528982332402,0.3573205411611604,0.18489246010277935,0.35756298851323765,0.005107803797707531
Csf1,0.03888626776506453,0.03205558290267315,0.03394419988886091,0.012428677528304266,0.026480208908704294,0.005705430408972728,0.007198228605004052
Ets2,0.0427013786994673,0.012226058905420332,0.07339417659366537,0.0004916899267326166,0.042918855847789025,0.030494230422789283,0.029879618331649968
Snai2,0.0007116317508166705,0.006881999821785604,0.004660320448121847,0.012835407356760179,0.012227916411624006,0.005363273740225144,0.00743741978168154
Smad1,0.1362439792847455,0.14044511697059087,0.043717233543413905,0.08910643198529164,0.04729880453920975,0.09319722984980436,0.003607032410426943
Foxc2,0.00408721341977811,0.006454175504722923,0.0033046930111268152,0.0013774943716659547,0.005600517050703484,0.0008989282533992865,0.0021988173142198403
Tgfb1,0.0,0.0,0.0,0.0,0.0,0.0,0.0
Fn1,0.06094027292633228,0.0846021234680499,0.11785264639546286,0.08411290515417899,0.1420363327236093,0.058714328777447776,0.02560241560810356
Lyn,0.6162333862644843,0.4707978132277541,0.5489564698304237,0.18439185410822023,0.4093397212502448,0.04361485155289615,0.13481753617682934
Meis2,1.7645736005618813,1.4618125653779486,0.9752961978275823,1.0610350496766923,0.6809720106622396,0.7661392190204902,0.28611614997869167
Marco,0.0010147353480912033,0.011057116059957066,0.0011080443369797818,0.006543293190213914,0.01082384358773562,0.00017495436668980635,0.006426657267196228
