,Gli2_Gli1_Gli3,Gli2_Gli1,Gli1_Gli3,Gli1,Gli2_Gli3,Gli2,Gli3
Col11a1,1.2834502268949217,1.42369011360642,3.0080030901193933,0.3185772710240224,0.9476694377166266,1.754843522817076,2.697999173888396
Fmod,0.3656113453266208,0.3549265688222789,0.0517902474564624,0.042081923739900495,0.32730386181186205,0.31360516866572646,0.011792703238059088
Slc7a1,0.1171600207282482,0.09089718838551278,0.14321142777691664,0.11896232133679464,0.0012790510264632765,0.02625225894987516,0.02619411947685647
Pitx2,0.47903948895924137,1.0243254739577485,0.6508514105935458,0.11155797388448487,0.5613525426256588,1.1235525062404665,0.5587756643997008
Itga2,0.8028163960604691,0.8118439042270165,0.7903477413333221,0.7970745992160654,0.011379929170414646,0.022571920872069103,0.018404896966746992
Tgfb2,1.2089594027165886,1.022649965601669,1.0551683634723983,0.854251475155561,0.34552020933756517,0.16785653879775086,0.19170332060397527
Mybl2,0.04974413737662283,0.030288937443073215,0.03000440138323732,0.010933324772436075,0.0397426718401219,0.019810871798494938,0.020002933459869122
Col4a2,3.2261727898885746,2.7302757668418547,2.515043830889678,2.017153780520751,1.2172305048361192,0.7145427932167632,0.5036287554858171
C3ar1,0.08989579946741286,0.08317188678300473,0.011206522510887544,0.007712314937925869,0.07806282450558559,0.07440852445857501,4.8724010591952e-05
Sgms2,1.2559556362646354,0.5186534461699084,1.4368931282696673,0.7065916306150742,0.5723687871586755,0.1906086555896065,0.763482850351071
Timp3,0.04219233709369406,0.11645493486411133,0.15679762261245073,0.21281133481382497,0.18629002217316573,0.10263355486951381,0.06572799980061378
Lgals3,1.465334604967697,0.5476528597806488,2.2055196380288606,1.308641393978815,0.12519478979553328,0.7701543690388576,0.8644624332947777
Nrp1,8.928076110033716,7.209059530541455,6.616940508185707,4.865779464560871,4.011717264142553,2.3232171638785846,1.7110667462652083
Comp,0.3654065839802661,0.37042964629884717,0.029275976354595886,0.021323338204013494,0.4001401207823826,0.4037609414688684,0.0037788195482363895
Xbp1,0.08922351969486945,0.04510384968866841,0.048522572479824895,0.004053260103345428,0.08327312765548905,0.04146497938396934,0.0425721804404445
Sgcd,16.543870242323262,15.616127524165236,11.015174927262258,10.029119087776152,6.530240726681036,5.61697485728456,0.947585514616337
Cd38,0.5197095216037704,0.031101874073500298,0.5614940119182349,0.07404389225425716,0.4250412992203143,0.05131610843822473,0.47606638326697415
Nkx6-1,0.07681517602457964,0.05905918033628358,0.10444897450375076,0.08742506947856246,0.013560118938499559,0.027142091176405887,0.014882258218269013
E2f1,0.2263606080330259,0.17548943041585885,0.05638302039308946,0.007055508688877303,0.22731994629812705,0.17461729806946436,0.05186540117612399
Hey2,0.41960039950877276,0.17402095093875114,0.3653399856070612,0.12316710429103687,0.29534198356160485,0.05040508716598601,0.24054099598752685
Il15,1.0722118329416432,1.2347208641246268,1.5669352791119675,1.7601819385903466,0.6697583635568158,0.5189629739428555,0.1754054409440724
Ereg,0.10151572324857579,0.07910159782711802,0.02818647764368053,0.007673345345303586,0.0926074236161361,0.06885197117325795,0.01782121748337635
Lyar,0.1008191299078957,0.08141030854906794,0.0683283959313818,0.049903636713675224,0.05081542312539782,0.0322627901718589,0.01866938634187765
Sntb1,2.95087294320107,1.9348037772336835,0.10640046766001304,0.9331188873600833,3.873105303566117,2.8693860483225926,1.047942846264735
Tpm2,0.26125019106689457,0.2396513709987281,0.1742909847104588,0.15321576226534586,0.1042282039468643,0.08587171305813664,0.019252663888093387
Junb,0.033003777276236164,0.033223300415104726,0.02656233179250993,0.027841840973892428,0.010029083427547767,0.005902043702589375,0.0007714679689163924
Ptch1,0.30951110911153823,1.8118140547167503,0.5784624534103419,0.8484361902699845,0.5374166658465294,0.9736350688845055,1.4406084669102708
Msr1,0.04727376690531965,0.013512411618962583,0.010388108766371801,0.020390598803003666,0.07322042815321142,0.038097602718130494,0.03600424178701439
Fbn2,13.071504870274467,10.086655604708342,9.650390120336576,6.596976516943541,6.49977000399736,3.5277202670450225,3.0390022725538515
Sele,2.4981033668904793,2.2941231614889843,1.3808187164171204,1.186041653799663,1.2898035980553912,1.0946464809112486,0.14396431281377106
Lama1,0.45337393046189794,0.2454438034453522,0.9653810940451217,0.2411307324956436,0.22367783770179717,0.4663131433110238,0.7313607863188124
Nfya,0.05028443369548631,0.4308123483478654,0.14327432776627047,0.3298259527644812,0.3798199376929962,0.09915291651781269,0.4743800897783682
Hey1,0.001871824674727723,6.715066014319551e-05,0.0028287215352959627,0.0007806264262770249,0.000486842284629916,0.0019221876881423878,0.0016451911706917874
Vav3,6.7464513646792135,4.852101536824258,5.535999738205719,3.6202333598650274,3.1111436977290583,1.2253953279487186,1.9185899593876314
Has2,0.7139362356470643,0.574297445717265,0.733136564427727,0.5903032174283515,0.10292871571398146,0.03294465415004548,0.1399461653711922
E2f2,0.3424086656396812,0.19106344795411692,0.29315249575455316,0.1449865964281235,0.19393749998792123,0.04362326638214877,0.14701974173845808
Ccr7,0.00391073746021864,0.0031625964086549395,0.005282329514870523,0.0017003206547222935,0.004806239713291227,0.0012695727027833793,0.006438547821766121
Vcan,8.614703288541325,7.452923148373303,3.6740043381394236,2.5009153754210773,6.133544420686561,4.988568879750216,1.1584191441237432
Igfbp1,0.0,0.0,0.0,0.0,0.0,0.0,0.0
Atf4,0.006026476323276593,0.0036429330838837976,0.0008874895088566621,0.0009466554307359353,0.00879882453249554,0.006719563233775587,0.0019355723760485226
Egfr,1.904274928376062,1.0957883191109707,3.048536940949509,2.227840493934707,0.3380954850128422,1.1075404447834714,0.7722227535523257
Arid4b,0.17017292803346495,0.1056238543700803,0.06118365823552017,0.004525542040163099,0.18143974978438684,0.11676525794717671,0.06657668354719594
Prkcb,1.1205445242022438,0.6349975069416492,0.8959014575688224,0.42628664456267523,0.6769697797760542,0.21135082263342655,0.4503236150359441
Postn,1.213221985777168,2.372455448992029,1.648511112335093,2.789894934620424,1.5865834355792892,0.42590658777989415,1.1431970052283875
Cap2,3.7970414345426424,2.7593157507400647,2.363634086853205,1.3340033381617111,2.463641975446471,1.4396500862186186,1.0073215675359917
Cdh1,0.6592534112059423,0.502663943232094,0.41311417776802617,0.2499295500431701,0.4170650312173927,0.2684664652579548,0.16489696087827896
Thbs1,0.4672087336666391,0.4544003008107823,0.20873876124272364,0.19341905900026954,0.26846246449422656,0.2599305018501873,0.013974758618914658
Lama2,18.6751781079254,15.901356411093786,14.848189780876389,12.053608858520363,6.582358828471705,3.781697083726409,2.7998230207315222
Klf10,0.02223071940048076,0.01983664087253125,0.019775385824381778,0.01850943377482196,0.003833586547266163,0.0024349145415822953,0.0008371613684720049
Slc1a2,5.785681045771048,7.201366868899896,6.20207641792227,7.543032978620705,1.8491958939476072,0.39334235585622385,1.4091570562564821
Vcam1,0.15343113676703138,0.04260918121060963,0.2380210695411152,0.13376902195661072,0.026355801983310695,0.08034330057954256,0.10186212736645751
Sell,0.1215345157882621,0.014444676451960282,0.16006300962560013,0.06599372058099504,0.07060282482709414,0.04309550604454906,0.10513254860557457
Mxd3,0.0034836538235599214,0.00399316786008518,0.001955111713984147,0.002002508447138386,0.0026068157511761666,0.0024527765970402387,0.00045026818966104385
Unc5c,9.883721691904835,9.227147582129927,5.142408683727926,4.426919538500771,5.5195941112521325,4.852895822053688,0.7167814451632547
Vip,0.1487398601434701,0.04091895313231766,0.10028882727979536,0.08399603195884893,0.24763979271889117,0.04784205498415623,0.20017167313045925
Igfbp2,0.6299067210115314,0.5123238367123225,0.7767747137923504,0.6588932320827176,0.04884909651693255,0.15448789514338077,0.10054043663539555
Ecm1,0.02214541519542716,0.014772325467304968,0.012305913944157115,0.002727869001840468,0.019295532742521448,0.011983450178584086,0.009621620945069747
Thy1,0.0035102600342063906,0.005302611271261691,0.009837890099153649,0.00029204445862387877,0.005611834860897521,0.003498807203340492,0.009425592261451623
Smad2,0.12538807507315594,0.08170054554903625,0.11953516351074081,0.08264744130243824,0.21495882207317152,0.008906299689521523,0.20114651578406134
Adgre1,0.05370916832274462,0.07269332774486433,0.04834690021638163,0.07618168782469965,0.12628718552624701,0.006191113335939514,0.1351089710831166
Il2rb,0.1989605693305206,0.14462151103725365,0.13892060262706687,0.08149054314740954,0.10924940618328732,0.059131911655738015,0.056449836947588865
Pmp22,0.10937123856699572,0.3188913559983481,0.0046922435177307875,0.19816145498904839,0.09398793141325477,0.11900368957046323,0.20548593798276707
Shh,0.002711083899318861,0.0003259226601043404,7.407333328799801e-05,0.0017110940003446278,0.004029589483575513,0.0012296173528623543,0.0016888720220316893
Il18r1,0.18803973540235894,0.1600198915440196,0.3739102822868233,0.03894283741098731,0.23780288503878322,0.12703271582215006,0.4303543059824717
Olr1,0.05432670278593322,0.007901034451014238,0.14503868380060814,0.08746647644680529,0.047187410649539456,0.10809830808621776,0.05874723062516565
Ctcf,0.008820648701121916,0.2714386765232798,0.17382429607157693,0.08760725460777094,0.08703199552181727,0.17447146304594438,0.2598256219128548
Dapp1,0.46268564592559824,0.5832828838628861,0.07121277408209535,0.19590020952898954,0.27837567829197946,0.3964281154931682,0.12293210950743073
Slc7a5,0.08132475939140552,0.07266688841162272,0.06923665624394677,0.061184504233891206,0.020146839904619032,0.013536569448823576,0.007729539167558595
Tgfbr3,8.990016170561557,6.050567167000266,7.688053761522783,4.748715541507473,4.1944612760648665,1.2872179095493614,2.906328675716392
Foxn3,6.124815186068343,4.592383388389325,3.246409648162803,1.6865808661527089,4.450704839532636,2.9203197009190394,1.552106255048834
Eng,0.28049102074470106,0.05035631043877641,0.20481529639176252,0.4431514475328191,0.7059771629308226,0.4814218718794362,0.22580003591453285
Aplnr,0.03009817714707251,0.03526120640304443,0.003825220359395498,0.004089730284401105,0.0268375838348833,0.03170049760720471,0.0006765349716104115
Zbtb17,0.05721418521166804,0.05673394338741515,0.0036225770515000556,0.004642353151914479,0.05646121390462397,0.05553037061328582,0.0007055428363142061
Cdkn1c,0.015641503848104615,0.014318876662182723,0.01030991989547269,0.008379377081174057,0.0071224706154762165,0.005323368965973493,0.0023166513220279185
Heyl,1.4617645442176483,1.051391603479562,0.7934949256388548,0.3984460772836232,1.0433339537828745,0.6467494035832121,0.38197184812822926
Cxcl12,0.1393418141552377,0.14416538130492476,0.412817376595377,0.12337684138057015,0.016602875046712103,0.2693073648478963,0.2918086355491108
Atf1,0.3443220881983411,0.12462206061288339,0.20591930919618562,0.015730740718271,0.3630798572170577,0.14410598203627112,0.2206220077197668
Ccl22,0.4097842595090119,0.3004296786366248,0.35227382701173493,0.25821769831338354,0.158869940605541,0.03524294464113584,0.11616799096549635
Tnc,0.14252747525242127,0.8263617541700112,0.6535166233461562,0.31869397089385504,0.4657916787285196,0.5020080860618661,0.9727685665002108
Prkca,4.414244386621974,3.381396933503943,2.4083509377223598,1.3197897760788084,3.0961029565694487,2.095628682022838,1.0540780282568074
Atf5,0.01999526826504171,0.004801468519940448,0.025447782882615642,0.0008056701738795177,0.017098111164477844,0.006884817725393729,0.023014497464652412
Spp1,0.17626280942995634,0.0760473173857346,0.16712521074090878,0.07235252295100517,0.11529867967868358,0.010166535340208761,0.10194596464213634
Smad6,0.013371610418218223,0.22006945631231106,0.09192343601840204,0.10582309616715697,0.1077308942271585,0.10564423987576511,0.2043727126770916
Ntm,10.936538186897318,4.0216597318361735,8.114836200918212,1.2414553666345742,9.757959466124962,2.857144784347144,6.864551612361646
Trp53,0.035954939829592664,0.02449312499416939,0.0210581679872187,0.008932681488507753,0.028466195543215896,0.01608958858903412,0.012690506018846342
Cav1,0.5861530363965238,0.08542142499145886,0.2877917644345246,0.20963201132112777,0.8031112723955597,0.27819139434741363,0.5090269431741126
Cdh6,10.90763059869508,9.917991299197874,6.0817906213357285,5.071161402465563,5.768251041196476,4.754211235549484,1.005381482247066
Ifitm1,0.0043414389687009254,0.037678620094343925,0.02268956535506783,0.010425791749016191,0.010584238845823931,0.02385414811398808,0.03305197805269739
Vegfc,2.5378742173382376,1.9889313234041468,2.310523537697525,1.723457138749938,0.8063729698604962,0.23899733906593712,0.6038028123295541
Slc2a1,0.024209924131556006,0.13042138013425217,0.05916376574860648,0.05279185658942255,0.02573207241959028,0.08037383769883055,0.1091724260957921
Krt18,0.12478985516022932,0.08474349084375013,0.10091706130449891,0.06086491600572788,0.06436456088602599,0.020309514692514782,0.045171462102501184
Meis1,4.9558080153859265,4.254418074695723,1.998860864969042,1.3064871588035412,3.6488717540566524,2.9281009600781096,0.7273164935722083
Wnt2,0.5616044804644388,0.6619659845934555,0.42679649476434395,0.5147786834872612,0.02913967577072996,0.13545701943389343,0.09363256388149177
Fbln2,0.0160249819918156,0.09225480969213315,0.2441808797542651,0.3254174109154364,0.3158931253793356,0.2376712866288261,0.08225920207778939
Tfdp1,0.11894941897388571,0.029363103549992053,0.1194640144466762,0.028084413116859924,0.09714930608470089,0.005418841505808299,0.0946231090571006
Egr3,2.9426680177807225,1.8444210660404057,2.019409627700242,0.8944939797133665,2.2159171696504045,1.038507518954111,1.1777419408925196
Ly6e,0.003830153930448999,0.0026291229422581172,0.00013743142197037648,0.001499795132058621,0.0035015137130395622,0.0029936149692100606,0.000776786332962494
E2f8,0.3451880030483676,0.35784502671923646,0.011853714251302565,0.0016262120364236802,0.35706128896615585,0.36499644265074394,0.006064007534401296
Jun,0.07857592607082335,0.05953625557208077,0.05077245236233997,0.03105389686615337,0.04674028033382387,0.02811205842576891,0.018473931275142377
Col3a1,4.920280517016602,4.171549261271793,4.794034539649422,4.012027287255436,0.8385717364733798,0.12141340315532902,0.7488233946798211
Nrcam,17.844016312294652,12.130281888513954,10.8414212595158,5.002840976166237,12.719228193292977,7.005939330326305,5.8152273797821525
Ros1,0.378425505891189,0.01718286300425545,0.3254994082519145,0.06590491116095236,0.4220132688913386,0.07563679849519027,0.34969495380187043
Spock1,1.7486125749703645,0.9274622879957404,2.106936625067928,1.245191787920252,0.5187855741611869,0.2976452352115554,0.8589769227252183
Ssrp1,0.05498586103402475,0.0221737859845299,0.0350871311997448,0.0019466148867794096,0.0543449990487291,0.020996203195334812,0.03350100054130244
Slamf1,0.9191271282372798,0.574408798523119,0.5454650166835571,0.20161016218187183,0.6884984308251424,0.37796299461994004,0.35762097891281286
Atf3,0.17936123075673527,0.05729266659245597,0.08742821655360411,0.025191753692012764,0.20331703719442926,0.07171882869401609,0.12435811064380928
Cxcr6,0.02653702538832341,0.006042276528881335,0.018892320213612295,0.004021379969540555,0.031415754608006906,0.009828905831260197,0.022995352505736935
Id3,0.0018887092574678731,0.000202620147435468,0.0026919534914202612,0.0009407364508391945,0.0013676860558930178,0.0007887713038404284,0.0020913294049033416
Col1a2,1.0352515965580609,0.6766703141440775,0.7087405268399891,0.3685418763736243,0.697413806080466,0.3123858962639267,0.3721627109666411
Myc,0.0022153052437973546,9.706234376833787e-05,0.003494244513598264,0.001507321122158633,0.0009021088551547642,0.0013931301001894236,0.0020383092038086395
Fap,2.3045736867671063,3.8606329646865016,2.5196307154403725,4.0543867404480585,1.7397364802756554,0.16943528808718533,1.5525285919588117
Lamp3,0.0,0.0,0.0,0.0,0.0,0.0,0.0
Clu,0.05799357702913103,0.0751700428225503,0.01918549930550238,0.0346673234959207,0.022559448090522637,0.04355461130775507,0.0188864449049728
Cdkn1a,0.008552620228884169,0.003632908506829178,0.010713880857100927,0.006000341988452928,0.0016138360665373652,0.0022181358652183813,0.0037395496477728865
Plg,0.15169458200228556,0.08306698018982468,0.139872203320396,0.051740514126412236,0.09569350004348001,0.029238504270532487,0.08472464560239558
Col5a2,0.6358101559337006,1.3995916606346128,0.6615263345152069,1.3978854073374312,0.7494486907376282,0.022839830570857207,0.7493999640121541
Cebpb,0.0629745132782802,0.060279346009324566,0.043053375330089655,0.03965746434382659,0.03628465506001802,0.03165666740123852,0.005629049787248741
Gli1,0.0,0.0,0.0,0.0,0.07119425082530766,0.1131378714729487,0.03829873386759002
Acta2,1.5262113617934079,0.926380561772997,0.9459801888729256,0.3441062301315951,1.1790709773306265,0.5859324355285309,0.6034154618550641
Irf7,0.018429189183688036,0.0023218759446023388,0.009702524653415343,0.024946146281402345,0.03978596174778866,0.029107573960246023,0.011160707782525129
Gpx1,0.0019100971666306294,0.0011806919354372955,0.0014378203290677965,5.772271520021073e-05,0.0016477211692393942,0.0010652464839075691,0.0013223749479690863
Ncor2,0.3935620629146029,0.3604664900376045,0.23346902273873424,0.18946764044640152,0.18452144726032615,0.15907960444411934,0.032566167855891906
Nedd9,0.9658095671051901,0.6489575022111715,0.8784255762962415,0.5711471302704743,0.4067245900828184,0.08177348519288219,0.3133382930065129
Col6a2,1.6981168183022255,1.3833647942765113,1.3042050899532611,1.0010655712819503,0.6806189222932689,0.3830711204369222,0.2852149970208149
Khsrp,0.11736001552269736,0.1371906152871096,0.047862679260589513,0.023882769503263908,0.142699890000996,0.16371700804012956,0.025173354481627074
Prf1,0.010733601094791273,0.012783201892042228,0.05832217528923591,0.08442462768439314,0.1012439677238501,0.07715327453650427,0.017380613893934325
Rela,0.031289110059932276,0.007797228203087834,0.047111289539490245,0.0071778222014859516,0.026862180225330184,0.01390019917314034,0.040443566362188856
Lox,0.08618912644578686,0.017125751396820814,0.04471177782817558,0.05759049955672846,0.14733848215574297,0.04394495350803043,0.10228261344659094
Col1a1,0.6869687289796677,0.534248032095721,0.48283807007930546,0.3257270585227098,0.371217918550084,0.20243527085828586,0.1700076143420585
Hmox1,0.0020824099097734336,0.009153574523265607,0.002291215256106502,0.009176147828563463,0.0073138296905392395,0.0003273164640760109,0.006935723418308296
Ncl,0.09328292994542145,0.05006341101618523,0.19732054808371666,0.15232021167448695,0.0584436856661285,0.10392413384582358,0.04626609920273209
Col4a1,2.6840152486136244,2.72145978798695,1.9991841838175717,2.025589855411335,0.6810369837735584,0.7020852331993205,0.007912162298320995
Col6a3,1.2080948934019857,1.1266286123870906,1.8565538797104375,1.7772131348218156,0.5686660212159058,0.6270823501084772,0.05585354793053615
Mylk,2.352068719747146,1.7443555176184666,1.9070743831401087,1.2836197525583082,1.033720907864389,0.4415740482924072,0.5962473908288899
Il7r,0.2593067826029137,0.20282532031796174,0.10299560494936755,0.04122607362713736,0.2049822963378438,0.15296264813987806,0.06026486479116364
Smarcc1,0.2653137575244066,0.13351946630267822,0.1440023483006621,0.015317762614050573,0.2610173148920386,0.12545401769945438,0.1327502770839924
Tacr1,0.9339376979870669,0.0802174942399724,0.2621588440704917,0.7796437010887722,1.686455032235348,0.689552725409997,1.0164868878518025
Slit1,0.5045453617004916,0.7236181310702173,0.5057172617464444,0.2869048842676613,0.8100786374990757,1.0241464079867642,0.2181857340546695
Gp1ba,0.018732664592762984,0.0069706238898308214,0.04736759047223801,0.031523972413498746,0.016617343048135374,0.025270286585135804,0.0124718801602264
Tcf7,0.4191202999003974,0.214279614606861,0.3957766280041619,0.19347158838797562,0.2416544821509332,0.019276263901209033,0.22083612443045209
Plcb1,15.151903029825778,13.598751044207663,9.085658219653396,7.467538901424516,7.719910223649805,6.186964158963729,1.5846339688270028
E2f3,0.3485939949349441,0.1909900446888772,0.18928280084633128,0.035211914197928636,0.3119356720767888,0.15429220536690333,0.15485337893480217
Lta,1.9097350238716744,1.3991285788284817,1.458390462617919,0.9585050946140887,0.8797581210380656,0.391800657320334,0.4971050122340741
Slc4a4,2.4649427703249205,2.7032074352805004,1.848266248142265,2.0723015949170023,0.38728145903328964,0.6253212639085765,0.22842690591253226
Lama3,0.5680143610402216,0.3386739892020716,0.7461871925069496,0.5120125844614696,0.04517361414957378,0.17993257832959425,0.23268457863220632
Cdh11,8.478053285538818,8.407050516133282,6.408576779022759,6.233624172797014,2.241786164500343,2.140391337758384,0.18283665052034545
Stab1,0.2141740741982982,0.1758831811961456,0.12149340942263946,0.09074919218808024,0.13092674578040958,0.09494068072811512,0.04213888859565066
Kcnmb2,27.163639230079923,22.34003899265097,15.450392645690558,10.561322934875998,16.706193471704857,11.702272891089814,5.027785916949112
Id2,0.11766850742404952,0.05784596581655434,0.04712616440265309,0.013444267235011525,0.13210996086803445,0.06951843946555149,0.06236893808927801
Ccl5,0.055384741760049434,0.03298749854741036,0.04791725488662371,0.018987264450936535,0.04398507333597708,0.015874940617294178,0.0324914074679018
Ddit3,0.007889727377124029,0.028167397893174028,0.01676120772253295,0.03785998088994312,0.03118405836970599,0.012138042579382113,0.019938519713887003
Smad7,0.19614957582800835,0.07339419453425355,0.31773998596651626,0.05758463233502752,0.14425968314403384,0.12481809990584944,0.26073099894927076
Emp1,0.03865156521491858,0.05294495605413926,0.0493803444548711,0.02494353922117868,0.05817829375552786,0.0775564966906851,0.026979211281660705
Id1,0.004502839434939321,0.002155703223053296,0.002871496508168088,0.00042448209008328676,0.00401177191129412,0.0017062515604743505,0.0023138437185286887
Gna14,0.017319729258942054,0.15265100039246238,0.4309766513870549,0.289906679014088,0.3280147009069168,0.45184559794450235,0.1341674055141934
Dcn,3.744397489989406,2.2744181712900087,4.090660518393105,2.5867185921982876,1.0889114289707398,0.3356573237821838,1.4554238674351672
Ppard,0.696281891370424,0.3184086301543954,0.28371181212959223,0.09502740120003052,0.7906619689285216,0.41615158033827604,0.374653286980336
Adam12,3.0739792829623163,1.613287276398927,2.6049748355397764,1.1267797889796247,1.9354331355509033,0.5216600114212533,1.4075246318668906
Mep1a,0.2931765976565344,0.02268113852188241,0.295147212251133,0.009064827135153422,0.302864389093009,0.007596401531203921,0.30496214726892057
Msx1,0.025852735642728553,0.016742773526278776,0.02283152251252768,0.013139963622396887,0.013644357464869292,0.003309438627128877,0.010787843138338513
Myl9,0.4132635647375177,0.26662486522552176,0.28614722921185765,0.1359862462923112,0.27776217879676446,0.13108070171106945,0.15287044457717933
Calcrl,7.565071741424542,7.62932890046132,5.9311751654247225,5.967993952108682,1.6859923305318745,1.6803304419429133,0.0071694457832679696
Hmgb2,0.07779508344431511,0.13794691067716566,0.10058330170007296,0.11571973367899005,0.1826519214617142,0.029365645281861665,0.2115520100668871
Cxcl10,1.5643218073801424,1.1136390213816676,1.308750047352786,0.8605805381886442,0.6581420249102895,0.22684583060460922,0.4095555451664493
E2f4,0.040928129225257376,0.01815226535089895,0.028376965712014576,0.004955949699485775,0.03585487906246876,0.01291283935410003,0.0235676426166455
Irf1,0.09954687338741322,0.06888029080284218,0.040604197845731146,0.0071942398009653035,0.09419673117230125,0.0661824510684601,0.03389943959614315
Tgif1,0.056323674287628314,0.03572316832478263,0.03884290394493114,0.01890149579004422,0.0377370823890444,0.01751006380795439,0.020029287076278973
Ahr,0.3430398165859473,0.8601684942082453,0.31026450326997557,0.8484338708987417,0.5217046945334414,0.006623929891873239,0.5360943021731557
Il18rap,0.04510020213478403,0.04784252771945373,0.04784883311440447,0.15411232409581127,0.18558916368294226,0.08982215503236685,0.10876625894148495
Ptpre,0.43469799844588825,0.36373938717482956,0.36558238985230573,0.29970296289979453,0.14489100212539505,0.07530683729529541,0.06634798318902835
Cxcl15,0.0851444432980067,0.08786852439000167,0.028771707508611615,0.03480521031373345,0.05311584250126516,0.05862404292649642,0.0026115164401923916
Sparc,0.5406965400658945,0.09614531925373596,0.6553892784915569,0.2002327287872518,0.34106621194503345,0.11099909812774406,0.4639229687794219
Dab2,1.9845503938730635,2.3530086098628287,1.541280238175415,1.9061556377776327,0.07620527971961459,0.44400947458804496,0.3655578652396623
Cebpg,0.010525890347742498,0.0009234979833167567,0.003962104181139972,0.013832609459835433,0.025430950465061653,0.015481003526904936,0.009691763669047369
Mxd1,0.02653732631819103,0.038771053633549345,0.07026826308133392,0.058317679564708055,0.08386888889573231,0.0953215308864815,0.012311836175429578
Mest,0.2713521148981551,1.2871507492073027,0.43702836323393346,0.5730539503312804,0.3221543680051811,0.6787846450737777,1.0031460658135947
Rara,0.08550058639650099,0.20034334781388977,0.04339042396590381,0.240801281320982,0.33289346943982406,0.04378834054216678,0.28734045349253867
Nfyb,0.016478341909680835,0.12966764553917412,0.07104629970079536,0.1827486744794324,0.1638260842107842,0.054547589745371994,0.1070481127225626
Tcf19,0.02086820350703012,0.013096455369426862,0.012324065129655051,0.0037799267522799834,0.016042474063049404,0.008769703713289041,0.008045160589532176
Prrx1,1.4722543420048357,2.992510968263875,2.8691777142449237,4.401380459193665,2.9200711221215743,1.4097966684298862,1.535693817047345
Nabp1,0.013266854727986083,0.03691776523440612,0.02173569574766759,0.0017655888619857968,0.011351639299817452,0.036249435180096386,0.026533709455972165
Itgb3,0.0759786520775574,0.6375135630139274,0.08853352877760685,0.6802578686786477,0.6084930324555515,0.04877641858182299,0.5907141728217538
Dpyd,17.748234838424082,16.728351409178106,12.83069758005017,11.647312601446068,6.2451630514977134,5.2340740740740745,1.174590563671241
Cd44,0.33446946636527664,0.17017922731303328,0.058084243005036756,0.4512166395012064,0.8137240400426882,0.2886057170444132,0.5352850393508921
Pura,0.1078315768468473,0.09004834676619615,0.03983988165965946,0.022005574503697372,0.08243791110400878,0.06525057452247833,0.016736155035512228
Atf6,0.28652366581412353,0.11380155042339272,0.2611783298201653,0.09340017239345993,0.19527894399035847,0.01795954280468463,0.17298589096429132
Col12a1,2.709053438067341,3.356930476696333,3.0255387017400546,3.6758187676282867,1.0004791446450036,0.3273864763176916,0.6844467310940918
Hoxc10,0.35596163160888955,0.3294260811363293,0.1171252509509068,0.09202227858105366,0.25741867251276507,0.23138535398419194,0.024798344883615493
Rasgrp1,0.5716001091155201,0.7398774279595001,0.5373212776059483,0.7080991551500219,0.11630505581831471,0.04826292386647505,0.16318734228154827
Slit3,12.727785602609027,8.36463242869558,9.846906068613034,5.459016944003257,7.261180696422611,3.0104713464783606,4.26145092005204
Slit2,16.638621249529834,15.243401190213815,8.430111143675113,6.705356160638634,9.974945780174977,8.550967780648143,1.712923728247466
Nfkb1,0.01755706199163182,0.17792464112495066,0.03220838130367287,0.22077515611915718,0.25244407551479364,0.056484208304784254,0.19083496879879527
Gpx3,0.039533740179270735,0.006062519367519371,0.04480023532270566,0.002496331416286353,0.040953847577948406,0.005170972433131389,0.045978350601685335
Cd2,0.1335743982126038,0.1273376456995137,0.1102611940403409,0.10496702357276029,0.03588620665632573,0.026198555106368704,0.011824172727352977
Smad3,0.42969511603933974,0.34387641102499195,0.25321797222875037,0.1757886131293211,0.26801797808305,0.17939168780298734,0.08281724822460233
Scg2,0.024161731819874407,0.022368811882864183,0.020451707308281913,0.020257667835445484,0.001102141288842337,0.0023827984759986773,0.00034150858671415325
Eln,3.1852363099447336,3.7745433715524372,2.702403327464227,3.2664826070582924,0.10167958922646418,0.4822335763877488,0.5666825138292155
Adcy2,10.7836189185298,7.706113481179624,6.278904449895633,3.2082511959980664,7.522899551490461,4.485038870279304,3.0298338494687465
Matn2,1.098232816486256,1.2984125334492744,1.6191608900116463,1.8200126207144143,0.7470686863761488,0.5295496940952221,0.22132097605517756
Tfrc,0.05041268645641452,0.01923679836386554,0.04205934013635314,0.011170308436363536,0.039948053216105624,0.008026328877494802,0.030975088617757423
Rbpj,0.3455448822474648,0.05103865331760227,0.16817250733772032,0.12924055896483472,0.473507166875437,0.1829709521441547,0.29338159125348484
Lcp2,1.3913030369059713,1.435153160668008,0.6894031392651752,0.826011817358833,0.7066233468339657,0.7677308928862475,0.13482339480626254
Mapk10,15.379346225083687,13.620356885576811,11.128937275580647,9.258639384606171,5.953406019347759,4.178349569988896,1.8208679509166967
Pde4b,7.251533906448898,5.578483317913734,3.3365798327449023,1.609720207249982,5.705863159475218,3.966292583577155,1.7957146885965978
Itpr2,0.9498166046184371,0.9652469147055743,0.5079355701202809,0.5289968852750735,0.42458106650820815,0.43773478435727736,0.013373671632665429
Lef1,0.3929993170008802,0.9768422519412521,0.0025112515118168124,0.5967677946008669,0.2183752080982746,0.38776948412500545,0.6193460177131396
Hif1a,0.25972914955601395,0.08923894937184709,0.19553395829196804,0.027716111053904532,0.24375377214448968,0.07079090753670157,0.1707838719483505
Hes1,0.002948838870572705,0.003865855847458113,0.00015283616281423467,0.0008810554948703121,0.0022116290925962294,0.0029398483039857082,0.0005843735548289415
Fbln5,1.275166187702383,1.3801903287383068,0.8864393694852489,0.9810129432606224,0.3023630747505619,0.39639891797082105,0.0850373740103294
Nrp2,2.016848341039237,0.8429366703270682,1.6251511181173222,0.45095616920223824,1.5771114327167675,0.3738692416801828,1.1981282017541655
Tpm1,1.4585042236406787,0.6387447830993953,1.4840700793921362,0.6505902136668221,0.7691485421514583,0.01578892994070587,0.7944167850597629
Abca1,1.2317061538311203,0.43807442808964464,0.7616750455015291,0.030861331291823377,1.2566299363087983,0.46354589160463067,0.7942576552612515
Stat2,0.2459501196855796,0.11063238924082908,0.16599466555055079,0.024620821426158346,0.2251178247593039,0.08835289188330214,0.14197300892731338
F2,0.001588171072327272,0.004389127408195312,0.0018047398417049137,0.003775515894958661,0.001999651772901285,5.775167667859947e-05,0.0018913673882124638
Il1b,0.28528423839194206,0.283671137548436,0.2457826470840029,0.2406193330462633,0.05286273792421096,0.04674081507166033,0.008204434337837154
Klf6,0.19892314967286168,0.11550077944532158,0.11484626642671199,0.03193612699643718,0.17057975201027378,0.08473140103909015,0.08293859444224441
Wnt6,0.4622753733244071,0.6844569797979979,0.7485812068196723,0.9617855549679838,0.5206521616701566,0.29472594355342724,0.2184299149438706
Abi3bp,9.845676542533688,7.81970377040582,8.735835797271644,6.639125328976379,3.094115233404969,1.141048491234259,2.0058762259737004
Anxa1,0.30597162895339536,0.21058955989580827,0.02835540571496767,0.07789259113359281,0.39524255009711706,0.2858975407950103,0.11450671020966277
Satb1,0.5205672966365424,0.435596794049202,0.4157760286204225,0.33897330906327433,0.1934073195267105,0.10333730649875761,0.08180602743932433
Camk4,2.005007563548803,0.997863161732405,1.2541149384244938,0.24849343157139744,1.7256041478150506,0.7552965341498713,0.9704517256521392
Ccnd2,0.18064133391740447,0.14152699616150588,0.28280780293770286,0.03301765551805093,0.2254903075532983,0.0995743010643749,0.3201843711407633
Preb,0.1052206518750225,0.05932450244718057,0.1361270171134475,0.0917016418816291,0.017457864534751757,0.031138061073122357,0.048706737026664206
Edil3,13.602655140998863,13.014943628363202,8.115733016458321,7.558179586182866,6.0154829974839,5.427303970753049,0.5650931709296736
Hgf,0.8422813975952215,1.3246182682827425,0.5915651562972711,1.0528591895227863,0.20428878011703022,0.2637016287719994,0.45639596586604614
Tcf7l2,7.753887094472953,8.53592361735295,4.850009702164577,5.5946850455773305,2.112984348462555,2.9427654698073313,0.81613970075147
Arid4a,0.19467223187295857,0.09873065687993995,0.11808145054538408,0.0219671550370941,0.17457939519969295,0.07886170274191337,0.09812934135566745
Aqp9,0.06817239423392507,0.037834181128044084,0.05930635798687549,0.026424871714791975,0.04689706163591266,0.01341715765092524,0.036590101642365175
P2rx7,0.3205528475331812,0.32171954966407756,0.22105896355185678,0.2162888148726573,0.12663059060876145,0.12420860340740054,0.006933706204938583
Fbn1,7.428020016532047,6.36786508518752,5.504501028905051,4.437565813991162,2.9611937683126555,1.9087062113750421,1.0511575769753658
Sla,0.1846026554529387,0.0033304080766753236,0.06661221607192055,0.10821395538189293,0.2772787669609238,0.11201434558336129,0.16914988292955369
Csf1,0.39182198921660316,0.1212504079864925,0.31317466843251596,0.04360852479930204,0.3474067750864618,0.0769988592069998,0.26976490562958594
Ets2,0.3462239235127406,0.3224861737137747,0.22840710886313378,0.21044877792117836,0.1500213693431672,0.12103455880155306,0.026155545233716618
Snai2,0.363539722980105,0.2719106056047364,0.2712947362515481,0.17394021907390975,0.1845926502404734,0.09185722209665609,0.09679565774027954
Smad1,0.15551029636450345,0.0039012729211832776,0.15941887692238527,0.0011616149798658797,0.15982799181289745,0.0008693847945558817,0.16090193985028098
Foxc2,0.03460465839254863,0.013132945530409801,0.016595861903251772,0.006566473039252494,0.04123646766682346,0.019168546724511903,0.02357886426565165
Tgfb1,0.9312663365356928,0.49296201751977065,0.9595961083976973,0.5199388657325309,0.427418298328258,0.022324215355241015,0.45656265020903725
Fn1,0.003324182108922153,0.02261451151096181,0.023168543059543377,0.016797192925974033,0.04593415465989646,0.007756424779983705,0.004104861467818877
Lyn,0.6409375243798691,0.16339533714495172,0.32666520542245436,0.46373955179429643,1.134725478031184,0.3116077525197175,0.8166740843385579
Meis2,3.4266109763433286,2.0169260118792938,1.1325962550475082,0.24780254461789264,3.780250083491702,2.268381978246185,1.4697654229788135
Marco,0.054314918274345605,0.055242155987051345,0.026969363546887712,0.030455774843404202,0.020219074818940554,0.02139004301050799,0.003804322669837459
